caminho_relativo,split,classe,largura,altura,formato
train/glioma/0610.jpg,train,glioma,512,512,JPEG
train/glioma/0292.jpg,train,glioma,512,512,JPEG
train/glioma/0234.jpg,train,glioma,512,512,JPEG
train/glioma/1438.jpg,train,glioma,512,512,JPEG
train/glioma/0486.jpg,train,glioma,512,512,JPEG
train/glioma/0568.jpg,train,glioma,512,512,JPEG
train/glioma/1326.jpg,train,glioma,512,512,JPEG
train/glioma/0623.jpg,train,glioma,512,512,JPEG
train/glioma/aug_257_1490.jpg,train,glioma,512,512,JPEG
train/glioma/1432.jpg,train,glioma,512,512,JPEG
train/glioma/aug_230_0859.jpg,train,glioma,512,512,JPEG
train/glioma/1542.jpg,train,glioma,512,512,JPEG
train/glioma/0165.jpg,train,glioma,512,512,JPEG
train/glioma/aug_114_0150.jpg,train,glioma,512,512,JPEG
train/glioma/aug_177_1617.jpg,train,glioma,512,512,JPEG
train/glioma/0383.jpg,train,glioma,512,512,JPEG
train/glioma/1031.jpg,train,glioma,512,512,JPEG
train/glioma/0012.jpg,train,glioma,512,512,JPEG
train/glioma/0386.jpg,train,glioma,512,512,JPEG
train/glioma/0589.jpg,train,glioma,512,512,JPEG
train/glioma/1561.jpg,train,glioma,512,512,JPEG
train/glioma/0190.jpg,train,glioma,512,512,JPEG
train/glioma/0406.jpg,train,glioma,512,512,JPEG
train/glioma/0605.jpg,train,glioma,512,512,JPEG
train/glioma/0531.jpg,train,glioma,512,512,JPEG
train/glioma/0716.jpg,train,glioma,512,512,JPEG
train/glioma/1417.jpg,train,glioma,512,512,JPEG
train/glioma/0990.jpg,train,glioma,512,512,JPEG
train/glioma/1427.jpg,train,glioma,512,512,JPEG
train/glioma/0256.jpg,train,glioma,512,512,JPEG
train/glioma/1109.jpg,train,glioma,512,512,JPEG
train/glioma/0820.jpg,train,glioma,512,512,JPEG
train/glioma/1359.jpg,train,glioma,512,512,JPEG
train/glioma/0472.jpg,train,glioma,512,512,JPEG
train/glioma/1184.jpg,train,glioma,512,512,JPEG
train/glioma/aug_16_1034.jpg,train,glioma,512,512,JPEG
train/glioma/0530.jpg,train,glioma,512,512,JPEG
train/glioma/1336.jpg,train,glioma,512,512,JPEG
train/glioma/0599.jpg,train,glioma,512,512,JPEG
train/glioma/0351.jpg,train,glioma,512,512,JPEG
train/glioma/1545.jpg,train,glioma,512,512,JPEG
train/glioma/1059.jpg,train,glioma,512,512,JPEG
train/glioma/0242.jpg,train,glioma,512,512,JPEG
train/glioma/1592.jpg,train,glioma,512,512,JPEG
train/glioma/0761.jpg,train,glioma,512,512,JPEG
train/glioma/0423.jpg,train,glioma,512,512,JPEG
train/glioma/1188.jpg,train,glioma,512,512,JPEG
train/glioma/aug_131_1346.jpg,train,glioma,512,512,JPEG
train/glioma/1190.jpg,train,glioma,512,512,JPEG
train/glioma/aug_136_0166.jpg,train,glioma,512,512,JPEG
train/glioma/1220.jpg,train,glioma,512,512,JPEG
train/glioma/0646.jpg,train,glioma,512,512,JPEG
train/glioma/0196.jpg,train,glioma,512,512,JPEG
train/glioma/aug_178_1309.jpg,train,glioma,512,512,JPEG
train/glioma/0868.jpg,train,glioma,512,512,JPEG
train/glioma/1219.jpg,train,glioma,512,512,JPEG
train/glioma/0080.jpg,train,glioma,512,512,JPEG
train/glioma/0243.jpg,train,glioma,512,512,JPEG
train/glioma/1603.jpg,train,glioma,512,512,JPEG
train/glioma/1599.jpg,train,glioma,512,512,JPEG
train/glioma/0577.jpg,train,glioma,512,512,JPEG
train/glioma/1525.jpg,train,glioma,512,512,JPEG
train/glioma/0663.jpg,train,glioma,512,512,JPEG
train/glioma/1125.jpg,train,glioma,512,512,JPEG
train/glioma/1186.jpg,train,glioma,512,512,JPEG
train/glioma/0989.jpg,train,glioma,512,512,JPEG
train/glioma/aug_216_0427.jpg,train,glioma,512,512,JPEG
train/glioma/1602.jpg,train,glioma,512,512,JPEG
train/glioma/1351.jpg,train,glioma,512,512,JPEG
train/glioma/0111.jpg,train,glioma,512,512,JPEG
train/glioma/0157.jpg,train,glioma,512,512,JPEG
train/glioma/0668.jpg,train,glioma,512,512,JPEG
train/glioma/1572.jpg,train,glioma,512,512,JPEG
train/glioma/aug_209_0263.jpg,train,glioma,512,512,JPEG
train/glioma/1124.jpg,train,glioma,512,512,JPEG
train/glioma/1346.jpg,train,glioma,512,512,JPEG
train/glioma/0113.jpg,train,glioma,512,512,JPEG
train/glioma/1330.jpg,train,glioma,512,512,JPEG
train/glioma/0542.jpg,train,glioma,512,512,JPEG
train/glioma/1226.jpg,train,glioma,512,512,JPEG
train/glioma/1102.jpg,train,glioma,512,512,JPEG
train/glioma/aug_190_0403.jpg,train,glioma,512,512,JPEG
train/glioma/aug_93_0403.jpg,train,glioma,512,512,JPEG
train/glioma/0548.jpg,train,glioma,512,512,JPEG
train/glioma/1536.jpg,train,glioma,512,512,JPEG
train/glioma/0963.jpg,train,glioma,512,512,JPEG
train/glioma/0258.jpg,train,glioma,512,512,JPEG
train/glioma/1231.jpg,train,glioma,512,512,JPEG
train/glioma/1613.jpg,train,glioma,512,512,JPEG
train/glioma/1534.jpg,train,glioma,512,512,JPEG
train/glioma/0166.jpg,train,glioma,512,512,JPEG
train/glioma/aug_25_0994.jpg,train,glioma,512,512,JPEG
train/glioma/1499.jpg,train,glioma,512,512,JPEG
train/glioma/1523.jpg,train,glioma,512,512,JPEG
train/glioma/0923.jpg,train,glioma,512,512,JPEG
train/glioma/aug_115_1135.jpg,train,glioma,512,512,JPEG
train/glioma/aug_50_1169.jpg,train,glioma,512,512,JPEG
train/glioma/1341.jpg,train,glioma,512,512,JPEG
train/glioma/0411.jpg,train,glioma,512,512,JPEG
train/glioma/0900.jpg,train,glioma,512,512,JPEG
train/glioma/0805.jpg,train,glioma,512,512,JPEG
train/glioma/0297.jpg,train,glioma,512,512,JPEG
train/glioma/0028.jpg,train,glioma,512,512,JPEG
train/glioma/aug_231_0391.jpg,train,glioma,512,512,JPEG
train/glioma/0103.jpg,train,glioma,512,512,JPEG
train/glioma/0573.jpg,train,glioma,512,512,JPEG
train/glioma/0859.jpg,train,glioma,512,512,JPEG
train/glioma/0939.jpg,train,glioma,512,512,JPEG
train/glioma/aug_222_1323.jpg,train,glioma,512,512,JPEG
train/glioma/1459.jpg,train,glioma,512,512,JPEG
train/glioma/0837.jpg,train,glioma,512,512,JPEG
train/glioma/1028.jpg,train,glioma,512,512,JPEG
train/glioma/0468.jpg,train,glioma,512,512,JPEG
train/glioma/aug_211_1287.jpg,train,glioma,512,512,JPEG
train/glioma/1251.jpg,train,glioma,512,512,JPEG
train/glioma/1229.jpg,train,glioma,512,512,JPEG
train/glioma/0215.jpg,train,glioma,512,512,JPEG
train/glioma/1547.jpg,train,glioma,512,512,JPEG
train/glioma/0212.jpg,train,glioma,512,512,JPEG
train/glioma/aug_181_0138.jpg,train,glioma,512,512,JPEG
train/glioma/0440.jpg,train,glioma,512,512,JPEG
train/glioma/aug_224_1124.jpg,train,glioma,512,512,JPEG
train/glioma/1080.jpg,train,glioma,512,512,JPEG
train/glioma/0973.jpg,train,glioma,512,512,JPEG
train/glioma/0757.jpg,train,glioma,512,512,JPEG
train/glioma/0200.jpg,train,glioma,512,512,JPEG
train/glioma/0569.jpg,train,glioma,512,512,JPEG
train/glioma/0933.jpg,train,glioma,512,512,JPEG
train/glioma/1168.jpg,train,glioma,512,512,JPEG
train/glioma/aug_82_0293.jpg,train,glioma,512,512,JPEG
train/glioma/0276.jpg,train,glioma,512,512,JPEG
train/glioma/1587.jpg,train,glioma,512,512,JPEG
train/glioma/aug_212_0835.jpg,train,glioma,512,512,JPEG
train/glioma/1178.jpg,train,glioma,512,512,JPEG
train/glioma/0813.jpg,train,glioma,512,512,JPEG
train/glioma/0308.jpg,train,glioma,512,512,JPEG
train/glioma/1455.jpg,train,glioma,512,512,JPEG
train/glioma/1374.jpg,train,glioma,512,512,JPEG
train/glioma/aug_197_0989.jpg,train,glioma,512,512,JPEG
train/glioma/0232.jpg,train,glioma,512,512,JPEG
train/glioma/1495.jpg,train,glioma,512,512,JPEG
train/glioma/aug_98_0123.jpg,train,glioma,512,512,JPEG
train/glioma/aug_60_1222.jpg,train,glioma,512,512,JPEG
train/glioma/aug_179_0501.jpg,train,glioma,512,512,JPEG
train/glioma/aug_40_0904.jpg,train,glioma,512,512,JPEG
train/glioma/1167.jpg,train,glioma,512,512,JPEG
train/glioma/0931.jpg,train,glioma,512,512,JPEG
train/glioma/1171.jpg,train,glioma,512,512,JPEG
train/glioma/0067.jpg,train,glioma,512,512,JPEG
train/glioma/0393.jpg,train,glioma,512,512,JPEG
train/glioma/0798.jpg,train,glioma,512,512,JPEG
train/glioma/0428.jpg,train,glioma,512,512,JPEG
train/glioma/0180.jpg,train,glioma,512,512,JPEG
train/glioma/0035.jpg,train,glioma,512,512,JPEG
train/glioma/1144.jpg,train,glioma,512,512,JPEG
train/glioma/aug_109_0052.jpg,train,glioma,512,512,JPEG
train/glioma/0060.jpg,train,glioma,512,512,JPEG
train/glioma/0532.jpg,train,glioma,512,512,JPEG
train/glioma/0191.jpg,train,glioma,512,512,JPEG
train/glioma/aug_228_1531.jpg,train,glioma,512,512,JPEG
train/glioma/0451.jpg,train,glioma,512,512,JPEG
train/glioma/0277.jpg,train,glioma,512,512,JPEG
train/glioma/0310.jpg,train,glioma,512,512,JPEG
train/glioma/1430.jpg,train,glioma,512,512,JPEG
train/glioma/1540.jpg,train,glioma,512,512,JPEG
train/glioma/0201.jpg,train,glioma,512,512,JPEG
train/glioma/0893.jpg,train,glioma,512,512,JPEG
train/glioma/0159.jpg,train,glioma,512,512,JPEG
train/glioma/1083.jpg,train,glioma,512,512,JPEG
train/glioma/0380.jpg,train,glioma,512,512,JPEG
train/glioma/1036.jpg,train,glioma,512,512,JPEG
train/glioma/0072.jpg,train,glioma,512,512,JPEG
train/glioma/0337.jpg,train,glioma,512,512,JPEG
train/glioma/0902.jpg,train,glioma,512,512,JPEG
train/glioma/aug_150_1166.jpg,train,glioma,512,512,JPEG
train/glioma/0557.jpg,train,glioma,512,512,JPEG
train/glioma/1460.jpg,train,glioma,512,512,JPEG
train/glioma/0043.jpg,train,glioma,512,512,JPEG
train/glioma/aug_134_1229.jpg,train,glioma,512,512,JPEG
train/glioma/0947.jpg,train,glioma,512,512,JPEG
train/glioma/0116.jpg,train,glioma,512,512,JPEG
train/glioma/0250.jpg,train,glioma,512,512,JPEG
train/glioma/0992.jpg,train,glioma,512,512,JPEG
train/glioma/aug_11_0511.jpg,train,glioma,512,512,JPEG
train/glioma/0901.jpg,train,glioma,512,512,JPEG
train/glioma/0146.jpg,train,glioma,512,512,JPEG
train/glioma/1372.jpg,train,glioma,512,512,JPEG
train/glioma/0372.jpg,train,glioma,512,512,JPEG
train/glioma/1216.jpg,train,glioma,512,512,JPEG
train/glioma/1148.jpg,train,glioma,512,512,JPEG
train/glioma/0095.jpg,train,glioma,512,512,JPEG
train/glioma/1420.jpg,train,glioma,512,512,JPEG
train/glioma/0061.jpg,train,glioma,512,512,JPEG
train/glioma/0866.jpg,train,glioma,512,512,JPEG
train/glioma/aug_22_0445.jpg,train,glioma,512,512,JPEG
train/glioma/0632.jpg,train,glioma,512,512,JPEG
train/glioma/1556.jpg,train,glioma,512,512,JPEG
train/glioma/0685.jpg,train,glioma,512,512,JPEG
train/glioma/0064.jpg,train,glioma,512,512,JPEG
train/glioma/0526.jpg,train,glioma,512,512,JPEG
train/glioma/1584.jpg,train,glioma,512,512,JPEG
train/glioma/0162.jpg,train,glioma,512,512,JPEG
train/glioma/0639.jpg,train,glioma,512,512,JPEG
train/glioma/0780.jpg,train,glioma,512,512,JPEG
train/glioma/0268.jpg,train,glioma,512,512,JPEG
train/glioma/0203.jpg,train,glioma,512,512,JPEG
train/glioma/aug_185_1522.jpg,train,glioma,512,512,JPEG
train/glioma/1400.jpg,train,glioma,512,512,JPEG
train/glioma/0574.jpg,train,glioma,512,512,JPEG
train/glioma/0342.jpg,train,glioma,512,512,JPEG
train/glioma/0600.jpg,train,glioma,512,512,JPEG
train/glioma/0655.jpg,train,glioma,512,512,JPEG
train/glioma/1531.jpg,train,glioma,512,512,JPEG
train/glioma/aug_73_0007.jpg,train,glioma,512,512,JPEG
train/glioma/1345.jpg,train,glioma,512,512,JPEG
train/glioma/0173.jpg,train,glioma,512,512,JPEG
train/glioma/aug_251_1426.jpg,train,glioma,512,512,JPEG
train/glioma/aug_0_1528.jpg,train,glioma,512,512,JPEG
train/glioma/0587.jpg,train,glioma,512,512,JPEG
train/glioma/aug_1_1359.jpg,train,glioma,512,512,JPEG
train/glioma/1425.jpg,train,glioma,512,512,JPEG
train/glioma/aug_227_0499.jpg,train,glioma,512,512,JPEG
train/glioma/0734.jpg,train,glioma,512,512,JPEG
train/glioma/1383.jpg,train,glioma,512,512,JPEG
train/glioma/1086.jpg,train,glioma,512,512,JPEG
train/glioma/1047.jpg,train,glioma,512,512,JPEG
train/glioma/0449.jpg,train,glioma,512,512,JPEG
train/glioma/0283.jpg,train,glioma,512,512,JPEG
train/glioma/0361.jpg,train,glioma,512,512,JPEG
train/glioma/1532.jpg,train,glioma,512,512,JPEG
train/glioma/1373.jpg,train,glioma,512,512,JPEG
train/glioma/0144.jpg,train,glioma,512,512,JPEG
train/glioma/0089.jpg,train,glioma,512,512,JPEG
train/glioma/0789.jpg,train,glioma,512,512,JPEG
train/glioma/aug_30_0507.jpg,train,glioma,512,512,JPEG
train/glioma/0875.jpg,train,glioma,512,512,JPEG
train/glioma/0257.jpg,train,glioma,512,512,JPEG
train/glioma/0335.jpg,train,glioma,512,512,JPEG
train/glioma/1465.jpg,train,glioma,512,512,JPEG
train/glioma/0563.jpg,train,glioma,512,512,JPEG
train/glioma/1510.jpg,train,glioma,512,512,JPEG
train/glioma/0343.jpg,train,glioma,512,512,JPEG
train/glioma/0437.jpg,train,glioma,512,512,JPEG
train/glioma/1044.jpg,train,glioma,512,512,JPEG
train/glioma/0988.jpg,train,glioma,512,512,JPEG
train/glioma/1363.jpg,train,glioma,512,512,JPEG
train/glioma/1073.jpg,train,glioma,512,512,JPEG
train/glioma/0415.jpg,train,glioma,512,512,JPEG
train/glioma/aug_226_0846.jpg,train,glioma,512,512,JPEG
train/glioma/0829.jpg,train,glioma,512,512,JPEG
train/glioma/0418.jpg,train,glioma,512,512,JPEG
train/glioma/0391.jpg,train,glioma,512,512,JPEG
train/glioma/0676.jpg,train,glioma,512,512,JPEG
train/glioma/aug_56_0789.jpg,train,glioma,512,512,JPEG
train/glioma/1284.jpg,train,glioma,512,512,JPEG
train/glioma/0286.jpg,train,glioma,512,512,JPEG
train/glioma/0387.jpg,train,glioma,512,512,JPEG
train/glioma/0852.jpg,train,glioma,512,512,JPEG
train/glioma/0354.jpg,train,glioma,512,512,JPEG
train/glioma/0693.jpg,train,glioma,512,512,JPEG
train/glioma/1187.jpg,train,glioma,512,512,JPEG
train/glioma/0601.jpg,train,glioma,512,512,JPEG
train/glioma/aug_157_0909.jpg,train,glioma,512,512,JPEG
train/glioma/1053.jpg,train,glioma,512,512,JPEG
train/glioma/0399.jpg,train,glioma,512,512,JPEG
train/glioma/0770.jpg,train,glioma,512,512,JPEG
train/glioma/aug_151_1344.jpg,train,glioma,512,512,JPEG
train/glioma/1228.jpg,train,glioma,512,512,JPEG
train/glioma/aug_172_0821.jpg,train,glioma,512,512,JPEG
train/glioma/aug_5_0296.jpg,train,glioma,512,512,JPEG
train/glioma/0968.jpg,train,glioma,512,512,JPEG
train/glioma/aug_249_0056.jpg,train,glioma,512,512,JPEG
train/glioma/0624.jpg,train,glioma,512,512,JPEG
train/glioma/0189.jpg,train,glioma,512,512,JPEG
train/glioma/0596.jpg,train,glioma,512,512,JPEG
train/glioma/aug_140_0367.jpg,train,glioma,512,512,JPEG
train/glioma/0249.jpg,train,glioma,512,512,JPEG
train/glioma/1612.jpg,train,glioma,512,512,JPEG
train/glioma/aug_133_1396.jpg,train,glioma,512,512,JPEG
train/glioma/1182.jpg,train,glioma,512,512,JPEG
train/glioma/0957.jpg,train,glioma,512,512,JPEG
train/glioma/0565.jpg,train,glioma,512,512,JPEG
train/glioma/0066.jpg,train,glioma,512,512,JPEG
train/glioma/0714.jpg,train,glioma,512,512,JPEG
train/glioma/0606.jpg,train,glioma,512,512,JPEG
train/glioma/aug_138_0313.jpg,train,glioma,512,512,JPEG
train/glioma/1565.jpg,train,glioma,512,512,JPEG
train/glioma/0919.jpg,train,glioma,512,512,JPEG
train/glioma/0851.jpg,train,glioma,512,512,JPEG
train/glioma/0036.jpg,train,glioma,512,512,JPEG
train/glioma/1246.jpg,train,glioma,512,512,JPEG
train/glioma/1490.jpg,train,glioma,512,512,JPEG
train/glioma/0401.jpg,train,glioma,512,512,JPEG
train/glioma/0319.jpg,train,glioma,512,512,JPEG
train/glioma/1518.jpg,train,glioma,512,512,JPEG
train/glioma/aug_55_0193.jpg,train,glioma,512,512,JPEG
train/glioma/1208.jpg,train,glioma,512,512,JPEG
train/glioma/1042.jpg,train,glioma,512,512,JPEG
train/glioma/0707.jpg,train,glioma,512,512,JPEG
train/glioma/0765.jpg,train,glioma,512,512,JPEG
train/glioma/1034.jpg,train,glioma,512,512,JPEG
train/glioma/0251.jpg,train,glioma,512,512,JPEG
train/glioma/0535.jpg,train,glioma,512,512,JPEG
train/glioma/0186.jpg,train,glioma,512,512,JPEG
train/glioma/0997.jpg,train,glioma,512,512,JPEG
train/glioma/0660.jpg,train,glioma,512,512,JPEG
train/glioma/aug_193_1054.jpg,train,glioma,512,512,JPEG
train/glioma/0819.jpg,train,glioma,512,512,JPEG
train/glioma/aug_144_1580.jpg,train,glioma,512,512,JPEG
train/glioma/0882.jpg,train,glioma,512,512,JPEG
train/glioma/0833.jpg,train,glioma,512,512,JPEG
train/glioma/0928.jpg,train,glioma,512,512,JPEG
train/glioma/0609.jpg,train,glioma,512,512,JPEG
train/glioma/0993.jpg,train,glioma,512,512,JPEG
train/glioma/0544.jpg,train,glioma,512,512,JPEG
train/glioma/0023.jpg,train,glioma,512,512,JPEG
train/glioma/1405.jpg,train,glioma,512,512,JPEG
train/glioma/1000.jpg,train,glioma,512,512,JPEG
train/glioma/1087.jpg,train,glioma,512,512,JPEG
train/glioma/1593.jpg,train,glioma,512,512,JPEG
train/glioma/1155.jpg,train,glioma,512,512,JPEG
train/glioma/0254.jpg,train,glioma,512,512,JPEG
train/glioma/0341.jpg,train,glioma,512,512,JPEG
train/glioma/0280.jpg,train,glioma,512,512,JPEG
train/glioma/aug_117_1434.jpg,train,glioma,512,512,JPEG
train/glioma/0824.jpg,train,glioma,512,512,JPEG
train/glioma/1419.jpg,train,glioma,512,512,JPEG
train/glioma/0648.jpg,train,glioma,512,512,JPEG
train/glioma/aug_119_1400.jpg,train,glioma,512,512,JPEG
train/glioma/1306.jpg,train,glioma,512,512,JPEG
train/glioma/0422.jpg,train,glioma,512,512,JPEG
train/glioma/1055.jpg,train,glioma,512,512,JPEG
train/glioma/0769.jpg,train,glioma,512,512,JPEG
train/glioma/0389.jpg,train,glioma,512,512,JPEG
train/glioma/0562.jpg,train,glioma,512,512,JPEG
train/glioma/1431.jpg,train,glioma,512,512,JPEG
train/glioma/1491.jpg,train,glioma,512,512,JPEG
train/glioma/0184.jpg,train,glioma,512,512,JPEG
train/glioma/0358.jpg,train,glioma,512,512,JPEG
train/glioma/0554.jpg,train,glioma,512,512,JPEG
train/glioma/aug_64_1172.jpg,train,glioma,512,512,JPEG
train/glioma/0408.jpg,train,glioma,512,512,JPEG
train/glioma/0986.jpg,train,glioma,512,512,JPEG
train/glioma/0580.jpg,train,glioma,512,512,JPEG
train/glioma/1493.jpg,train,glioma,512,512,JPEG
train/glioma/1252.jpg,train,glioma,512,512,JPEG
train/glioma/1278.jpg,train,glioma,512,512,JPEG
train/glioma/1340.jpg,train,glioma,512,512,JPEG
train/glioma/0518.jpg,train,glioma,512,512,JPEG
train/glioma/0463.jpg,train,glioma,512,512,JPEG
train/glioma/0715.jpg,train,glioma,512,512,JPEG
train/glioma/1529.jpg,train,glioma,512,512,JPEG
train/glioma/aug_72_0265.jpg,train,glioma,512,512,JPEG
train/glioma/aug_33_1270.jpg,train,glioma,512,512,JPEG
train/glioma/1354.jpg,train,glioma,512,512,JPEG
train/glioma/0119.jpg,train,glioma,512,512,JPEG
train/glioma/1367.jpg,train,glioma,512,512,JPEG
train/glioma/0183.jpg,train,glioma,512,512,JPEG
train/glioma/aug_261_0991.jpg,train,glioma,512,512,JPEG
train/glioma/aug_34_0226.jpg,train,glioma,512,512,JPEG
train/glioma/aug_203_0283.jpg,train,glioma,512,512,JPEG
train/glioma/0672.jpg,train,glioma,512,512,JPEG
train/glioma/1218.jpg,train,glioma,512,512,JPEG
train/glioma/1112.jpg,train,glioma,512,512,JPEG
train/glioma/1204.jpg,train,glioma,512,512,JPEG
train/glioma/1328.jpg,train,glioma,512,512,JPEG
train/glioma/0699.jpg,train,glioma,512,512,JPEG
train/glioma/1014.jpg,train,glioma,512,512,JPEG
train/glioma/0034.jpg,train,glioma,512,512,JPEG
train/glioma/aug_254_0694.jpg,train,glioma,512,512,JPEG
train/glioma/1173.jpg,train,glioma,512,512,JPEG
train/glioma/aug_161_0195.jpg,train,glioma,512,512,JPEG
train/glioma/0747.jpg,train,glioma,512,512,JPEG
train/glioma/1271.jpg,train,glioma,512,512,JPEG
train/glioma/aug_152_1316.jpg,train,glioma,512,512,JPEG
train/glioma/aug_90_0428.jpg,train,glioma,512,512,JPEG
train/glioma/1189.jpg,train,glioma,512,512,JPEG
train/glioma/0727.jpg,train,glioma,512,512,JPEG
train/glioma/1428.jpg,train,glioma,512,512,JPEG
train/glioma/aug_163_0118.jpg,train,glioma,512,512,JPEG
train/glioma/1194.jpg,train,glioma,512,512,JPEG
train/glioma/aug_111_1367.jpg,train,glioma,512,512,JPEG
train/glioma/1136.jpg,train,glioma,512,512,JPEG
train/glioma/0754.jpg,train,glioma,512,512,JPEG
train/glioma/0259.jpg,train,glioma,512,512,JPEG
train/glioma/0025.jpg,train,glioma,512,512,JPEG
train/glioma/0188.jpg,train,glioma,512,512,JPEG
train/glioma/aug_182_1474.jpg,train,glioma,512,512,JPEG
train/glioma/1127.jpg,train,glioma,512,512,JPEG
train/glioma/0359.jpg,train,glioma,512,512,JPEG
train/glioma/1116.jpg,train,glioma,512,512,JPEG
train/glioma/0221.jpg,train,glioma,512,512,JPEG
train/glioma/1091.jpg,train,glioma,512,512,JPEG
train/glioma/0069.jpg,train,glioma,512,512,JPEG
train/glioma/1105.jpg,train,glioma,512,512,JPEG
train/glioma/aug_83_0091.jpg,train,glioma,512,512,JPEG
train/glioma/0617.jpg,train,glioma,512,512,JPEG
train/glioma/1329.jpg,train,glioma,512,512,JPEG
train/glioma/1090.jpg,train,glioma,512,512,JPEG
train/glioma/1005.jpg,train,glioma,512,512,JPEG
train/glioma/1066.jpg,train,glioma,512,512,JPEG
train/glioma/aug_91_0167.jpg,train,glioma,512,512,JPEG
train/glioma/1180.jpg,train,glioma,512,512,JPEG
train/glioma/0235.jpg,train,glioma,512,512,JPEG
train/glioma/0139.jpg,train,glioma,512,512,JPEG
train/glioma/1101.jpg,train,glioma,512,512,JPEG
train/glioma/0739.jpg,train,glioma,512,512,JPEG
train/glioma/1253.jpg,train,glioma,512,512,JPEG
train/glioma/1258.jpg,train,glioma,512,512,JPEG
train/glioma/1479.jpg,train,glioma,512,512,JPEG
train/glioma/0056.jpg,train,glioma,512,512,JPEG
train/glioma/1463.jpg,train,glioma,512,512,JPEG
train/glioma/1100.jpg,train,glioma,512,512,JPEG
train/glioma/aug_168_0401.jpg,train,glioma,512,512,JPEG
train/glioma/aug_14_1344.jpg,train,glioma,512,512,JPEG
train/glioma/1249.jpg,train,glioma,512,512,JPEG
train/glioma/aug_135_0881.jpg,train,glioma,512,512,JPEG
train/glioma/0366.jpg,train,glioma,512,512,JPEG
train/glioma/aug_95_0224.jpg,train,glioma,512,512,JPEG
train/glioma/0460.jpg,train,glioma,512,512,JPEG
train/glioma/aug_71_1191.jpg,train,glioma,512,512,JPEG
train/glioma/0954.jpg,train,glioma,512,512,JPEG
train/glioma/1008.jpg,train,glioma,512,512,JPEG
train/glioma/0786.jpg,train,glioma,512,512,JPEG
train/glioma/0400.jpg,train,glioma,512,512,JPEG
train/glioma/0216.jpg,train,glioma,512,512,JPEG
train/glioma/0237.jpg,train,glioma,512,512,JPEG
train/glioma/1600.jpg,train,glioma,512,512,JPEG
train/glioma/1099.jpg,train,glioma,512,512,JPEG
train/glioma/0983.jpg,train,glioma,512,512,JPEG
train/glioma/1307.jpg,train,glioma,512,512,JPEG
train/glioma/0007.jpg,train,glioma,512,512,JPEG
train/glioma/0344.jpg,train,glioma,512,512,JPEG
train/glioma/1205.jpg,train,glioma,512,512,JPEG
train/glioma/aug_237_0562.jpg,train,glioma,512,512,JPEG
train/glioma/1378.jpg,train,glioma,512,512,JPEG
train/glioma/1097.jpg,train,glioma,512,512,JPEG
train/glioma/1482.jpg,train,glioma,512,512,JPEG
train/glioma/0728.jpg,train,glioma,512,512,JPEG
train/glioma/1154.jpg,train,glioma,512,512,JPEG
train/glioma/0488.jpg,train,glioma,512,512,JPEG
train/glioma/aug_79_0562.jpg,train,glioma,512,512,JPEG
train/glioma/0591.jpg,train,glioma,512,512,JPEG
train/glioma/aug_58_1086.jpg,train,glioma,512,512,JPEG
train/glioma/0886.jpg,train,glioma,512,512,JPEG
train/glioma/0775.jpg,train,glioma,512,512,JPEG
train/glioma/aug_89_1525.jpg,train,glioma,512,512,JPEG
train/glioma/1342.jpg,train,glioma,512,512,JPEG
train/glioma/0202.jpg,train,glioma,512,512,JPEG
train/glioma/aug_39_0952.jpg,train,glioma,512,512,JPEG
train/glioma/0129.jpg,train,glioma,512,512,JPEG
train/glioma/1238.jpg,train,glioma,512,512,JPEG
train/glioma/1221.jpg,train,glioma,512,512,JPEG
train/glioma/0558.jpg,train,glioma,512,512,JPEG
train/glioma/0858.jpg,train,glioma,512,512,JPEG
train/glioma/1196.jpg,train,glioma,512,512,JPEG
train/glioma/0046.jpg,train,glioma,512,512,JPEG
train/glioma/1126.jpg,train,glioma,512,512,JPEG
train/glioma/1193.jpg,train,glioma,512,512,JPEG
train/glioma/1521.jpg,train,glioma,512,512,JPEG
train/glioma/1011.jpg,train,glioma,512,512,JPEG
train/glioma/0994.jpg,train,glioma,512,512,JPEG
train/glioma/aug_217_0390.jpg,train,glioma,512,512,JPEG
train/glioma/1175.jpg,train,glioma,512,512,JPEG
train/glioma/0996.jpg,train,glioma,512,512,JPEG
train/glioma/1522.jpg,train,glioma,512,512,JPEG
train/glioma/0445.jpg,train,glioma,512,512,JPEG
train/glioma/0205.jpg,train,glioma,512,512,JPEG
train/glioma/1088.jpg,train,glioma,512,512,JPEG
train/glioma/aug_104_1112.jpg,train,glioma,512,512,JPEG
train/glioma/0017.jpg,train,glioma,512,512,JPEG
train/glioma/0808.jpg,train,glioma,512,512,JPEG
train/glioma/1573.jpg,train,glioma,512,512,JPEG
train/glioma/1161.jpg,train,glioma,512,512,JPEG
train/glioma/1232.jpg,train,glioma,512,512,JPEG
train/glioma/0470.jpg,train,glioma,512,512,JPEG
train/glioma/1496.jpg,train,glioma,512,512,JPEG
train/glioma/0527.jpg,train,glioma,512,512,JPEG
train/glioma/1069.jpg,train,glioma,512,512,JPEG
train/glioma/0864.jpg,train,glioma,512,512,JPEG
train/glioma/0178.jpg,train,glioma,512,512,JPEG
train/glioma/1462.jpg,train,glioma,512,512,JPEG
train/glioma/0701.jpg,train,glioma,512,512,JPEG
train/glioma/0748.jpg,train,glioma,512,512,JPEG
train/glioma/0270.jpg,train,glioma,512,512,JPEG
train/glioma/0041.jpg,train,glioma,512,512,JPEG
train/glioma/0980.jpg,train,glioma,512,512,JPEG
train/glioma/0435.jpg,train,glioma,512,512,JPEG
train/glioma/0776.jpg,train,glioma,512,512,JPEG
train/glioma/0691.jpg,train,glioma,512,512,JPEG
train/glioma/1016.jpg,train,glioma,512,512,JPEG
train/glioma/aug_120_1049.jpg,train,glioma,512,512,JPEG
train/glioma/0154.jpg,train,glioma,512,512,JPEG
train/glioma/0397.jpg,train,glioma,512,512,JPEG
train/glioma/aug_149_1099.jpg,train,glioma,512,512,JPEG
train/glioma/1095.jpg,train,glioma,512,512,JPEG
train/glioma/0664.jpg,train,glioma,512,512,JPEG
train/glioma/1195.jpg,train,glioma,512,512,JPEG
train/glioma/0841.jpg,train,glioma,512,512,JPEG
train/glioma/1444.jpg,train,glioma,512,512,JPEG
train/glioma/0264.jpg,train,glioma,512,512,JPEG
train/glioma/1132.jpg,train,glioma,512,512,JPEG
train/glioma/1355.jpg,train,glioma,512,512,JPEG
train/glioma/1169.jpg,train,glioma,512,512,JPEG
train/glioma/1537.jpg,train,glioma,512,512,JPEG
train/glioma/1608.jpg,train,glioma,512,512,JPEG
train/glioma/0832.jpg,train,glioma,512,512,JPEG
train/glioma/aug_250_1205.jpg,train,glioma,512,512,JPEG
train/glioma/aug_23_0600.jpg,train,glioma,512,512,JPEG
train/glioma/0446.jpg,train,glioma,512,512,JPEG
train/glioma/0926.jpg,train,glioma,512,512,JPEG
train/glioma/0579.jpg,train,glioma,512,512,JPEG
train/glioma/0834.jpg,train,glioma,512,512,JPEG
train/glioma/0795.jpg,train,glioma,512,512,JPEG
train/glioma/0284.jpg,train,glioma,512,512,JPEG
train/glioma/0226.jpg,train,glioma,512,512,JPEG
train/glioma/0083.jpg,train,glioma,512,512,JPEG
train/glioma/0410.jpg,train,glioma,512,512,JPEG
train/glioma/0224.jpg,train,glioma,512,512,JPEG
train/glioma/0564.jpg,train,glioma,512,512,JPEG
train/glioma/0651.jpg,train,glioma,512,512,JPEG
train/glioma/1436.jpg,train,glioma,512,512,JPEG
train/glioma/0185.jpg,train,glioma,512,512,JPEG
train/glioma/0281.jpg,train,glioma,512,512,JPEG
train/glioma/0879.jpg,train,glioma,512,512,JPEG
train/glioma/aug_137_1596.jpg,train,glioma,512,512,JPEG
train/glioma/aug_31_0643.jpg,train,glioma,512,512,JPEG
train/glioma/aug_219_0739.jpg,train,glioma,512,512,JPEG
train/glioma/1505.jpg,train,glioma,512,512,JPEG
train/glioma/1576.jpg,train,glioma,512,512,JPEG
train/glioma/0764.jpg,train,glioma,512,512,JPEG
train/glioma/1541.jpg,train,glioma,512,512,JPEG
train/glioma/0641.jpg,train,glioma,512,512,JPEG
train/glioma/0213.jpg,train,glioma,512,512,JPEG
train/glioma/1007.jpg,train,glioma,512,512,JPEG
train/glioma/0515.jpg,train,glioma,512,512,JPEG
train/glioma/0545.jpg,train,glioma,512,512,JPEG
train/glioma/1424.jpg,train,glioma,512,512,JPEG
train/glioma/0745.jpg,train,glioma,512,512,JPEG
train/glioma/1449.jpg,train,glioma,512,512,JPEG
train/glioma/1199.jpg,train,glioma,512,512,JPEG
train/glioma/0074.jpg,train,glioma,512,512,JPEG
train/glioma/0892.jpg,train,glioma,512,512,JPEG
train/glioma/0329.jpg,train,glioma,512,512,JPEG
train/glioma/1458.jpg,train,glioma,512,512,JPEG
train/glioma/aug_153_0815.jpg,train,glioma,512,512,JPEG
train/glioma/1214.jpg,train,glioma,512,512,JPEG
train/glioma/1239.jpg,train,glioma,512,512,JPEG
train/glioma/aug_84_0074.jpg,train,glioma,512,512,JPEG
train/glioma/0807.jpg,train,glioma,512,512,JPEG
train/glioma/0724.jpg,train,glioma,512,512,JPEG
train/glioma/aug_170_0885.jpg,train,glioma,512,512,JPEG
train/glioma/0209.jpg,train,glioma,512,512,JPEG
train/glioma/0425.jpg,train,glioma,512,512,JPEG
train/glioma/1281.jpg,train,glioma,512,512,JPEG
train/glioma/0491.jpg,train,glioma,512,512,JPEG
train/glioma/0908.jpg,train,glioma,512,512,JPEG
train/glioma/1030.jpg,train,glioma,512,512,JPEG
train/glioma/1450.jpg,train,glioma,512,512,JPEG
train/glioma/1289.jpg,train,glioma,512,512,JPEG
train/glioma/1376.jpg,train,glioma,512,512,JPEG
train/glioma/0136.jpg,train,glioma,512,512,JPEG
train/glioma/1318.jpg,train,glioma,512,512,JPEG
train/glioma/1567.jpg,train,glioma,512,512,JPEG
train/glioma/0771.jpg,train,glioma,512,512,JPEG
train/glioma/aug_12_1184.jpg,train,glioma,512,512,JPEG
train/glioma/1392.jpg,train,glioma,512,512,JPEG
train/glioma/0222.jpg,train,glioma,512,512,JPEG
train/glioma/0906.jpg,train,glioma,512,512,JPEG
train/glioma/1010.jpg,train,glioma,512,512,JPEG
train/glioma/0818.jpg,train,glioma,512,512,JPEG
train/glioma/0403.jpg,train,glioma,512,512,JPEG
train/glioma/aug_162_0609.jpg,train,glioma,512,512,JPEG
train/glioma/1580.jpg,train,glioma,512,512,JPEG
train/glioma/aug_61_1528.jpg,train,glioma,512,512,JPEG
train/glioma/aug_244_0957.jpg,train,glioma,512,512,JPEG
train/glioma/1309.jpg,train,glioma,512,512,JPEG
train/glioma/1245.jpg,train,glioma,512,512,JPEG
train/glioma/0462.jpg,train,glioma,512,512,JPEG
train/glioma/0018.jpg,train,glioma,512,512,JPEG
train/glioma/0797.jpg,train,glioma,512,512,JPEG
train/glioma/1579.jpg,train,glioma,512,512,JPEG
train/glioma/0152.jpg,train,glioma,512,512,JPEG
train/glioma/1039.jpg,train,glioma,512,512,JPEG
train/glioma/1617.jpg,train,glioma,512,512,JPEG
train/glioma/1248.jpg,train,glioma,512,512,JPEG
train/glioma/0115.jpg,train,glioma,512,512,JPEG
train/glioma/0628.jpg,train,glioma,512,512,JPEG
train/glioma/aug_189_0272.jpg,train,glioma,512,512,JPEG
train/glioma/aug_247_1424.jpg,train,glioma,512,512,JPEG
train/glioma/1300.jpg,train,glioma,512,512,JPEG
train/glioma/aug_169_0250.jpg,train,glioma,512,512,JPEG
train/glioma/aug_45_1405.jpg,train,glioma,512,512,JPEG
train/glioma/1259.jpg,train,glioma,512,512,JPEG
train/glioma/1152.jpg,train,glioma,512,512,JPEG
train/glioma/aug_88_0973.jpg,train,glioma,512,512,JPEG
train/glioma/aug_13_0624.jpg,train,glioma,512,512,JPEG
train/glioma/0452.jpg,train,glioma,512,512,JPEG
train/glioma/1316.jpg,train,glioma,512,512,JPEG
train/glioma/aug_108_1177.jpg,train,glioma,512,512,JPEG
train/glioma/0430.jpg,train,glioma,512,512,JPEG
train/glioma/aug_78_0672.jpg,train,glioma,512,512,JPEG
train/glioma/0570.jpg,train,glioma,512,512,JPEG
train/glioma/0005.jpg,train,glioma,512,512,JPEG
train/glioma/0995.jpg,train,glioma,512,512,JPEG
train/glioma/0288.jpg,train,glioma,512,512,JPEG
train/glioma/aug_80_0420.jpg,train,glioma,512,512,JPEG
train/glioma/aug_143_0831.jpg,train,glioma,512,512,JPEG
train/glioma/0305.jpg,train,glioma,512,512,JPEG
train/glioma/1575.jpg,train,glioma,512,512,JPEG
train/glioma/0848.jpg,train,glioma,512,512,JPEG
train/glioma/0239.jpg,train,glioma,512,512,JPEG
train/glioma/0788.jpg,train,glioma,512,512,JPEG
train/glioma/1407.jpg,train,glioma,512,512,JPEG
train/glioma/0272.jpg,train,glioma,512,512,JPEG
train/glioma/0915.jpg,train,glioma,512,512,JPEG
train/glioma/aug_164_0666.jpg,train,glioma,512,512,JPEG
train/glioma/0220.jpg,train,glioma,512,512,JPEG
train/glioma/0047.jpg,train,glioma,512,512,JPEG
train/glioma/0925.jpg,train,glioma,512,512,JPEG
train/glioma/0492.jpg,train,glioma,512,512,JPEG
train/glioma/1177.jpg,train,glioma,512,512,JPEG
train/glioma/0835.jpg,train,glioma,512,512,JPEG
train/glioma/aug_229_0633.jpg,train,glioma,512,512,JPEG
train/glioma/1364.jpg,train,glioma,512,512,JPEG
train/glioma/0431.jpg,train,glioma,512,512,JPEG
train/glioma/0303.jpg,train,glioma,512,512,JPEG
train/glioma/1360.jpg,train,glioma,512,512,JPEG
train/glioma/0552.jpg,train,glioma,512,512,JPEG
train/glioma/0740.jpg,train,glioma,512,512,JPEG
train/glioma/aug_160_1523.jpg,train,glioma,512,512,JPEG
train/glioma/0917.jpg,train,glioma,512,512,JPEG
train/glioma/0368.jpg,train,glioma,512,512,JPEG
train/glioma/0974.jpg,train,glioma,512,512,JPEG
train/glioma/aug_2_1189.jpg,train,glioma,512,512,JPEG
train/glioma/0862.jpg,train,glioma,512,512,JPEG
train/glioma/1368.jpg,train,glioma,512,512,JPEG
train/glioma/1380.jpg,train,glioma,512,512,JPEG
train/glioma/0172.jpg,train,glioma,512,512,JPEG
train/glioma/0501.jpg,train,glioma,512,512,JPEG
train/glioma/aug_20_0903.jpg,train,glioma,512,512,JPEG
train/glioma/0899.jpg,train,glioma,512,512,JPEG
train/glioma/0094.jpg,train,glioma,512,512,JPEG
train/glioma/0404.jpg,train,glioma,512,512,JPEG
train/glioma/1362.jpg,train,glioma,512,512,JPEG
train/glioma/0494.jpg,train,glioma,512,512,JPEG
train/glioma/0962.jpg,train,glioma,512,512,JPEG
train/glioma/0821.jpg,train,glioma,512,512,JPEG
train/glioma/aug_139_0557.jpg,train,glioma,512,512,JPEG
train/glioma/0057.jpg,train,glioma,512,512,JPEG
train/glioma/0367.jpg,train,glioma,512,512,JPEG
train/glioma/1514.jpg,train,glioma,512,512,JPEG
train/glioma/aug_221_0613.jpg,train,glioma,512,512,JPEG
train/glioma/0370.jpg,train,glioma,512,512,JPEG
train/glioma/1451.jpg,train,glioma,512,512,JPEG
train/glioma/0453.jpg,train,glioma,512,512,JPEG
train/glioma/1286.jpg,train,glioma,512,512,JPEG
train/glioma/0085.jpg,train,glioma,512,512,JPEG
train/glioma/0717.jpg,train,glioma,512,512,JPEG
train/glioma/0255.jpg,train,glioma,512,512,JPEG
train/glioma/0721.jpg,train,glioma,512,512,JPEG
train/glioma/0364.jpg,train,glioma,512,512,JPEG
train/glioma/1347.jpg,train,glioma,512,512,JPEG
train/glioma/0455.jpg,train,glioma,512,512,JPEG
train/glioma/aug_57_1485.jpg,train,glioma,512,512,JPEG
train/glioma/aug_214_1501.jpg,train,glioma,512,512,JPEG
train/glioma/0881.jpg,train,glioma,512,512,JPEG
train/glioma/1117.jpg,train,glioma,512,512,JPEG
train/glioma/0416.jpg,train,glioma,512,512,JPEG
train/glioma/0519.jpg,train,glioma,512,512,JPEG
train/glioma/1210.jpg,train,glioma,512,512,JPEG
train/glioma/0464.jpg,train,glioma,512,512,JPEG
train/glioma/1560.jpg,train,glioma,512,512,JPEG
train/glioma/0291.jpg,train,glioma,512,512,JPEG
train/glioma/0656.jpg,train,glioma,512,512,JPEG
train/glioma/0546.jpg,train,glioma,512,512,JPEG
train/glioma/aug_18_0773.jpg,train,glioma,512,512,JPEG
train/glioma/1156.jpg,train,glioma,512,512,JPEG
train/glioma/0206.jpg,train,glioma,512,512,JPEG
train/glioma/0856.jpg,train,glioma,512,512,JPEG
train/glioma/0266.jpg,train,glioma,512,512,JPEG
train/glioma/0640.jpg,train,glioma,512,512,JPEG
train/glioma/0376.jpg,train,glioma,512,512,JPEG
train/glioma/aug_63_0287.jpg,train,glioma,512,512,JPEG
train/glioma/0020.jpg,train,glioma,512,512,JPEG
train/glioma/0033.jpg,train,glioma,512,512,JPEG
train/glioma/0295.jpg,train,glioma,512,512,JPEG
train/glioma/aug_21_0260.jpg,train,glioma,512,512,JPEG
train/glioma/0846.jpg,train,glioma,512,512,JPEG
train/glioma/0143.jpg,train,glioma,512,512,JPEG
train/glioma/aug_17_1484.jpg,train,glioma,512,512,JPEG
train/glioma/aug_41_1599.jpg,train,glioma,512,512,JPEG
train/glioma/aug_196_1312.jpg,train,glioma,512,512,JPEG
train/glioma/1263.jpg,train,glioma,512,512,JPEG
train/glioma/0511.jpg,train,glioma,512,512,JPEG
train/glioma/0077.jpg,train,glioma,512,512,JPEG
train/glioma/1539.jpg,train,glioma,512,512,JPEG
train/glioma/aug_48_1003.jpg,train,glioma,512,512,JPEG
train/glioma/1159.jpg,train,glioma,512,512,JPEG
train/glioma/0512.jpg,train,glioma,512,512,JPEG
train/glioma/0598.jpg,train,glioma,512,512,JPEG
train/glioma/1158.jpg,train,glioma,512,512,JPEG
train/glioma/0469.jpg,train,glioma,512,512,JPEG
train/glioma/aug_142_0672.jpg,train,glioma,512,512,JPEG
train/glioma/0785.jpg,train,glioma,512,512,JPEG
train/glioma/0916.jpg,train,glioma,512,512,JPEG
train/glioma/1447.jpg,train,glioma,512,512,JPEG
train/glioma/0950.jpg,train,glioma,512,512,JPEG
train/glioma/1276.jpg,train,glioma,512,512,JPEG
train/glioma/aug_92_0311.jpg,train,glioma,512,512,JPEG
train/glioma/aug_199_0309.jpg,train,glioma,512,512,JPEG
train/glioma/0815.jpg,train,glioma,512,512,JPEG
train/glioma/1519.jpg,train,glioma,512,512,JPEG
train/glioma/0894.jpg,train,glioma,512,512,JPEG
train/glioma/0684.jpg,train,glioma,512,512,JPEG
train/glioma/0971.jpg,train,glioma,512,512,JPEG
train/glioma/0079.jpg,train,glioma,512,512,JPEG
train/glioma/1331.jpg,train,glioma,512,512,JPEG
train/glioma/1385.jpg,train,glioma,512,512,JPEG
train/glioma/0465.jpg,train,glioma,512,512,JPEG
train/glioma/aug_102_0978.jpg,train,glioma,512,512,JPEG
train/glioma/1502.jpg,train,glioma,512,512,JPEG
train/glioma/1150.jpg,train,glioma,512,512,JPEG
train/glioma/0363.jpg,train,glioma,512,512,JPEG
train/glioma/0377.jpg,train,glioma,512,512,JPEG
train/glioma/0302.jpg,train,glioma,512,512,JPEG
train/glioma/1356.jpg,train,glioma,512,512,JPEG
train/glioma/0128.jpg,train,glioma,512,512,JPEG
train/glioma/0869.jpg,train,glioma,512,512,JPEG
train/glioma/1319.jpg,train,glioma,512,512,JPEG
train/glioma/0038.jpg,train,glioma,512,512,JPEG
train/glioma/0210.jpg,train,glioma,512,512,JPEG
train/glioma/1543.jpg,train,glioma,512,512,JPEG
train/glioma/0719.jpg,train,glioma,512,512,JPEG
train/glioma/0555.jpg,train,glioma,512,512,JPEG
train/glioma/0506.jpg,train,glioma,512,512,JPEG
train/glioma/1506.jpg,train,glioma,512,512,JPEG
train/glioma/aug_263_1531.jpg,train,glioma,512,512,JPEG
train/glioma/aug_262_1169.jpg,train,glioma,512,512,JPEG
train/glioma/0857.jpg,train,glioma,512,512,JPEG
train/glioma/0801.jpg,train,glioma,512,512,JPEG
train/glioma/aug_173_1287.jpg,train,glioma,512,512,JPEG
train/glioma/aug_24_1501.jpg,train,glioma,512,512,JPEG
train/glioma/aug_232_0457.jpg,train,glioma,512,512,JPEG
train/glioma/0294.jpg,train,glioma,512,512,JPEG
train/glioma/aug_225_0293.jpg,train,glioma,512,512,JPEG
train/glioma/aug_180_1485.jpg,train,glioma,512,512,JPEG
train/glioma/1323.jpg,train,glioma,512,512,JPEG
train/glioma/1527.jpg,train,glioma,512,512,JPEG
train/glioma/aug_26_0200.jpg,train,glioma,512,512,JPEG
train/glioma/aug_184_1214.jpg,train,glioma,512,512,JPEG
train/glioma/1582.jpg,train,glioma,512,512,JPEG
train/glioma/0002.jpg,train,glioma,512,512,JPEG
train/glioma/1601.jpg,train,glioma,512,512,JPEG
train/glioma/0695.jpg,train,glioma,512,512,JPEG
train/glioma/0114.jpg,train,glioma,512,512,JPEG
train/glioma/0614.jpg,train,glioma,512,512,JPEG
train/glioma/1574.jpg,train,glioma,512,512,JPEG
train/glioma/aug_165_1523.jpg,train,glioma,512,512,JPEG
train/glioma/aug_27_0276.jpg,train,glioma,512,512,JPEG
train/glioma/aug_246_0280.jpg,train,glioma,512,512,JPEG
train/glioma/0090.jpg,train,glioma,512,512,JPEG
train/glioma/aug_201_0454.jpg,train,glioma,512,512,JPEG
train/glioma/1312.jpg,train,glioma,512,512,JPEG
train/glioma/0223.jpg,train,glioma,512,512,JPEG
train/glioma/1115.jpg,train,glioma,512,512,JPEG
train/glioma/aug_128_1065.jpg,train,glioma,512,512,JPEG
train/glioma/0547.jpg,train,glioma,512,512,JPEG
train/glioma/0019.jpg,train,glioma,512,512,JPEG
train/glioma/0140.jpg,train,glioma,512,512,JPEG
train/glioma/0427.jpg,train,glioma,512,512,JPEG
train/glioma/1483.jpg,train,glioma,512,512,JPEG
train/glioma/0810.jpg,train,glioma,512,512,JPEG
train/glioma/1564.jpg,train,glioma,512,512,JPEG
train/glioma/0108.jpg,train,glioma,512,512,JPEG
train/glioma/1285.jpg,train,glioma,512,512,JPEG
train/glioma/0420.jpg,train,glioma,512,512,JPEG
train/glioma/1063.jpg,train,glioma,512,512,JPEG
train/glioma/0722.jpg,train,glioma,512,512,JPEG
train/glioma/0381.jpg,train,glioma,512,512,JPEG
train/glioma/0680.jpg,train,glioma,512,512,JPEG
train/glioma/1349.jpg,train,glioma,512,512,JPEG
train/glioma/0750.jpg,train,glioma,512,512,JPEG
train/glioma/0333.jpg,train,glioma,512,512,JPEG
train/glioma/aug_123_0128.jpg,train,glioma,512,512,JPEG
train/glioma/0556.jpg,train,glioma,512,512,JPEG
train/glioma/0708.jpg,train,glioma,512,512,JPEG
train/glioma/0325.jpg,train,glioma,512,512,JPEG
train/glioma/1114.jpg,train,glioma,512,512,JPEG
train/glioma/0999.jpg,train,glioma,512,512,JPEG
train/glioma/0911.jpg,train,glioma,512,512,JPEG
train/glioma/0681.jpg,train,glioma,512,512,JPEG
train/glioma/aug_53_1348.jpg,train,glioma,512,512,JPEG
train/glioma/0076.jpg,train,glioma,512,512,JPEG
train/glioma/0147.jpg,train,glioma,512,512,JPEG
train/glioma/1070.jpg,train,glioma,512,512,JPEG
train/glioma/0952.jpg,train,glioma,512,512,JPEG
train/glioma/0225.jpg,train,glioma,512,512,JPEG
train/glioma/0613.jpg,train,glioma,512,512,JPEG
train/glioma/0112.jpg,train,glioma,512,512,JPEG
train/glioma/1211.jpg,train,glioma,512,512,JPEG
train/glioma/1202.jpg,train,glioma,512,512,JPEG
train/glioma/aug_9_0599.jpg,train,glioma,512,512,JPEG
train/glioma/0098.jpg,train,glioma,512,512,JPEG
train/glioma/0473.jpg,train,glioma,512,512,JPEG
train/glioma/0293.jpg,train,glioma,512,512,JPEG
train/glioma/1282.jpg,train,glioma,512,512,JPEG
train/glioma/0804.jpg,train,glioma,512,512,JPEG
train/glioma/0781.jpg,train,glioma,512,512,JPEG
train/glioma/1422.jpg,train,glioma,512,512,JPEG
train/glioma/0909.jpg,train,glioma,512,512,JPEG
train/glioma/1484.jpg,train,glioma,512,512,JPEG
train/glioma/0611.jpg,train,glioma,512,512,JPEG
train/glioma/aug_15_0002.jpg,train,glioma,512,512,JPEG
train/glioma/0677.jpg,train,glioma,512,512,JPEG
train/glioma/1118.jpg,train,glioma,512,512,JPEG
train/glioma/0964.jpg,train,glioma,512,512,JPEG
train/glioma/aug_248_0972.jpg,train,glioma,512,512,JPEG
train/glioma/0763.jpg,train,glioma,512,512,JPEG
train/glioma/0457.jpg,train,glioma,512,512,JPEG
train/glioma/1453.jpg,train,glioma,512,512,JPEG
train/glioma/0712.jpg,train,glioma,512,512,JPEG
train/glioma/0791.jpg,train,glioma,512,512,JPEG
train/glioma/0536.jpg,train,glioma,512,512,JPEG
train/glioma/0638.jpg,train,glioma,512,512,JPEG
train/glioma/aug_264_0956.jpg,train,glioma,512,512,JPEG
train/glioma/aug_86_1559.jpg,train,glioma,512,512,JPEG
train/glioma/0576.jpg,train,glioma,512,512,JPEG
train/glioma/0441.jpg,train,glioma,512,512,JPEG
train/glioma/0187.jpg,train,glioma,512,512,JPEG
train/glioma/1456.jpg,train,glioma,512,512,JPEG
train/glioma/1074.jpg,train,glioma,512,512,JPEG
train/glioma/aug_36_0125.jpg,train,glioma,512,512,JPEG
train/glioma/1563.jpg,train,glioma,512,512,JPEG
train/glioma/1511.jpg,train,glioma,512,512,JPEG
train/glioma/aug_4_0053.jpg,train,glioma,512,512,JPEG
train/glioma/0384.jpg,train,glioma,512,512,JPEG
train/glioma/aug_206_0329.jpg,train,glioma,512,512,JPEG
train/glioma/aug_110_0265.jpg,train,glioma,512,512,JPEG
train/glioma/0871.jpg,train,glioma,512,512,JPEG
train/glioma/0369.jpg,train,glioma,512,512,JPEG
train/glioma/0193.jpg,train,glioma,512,512,JPEG
train/glioma/0806.jpg,train,glioma,512,512,JPEG
train/glioma/aug_99_0474.jpg,train,glioma,512,512,JPEG
train/glioma/1198.jpg,train,glioma,512,512,JPEG
train/glioma/aug_121_0857.jpg,train,glioma,512,512,JPEG
train/glioma/0634.jpg,train,glioma,512,512,JPEG
train/glioma/aug_51_0919.jpg,train,glioma,512,512,JPEG
train/glioma/1040.jpg,train,glioma,512,512,JPEG
train/glioma/0433.jpg,train,glioma,512,512,JPEG
train/glioma/1224.jpg,train,glioma,512,512,JPEG
train/glioma/aug_70_0036.jpg,train,glioma,512,512,JPEG
train/glioma/0865.jpg,train,glioma,512,512,JPEG
train/glioma/0099.jpg,train,glioma,512,512,JPEG
train/glioma/1365.jpg,train,glioma,512,512,JPEG
train/glioma/1021.jpg,train,glioma,512,512,JPEG
train/glioma/0093.jpg,train,glioma,512,512,JPEG
train/glioma/1304.jpg,train,glioma,512,512,JPEG
train/glioma/0048.jpg,train,glioma,512,512,JPEG
train/glioma/0630.jpg,train,glioma,512,512,JPEG
train/glioma/0236.jpg,train,glioma,512,512,JPEG
train/glioma/0934.jpg,train,glioma,512,512,JPEG
train/glioma/0880.jpg,train,glioma,512,512,JPEG
train/glioma/0331.jpg,train,glioma,512,512,JPEG
train/glioma/0321.jpg,train,glioma,512,512,JPEG
train/glioma/0644.jpg,train,glioma,512,512,JPEG
train/glioma/0167.jpg,train,glioma,512,512,JPEG
train/glioma/1291.jpg,train,glioma,512,512,JPEG
train/glioma/aug_54_0022.jpg,train,glioma,512,512,JPEG
train/glioma/0429.jpg,train,glioma,512,512,JPEG
train/glioma/0395.jpg,train,glioma,512,512,JPEG
train/glioma/0195.jpg,train,glioma,512,512,JPEG
train/glioma/0796.jpg,train,glioma,512,512,JPEG
train/glioma/1200.jpg,train,glioma,512,512,JPEG
train/glioma/1395.jpg,train,glioma,512,512,JPEG
train/glioma/1605.jpg,train,glioma,512,512,JPEG
train/glioma/aug_47_1136.jpg,train,glioma,512,512,JPEG
train/glioma/1003.jpg,train,glioma,512,512,JPEG
train/glioma/aug_174_0507.jpg,train,glioma,512,512,JPEG
train/glioma/0447.jpg,train,glioma,512,512,JPEG
train/glioma/0636.jpg,train,glioma,512,512,JPEG
train/glioma/1375.jpg,train,glioma,512,512,JPEG
train/glioma/aug_235_1540.jpg,train,glioma,512,512,JPEG
train/glioma/1434.jpg,train,glioma,512,512,JPEG
train/glioma/1528.jpg,train,glioma,512,512,JPEG
train/glioma/0158.jpg,train,glioma,512,512,JPEG
train/glioma/aug_66_0609.jpg,train,glioma,512,512,JPEG
train/glioma/0905.jpg,train,glioma,512,512,JPEG
train/glioma/1128.jpg,train,glioma,512,512,JPEG
train/glioma/1321.jpg,train,glioma,512,512,JPEG
train/glioma/0941.jpg,train,glioma,512,512,JPEG
train/glioma/0936.jpg,train,glioma,512,512,JPEG
train/glioma/0124.jpg,train,glioma,512,512,JPEG
train/glioma/0151.jpg,train,glioma,512,512,JPEG
train/glioma/aug_59_0083.jpg,train,glioma,512,512,JPEG
train/glioma/0022.jpg,train,glioma,512,512,JPEG
train/glioma/1585.jpg,train,glioma,512,512,JPEG
train/glioma/aug_233_0671.jpg,train,glioma,512,512,JPEG
train/glioma/1344.jpg,train,glioma,512,512,JPEG
train/glioma/0777.jpg,train,glioma,512,512,JPEG
train/glioma/1352.jpg,train,glioma,512,512,JPEG
train/glioma/1024.jpg,train,glioma,512,512,JPEG
train/glioma/aug_148_0249.jpg,train,glioma,512,512,JPEG
train/glioma/0981.jpg,train,glioma,512,512,JPEG
train/glioma/0278.jpg,train,glioma,512,512,JPEG
train/glioma/0434.jpg,train,glioma,512,512,JPEG
train/glioma/1583.jpg,train,glioma,512,512,JPEG
train/glioma/1147.jpg,train,glioma,512,512,JPEG
train/glioma/0155.jpg,train,glioma,512,512,JPEG
train/glioma/1133.jpg,train,glioma,512,512,JPEG
train/glioma/1526.jpg,train,glioma,512,512,JPEG
train/glioma/0271.jpg,train,glioma,512,512,JPEG
train/glioma/1409.jpg,train,glioma,512,512,JPEG
train/glioma/aug_124_0610.jpg,train,glioma,512,512,JPEG
train/glioma/0976.jpg,train,glioma,512,512,JPEG
train/glioma/0352.jpg,train,glioma,512,512,JPEG
train/glioma/aug_241_0473.jpg,train,glioma,512,512,JPEG
train/glioma/1051.jpg,train,glioma,512,512,JPEG
train/glioma/1029.jpg,train,glioma,512,512,JPEG
train/glioma/0929.jpg,train,glioma,512,512,JPEG
train/glioma/aug_213_1580.jpg,train,glioma,512,512,JPEG
train/glioma/0612.jpg,train,glioma,512,512,JPEG
train/glioma/aug_28_0246.jpg,train,glioma,512,512,JPEG
train/glioma/1043.jpg,train,glioma,512,512,JPEG
train/glioma/0849.jpg,train,glioma,512,512,JPEG
train/glioma/aug_101_1513.jpg,train,glioma,512,512,JPEG
train/glioma/0737.jpg,train,glioma,512,512,JPEG
train/glioma/0602.jpg,train,glioma,512,512,JPEG
train/glioma/0595.jpg,train,glioma,512,512,JPEG
train/glioma/0972.jpg,train,glioma,512,512,JPEG
train/glioma/0760.jpg,train,glioma,512,512,JPEG
train/glioma/0138.jpg,train,glioma,512,512,JPEG
train/glioma/0282.jpg,train,glioma,512,512,JPEG
train/glioma/0671.jpg,train,glioma,512,512,JPEG
train/glioma/0822.jpg,train,glioma,512,512,JPEG
train/glioma/0296.jpg,train,glioma,512,512,JPEG
train/glioma/1358.jpg,train,glioma,512,512,JPEG
train/glioma/0407.jpg,train,glioma,512,512,JPEG
train/glioma/0571.jpg,train,glioma,512,512,JPEG
train/glioma/0248.jpg,train,glioma,512,512,JPEG
train/glioma/0850.jpg,train,glioma,512,512,JPEG
train/glioma/0978.jpg,train,glioma,512,512,JPEG
train/glioma/0177.jpg,train,glioma,512,512,JPEG
train/glioma/aug_245_1488.jpg,train,glioma,512,512,JPEG
train/glioma/1050.jpg,train,glioma,512,512,JPEG
train/glioma/0287.jpg,train,glioma,512,512,JPEG
train/glioma/aug_107_1259.jpg,train,glioma,512,512,JPEG
train/glioma/0523.jpg,train,glioma,512,512,JPEG
train/glioma/0688.jpg,train,glioma,512,512,JPEG
train/glioma/0697.jpg,train,glioma,512,512,JPEG
train/glioma/1558.jpg,train,glioma,512,512,JPEG
train/glioma/aug_183_1178.jpg,train,glioma,512,512,JPEG
train/glioma/0417.jpg,train,glioma,512,512,JPEG
train/glioma/aug_19_0623.jpg,train,glioma,512,512,JPEG
train/glioma/0863.jpg,train,glioma,512,512,JPEG
train/glioma/0586.jpg,train,glioma,512,512,JPEG
train/glioma/aug_118_0193.jpg,train,glioma,512,512,JPEG
train/glioma/0086.jpg,train,glioma,512,512,JPEG
train/glioma/0550.jpg,train,glioma,512,512,JPEG
train/glioma/0471.jpg,train,glioma,512,512,JPEG
train/glioma/aug_29_1074.jpg,train,glioma,512,512,JPEG
train/glioma/1206.jpg,train,glioma,512,512,JPEG
train/glioma/0008.jpg,train,glioma,512,512,JPEG
train/glioma/0481.jpg,train,glioma,512,512,JPEG
train/glioma/1398.jpg,train,glioma,512,512,JPEG
train/glioma/0260.jpg,train,glioma,512,512,JPEG
train/glioma/aug_129_0275.jpg,train,glioma,512,512,JPEG
train/glioma/0825.jpg,train,glioma,512,512,JPEG
train/glioma/0653.jpg,train,glioma,512,512,JPEG
train/glioma/1033.jpg,train,glioma,512,512,JPEG
train/glioma/0219.jpg,train,glioma,512,512,JPEG
train/glioma/0888.jpg,train,glioma,512,512,JPEG
train/glioma/1411.jpg,train,glioma,512,512,JPEG
train/glioma/0904.jpg,train,glioma,512,512,JPEG
train/glioma/1068.jpg,train,glioma,512,512,JPEG
train/glioma/0102.jpg,train,glioma,512,512,JPEG
train/glioma/aug_49_1195.jpg,train,glioma,512,512,JPEG
train/glioma/aug_127_0654.jpg,train,glioma,512,512,JPEG
train/glioma/0709.jpg,train,glioma,512,512,JPEG
train/glioma/0529.jpg,train,glioma,512,512,JPEG
train/glioma/1201.jpg,train,glioma,512,512,JPEG
train/glioma/1457.jpg,train,glioma,512,512,JPEG
train/glioma/aug_240_0906.jpg,train,glioma,512,512,JPEG
train/glioma/aug_43_1329.jpg,train,glioma,512,512,JPEG
train/glioma/0402.jpg,train,glioma,512,512,JPEG
train/glioma/0328.jpg,train,glioma,512,512,JPEG
train/glioma/1257.jpg,train,glioma,512,512,JPEG
train/glioma/1106.jpg,train,glioma,512,512,JPEG
train/glioma/aug_37_0093.jpg,train,glioma,512,512,JPEG
train/glioma/0537.jpg,train,glioma,512,512,JPEG
train/glioma/0935.jpg,train,glioma,512,512,JPEG
train/glioma/1507.jpg,train,glioma,512,512,JPEG
train/glioma/1488.jpg,train,glioma,512,512,JPEG
train/glioma/0097.jpg,train,glioma,512,512,JPEG
train/glioma/0390.jpg,train,glioma,512,512,JPEG
train/glioma/1412.jpg,train,glioma,512,512,JPEG
train/glioma/0793.jpg,train,glioma,512,512,JPEG
train/glioma/1513.jpg,train,glioma,512,512,JPEG
train/glioma/0396.jpg,train,glioma,512,512,JPEG
train/glioma/1254.jpg,train,glioma,512,512,JPEG
train/glioma/1308.jpg,train,glioma,512,512,JPEG
train/glioma/0790.jpg,train,glioma,512,512,JPEG
train/glioma/0327.jpg,train,glioma,512,512,JPEG
train/glioma/aug_234_1593.jpg,train,glioma,512,512,JPEG
train/glioma/0087.jpg,train,glioma,512,512,JPEG
train/glioma/0953.jpg,train,glioma,512,512,JPEG
train/glioma/aug_204_0455.jpg,train,glioma,512,512,JPEG
train/glioma/aug_195_0474.jpg,train,glioma,512,512,JPEG
train/glioma/1041.jpg,train,glioma,512,512,JPEG
train/glioma/1485.jpg,train,glioma,512,512,JPEG
train/glioma/0643.jpg,train,glioma,512,512,JPEG
train/glioma/aug_166_0341.jpg,train,glioma,512,512,JPEG
train/glioma/1012.jpg,train,glioma,512,512,JPEG
train/glioma/aug_253_1360.jpg,train,glioma,512,512,JPEG
train/glioma/1570.jpg,train,glioma,512,512,JPEG
train/glioma/0175.jpg,train,glioma,512,512,JPEG
train/glioma/1183.jpg,train,glioma,512,512,JPEG
train/glioma/0081.jpg,train,glioma,512,512,JPEG
train/glioma/1061.jpg,train,glioma,512,512,JPEG
train/glioma/0766.jpg,train,glioma,512,512,JPEG
train/glioma/aug_75_1424.jpg,train,glioma,512,512,JPEG
train/glioma/0053.jpg,train,glioma,512,512,JPEG
train/glioma/aug_255_1052.jpg,train,glioma,512,512,JPEG
train/glioma/aug_10_0707.jpg,train,glioma,512,512,JPEG
train/glioma/0360.jpg,train,glioma,512,512,JPEG
train/glioma/0642.jpg,train,glioma,512,512,JPEG
train/glioma/0896.jpg,train,glioma,512,512,JPEG
train/glioma/1107.jpg,train,glioma,512,512,JPEG
train/glioma/0585.jpg,train,glioma,512,512,JPEG
train/glioma/aug_171_1114.jpg,train,glioma,512,512,JPEG
train/glioma/1134.jpg,train,glioma,512,512,JPEG
train/glioma/aug_67_1059.jpg,train,glioma,512,512,JPEG
train/glioma/0011.jpg,train,glioma,512,512,JPEG
train/glioma/0969.jpg,train,glioma,512,512,JPEG
train/glioma/aug_223_0897.jpg,train,glioma,512,512,JPEG
train/glioma/1429.jpg,train,glioma,512,512,JPEG
train/glioma/aug_256_0411.jpg,train,glioma,512,512,JPEG
train/glioma/0744.jpg,train,glioma,512,512,JPEG
train/glioma/0030.jpg,train,glioma,512,512,JPEG
train/glioma/aug_205_0401.jpg,train,glioma,512,512,JPEG
train/glioma/0059.jpg,train,glioma,512,512,JPEG
train/glioma/0897.jpg,train,glioma,512,512,JPEG
train/glioma/1433.jpg,train,glioma,512,512,JPEG
train/glioma/0930.jpg,train,glioma,512,512,JPEG
train/glioma/aug_97_1356.jpg,train,glioma,512,512,JPEG
train/glioma/0031.jpg,train,glioma,512,512,JPEG
train/glioma/1426.jpg,train,glioma,512,512,JPEG
train/glioma/aug_8_0403.jpg,train,glioma,512,512,JPEG
train/glioma/0500.jpg,train,glioma,512,512,JPEG
train/glioma/1071.jpg,train,glioma,512,512,JPEG
train/glioma/0884.jpg,train,glioma,512,512,JPEG
train/glioma/1552.jpg,train,glioma,512,512,JPEG
train/glioma/0594.jpg,train,glioma,512,512,JPEG
train/glioma/aug_105_0158.jpg,train,glioma,512,512,JPEG
train/glioma/0794.jpg,train,glioma,512,512,JPEG
train/glioma/0324.jpg,train,glioma,512,512,JPEG
train/glioma/0683.jpg,train,glioma,512,512,JPEG
train/glioma/1268.jpg,train,glioma,512,512,JPEG
train/glioma/1596.jpg,train,glioma,512,512,JPEG
train/glioma/1503.jpg,train,glioma,512,512,JPEG
train/glioma/1049.jpg,train,glioma,512,512,JPEG
train/glioma/1081.jpg,train,glioma,512,512,JPEG
train/glioma/aug_210_0672.jpg,train,glioma,512,512,JPEG
train/glioma/aug_146_0857.jpg,train,glioma,512,512,JPEG
train/glioma/0414.jpg,train,glioma,512,512,JPEG
train/glioma/0062.jpg,train,glioma,512,512,JPEG
train/glioma/0313.jpg,train,glioma,512,512,JPEG
train/glioma/1423.jpg,train,glioma,512,512,JPEG
train/glioma/aug_116_1258.jpg,train,glioma,512,512,JPEG
train/glioma/0109.jpg,train,glioma,512,512,JPEG
train/glioma/1261.jpg,train,glioma,512,512,JPEG
train/glioma/1237.jpg,train,glioma,512,512,JPEG
train/glioma/0371.jpg,train,glioma,512,512,JPEG
train/glioma/1149.jpg,train,glioma,512,512,JPEG
train/glioma/0616.jpg,train,glioma,512,512,JPEG
train/glioma/1217.jpg,train,glioma,512,512,JPEG
train/glioma/aug_191_1136.jpg,train,glioma,512,512,JPEG
train/glioma/aug_35_1115.jpg,train,glioma,512,512,JPEG
train/glioma/1508.jpg,train,glioma,512,512,JPEG
train/glioma/0816.jpg,train,glioma,512,512,JPEG
train/glioma/0133.jpg,train,glioma,512,512,JPEG
train/glioma/1037.jpg,train,glioma,512,512,JPEG
train/glioma/aug_46_1455.jpg,train,glioma,512,512,JPEG
train/glioma/1590.jpg,train,glioma,512,512,JPEG
train/glioma/1388.jpg,train,glioma,512,512,JPEG
train/glioma/aug_100_0012.jpg,train,glioma,512,512,JPEG
train/glioma/aug_112_0020.jpg,train,glioma,512,512,JPEG
train/glioma/0230.jpg,train,glioma,512,512,JPEG
train/glioma/1334.jpg,train,glioma,512,512,JPEG
train/glioma/0534.jpg,train,glioma,512,512,JPEG
train/glioma/0944.jpg,train,glioma,512,512,JPEG
train/glioma/1494.jpg,train,glioma,512,512,JPEG
train/glioma/aug_186_1454.jpg,train,glioma,512,512,JPEG
train/glioma/1387.jpg,train,glioma,512,512,JPEG
train/glioma/aug_207_0113.jpg,train,glioma,512,512,JPEG
train/glioma/1287.jpg,train,glioma,512,512,JPEG
train/glioma/aug_69_1204.jpg,train,glioma,512,512,JPEG
train/glioma/1620.jpg,train,glioma,512,512,JPEG
train/glioma/aug_176_0276.jpg,train,glioma,512,512,JPEG
train/glioma/0490.jpg,train,glioma,512,512,JPEG
train/glioma/1333.jpg,train,glioma,512,512,JPEG
train/glioma/1233.jpg,train,glioma,512,512,JPEG
train/glioma/aug_238_0457.jpg,train,glioma,512,512,JPEG
train/glioma/1384.jpg,train,glioma,512,512,JPEG
train/glioma/aug_198_0733.jpg,train,glioma,512,512,JPEG
train/glioma/0267.jpg,train,glioma,512,512,JPEG
train/glioma/1555.jpg,train,glioma,512,512,JPEG
train/glioma/aug_202_0480.jpg,train,glioma,512,512,JPEG
train/glioma/0520.jpg,train,glioma,512,512,JPEG
train/glioma/0311.jpg,train,glioma,512,512,JPEG
train/glioma/1403.jpg,train,glioma,512,512,JPEG
train/glioma/1357.jpg,train,glioma,512,512,JPEG
train/glioma/aug_187_1491.jpg,train,glioma,512,512,JPEG
train/glioma/0135.jpg,train,glioma,512,512,JPEG
train/glioma/0208.jpg,train,glioma,512,512,JPEG
train/glioma/aug_194_0305.jpg,train,glioma,512,512,JPEG
train/glioma/1324.jpg,train,glioma,512,512,JPEG
train/glioma/0073.jpg,train,glioma,512,512,JPEG
train/glioma/1370.jpg,train,glioma,512,512,JPEG
train/glioma/0107.jpg,train,glioma,512,512,JPEG
train/glioma/0160.jpg,train,glioma,512,512,JPEG
train/glioma/aug_85_0765.jpg,train,glioma,512,512,JPEG
train/glioma/1267.jpg,train,glioma,512,512,JPEG
train/glioma/0442.jpg,train,glioma,512,512,JPEG
train/glioma/aug_220_0607.jpg,train,glioma,512,512,JPEG
train/glioma/0539.jpg,train,glioma,512,512,JPEG
train/glioma/1164.jpg,train,glioma,512,512,JPEG
train/glioma/0982.jpg,train,glioma,512,512,JPEG
train/glioma/aug_242_1331.jpg,train,glioma,512,512,JPEG
train/glioma/0903.jpg,train,glioma,512,512,JPEG
train/glioma/aug_103_0555.jpg,train,glioma,512,512,JPEG
train/glioma/0413.jpg,train,glioma,512,512,JPEG
train/glioma/aug_76_0029.jpg,train,glioma,512,512,JPEG
train/glioma/0507.jpg,train,glioma,512,512,JPEG
train/glioma/1288.jpg,train,glioma,512,512,JPEG
train/glioma/0773.jpg,train,glioma,512,512,JPEG
train/glioma/0826.jpg,train,glioma,512,512,JPEG
train/glioma/0345.jpg,train,glioma,512,512,JPEG
train/glioma/0898.jpg,train,glioma,512,512,JPEG
train/glioma/0104.jpg,train,glioma,512,512,JPEG
train/glioma/1279.jpg,train,glioma,512,512,JPEG
train/glioma/1421.jpg,train,glioma,512,512,JPEG
train/glioma/aug_258_0672.jpg,train,glioma,512,512,JPEG
train/glioma/aug_6_1082.jpg,train,glioma,512,512,JPEG
train/glioma/0984.jpg,train,glioma,512,512,JPEG
train/glioma/0690.jpg,train,glioma,512,512,JPEG
train/glioma/0010.jpg,train,glioma,512,512,JPEG
train/glioma/aug_3_0997.jpg,train,glioma,512,512,JPEG
train/glioma/aug_87_0512.jpg,train,glioma,512,512,JPEG
train/glioma/aug_132_0572.jpg,train,glioma,512,512,JPEG
train/glioma/1544.jpg,train,glioma,512,512,JPEG
train/glioma/1371.jpg,train,glioma,512,512,JPEG
train/glioma/0448.jpg,train,glioma,512,512,JPEG
train/glioma/1614.jpg,train,glioma,512,512,JPEG
train/glioma/0828.jpg,train,glioma,512,512,JPEG
train/glioma/0374.jpg,train,glioma,512,512,JPEG
train/glioma/aug_252_1341.jpg,train,glioma,512,512,JPEG
train/glioma/aug_158_0993.jpg,train,glioma,512,512,JPEG
train/glioma/aug_94_1536.jpg,train,glioma,512,512,JPEG
train/glioma/0032.jpg,train,glioma,512,512,JPEG
train/glioma/1093.jpg,train,glioma,512,512,JPEG
train/glioma/1140.jpg,train,glioma,512,512,JPEG
train/glioma/0194.jpg,train,glioma,512,512,JPEG
train/glioma/aug_65_0133.jpg,train,glioma,512,512,JPEG
train/glioma/1551.jpg,train,glioma,512,512,JPEG
train/glioma/aug_167_0737.jpg,train,glioma,512,512,JPEG
train/glioma/1203.jpg,train,glioma,512,512,JPEG
train/glioma/0618.jpg,train,glioma,512,512,JPEG
train/glioma/0125.jpg,train,glioma,512,512,JPEG
train/glioma/0174.jpg,train,glioma,512,512,JPEG
train/glioma/1280.jpg,train,glioma,512,512,JPEG
train/glioma/0275.jpg,train,glioma,512,512,JPEG
train/glioma/1067.jpg,train,glioma,512,512,JPEG
train/glioma/0956.jpg,train,glioma,512,512,JPEG
train/glioma/1397.jpg,train,glioma,512,512,JPEG
train/glioma/1297.jpg,train,glioma,512,512,JPEG
train/glioma/0309.jpg,train,glioma,512,512,JPEG
train/glioma/0583.jpg,train,glioma,512,512,JPEG
train/glioma/0998.jpg,train,glioma,512,512,JPEG
train/glioma/aug_192_0358.jpg,train,glioma,512,512,JPEG
train/glioma/0477.jpg,train,glioma,512,512,JPEG
train/glioma/1296.jpg,train,glioma,512,512,JPEG
train/glioma/0096.jpg,train,glioma,512,512,JPEG
train/glioma/aug_260_0398.jpg,train,glioma,512,512,JPEG
train/glioma/1303.jpg,train,glioma,512,512,JPEG
train/glioma/1172.jpg,train,glioma,512,512,JPEG
train/glioma/aug_155_0660.jpg,train,glioma,512,512,JPEG
train/glioma/1535.jpg,train,glioma,512,512,JPEG
train/glioma/1369.jpg,train,glioma,512,512,JPEG
train/glioma/1350.jpg,train,glioma,512,512,JPEG
train/glioma/0365.jpg,train,glioma,512,512,JPEG
train/glioma/0860.jpg,train,glioma,512,512,JPEG
train/glioma/0246.jpg,train,glioma,512,512,JPEG
train/glioma/0480.jpg,train,glioma,512,512,JPEG
train/glioma/0024.jpg,train,glioma,512,512,JPEG
train/glioma/0479.jpg,train,glioma,512,512,JPEG
train/glioma/1176.jpg,train,glioma,512,512,JPEG
train/glioma/aug_154_0893.jpg,train,glioma,512,512,JPEG
train/glioma/aug_32_0555.jpg,train,glioma,512,512,JPEG
train/glioma/0499.jpg,train,glioma,512,512,JPEG
train/glioma/1096.jpg,train,glioma,512,512,JPEG
train/glioma/0482.jpg,train,glioma,512,512,JPEG
train/glioma/aug_215_1166.jpg,train,glioma,512,512,JPEG
train/glioma/0199.jpg,train,glioma,512,512,JPEG
train/glioma/0665.jpg,train,glioma,512,512,JPEG
train/glioma/aug_38_1454.jpg,train,glioma,512,512,JPEG
train/glioma/0421.jpg,train,glioma,512,512,JPEG
train/glioma/1619.jpg,train,glioma,512,512,JPEG
train/glioma/aug_44_0859.jpg,train,glioma,512,512,JPEG
train/glioma/1475.jpg,train,glioma,512,512,JPEG
train/glioma/0666.jpg,train,glioma,512,512,JPEG
train/glioma/0517.jpg,train,glioma,512,512,JPEG
train/glioma/0474.jpg,train,glioma,512,512,JPEG
train/glioma/1454.jpg,train,glioma,512,512,JPEG
train/glioma/0493.jpg,train,glioma,512,512,JPEG
train/glioma/1516.jpg,train,glioma,512,512,JPEG
train/glioma/0326.jpg,train,glioma,512,512,JPEG
train/glioma/0149.jpg,train,glioma,512,512,JPEG
train/glioma/0758.jpg,train,glioma,512,512,JPEG
train/glioma/0238.jpg,train,glioma,512,512,JPEG
train/glioma/0131.jpg,train,glioma,512,512,JPEG
train/glioma/0622.jpg,train,glioma,512,512,JPEG
train/glioma/0918.jpg,train,glioma,512,512,JPEG
train/glioma/1135.jpg,train,glioma,512,512,JPEG
train/glioma/0525.jpg,train,glioma,512,512,JPEG
train/glioma/aug_52_1112.jpg,train,glioma,512,512,JPEG
train/glioma/0831.jpg,train,glioma,512,512,JPEG
train/glioma/1470.jpg,train,glioma,512,512,JPEG
train/glioma/1337.jpg,train,glioma,512,512,JPEG
train/glioma/1213.jpg,train,glioma,512,512,JPEG
train/glioma/0265.jpg,train,glioma,512,512,JPEG
train/glioma/1110.jpg,train,glioma,512,512,JPEG
train/glioma/0572.jpg,train,glioma,512,512,JPEG
train/glioma/1065.jpg,train,glioma,512,512,JPEG
train/glioma/aug_200_0607.jpg,train,glioma,512,512,JPEG
train/glioma/0991.jpg,train,glioma,512,512,JPEG
train/glioma/0398.jpg,train,glioma,512,512,JPEG
train/glioma/1492.jpg,train,glioma,512,512,JPEG
train/glioma/1562.jpg,train,glioma,512,512,JPEG
train/glioma/0746.jpg,train,glioma,512,512,JPEG
train/glioma/0533.jpg,train,glioma,512,512,JPEG
train/glioma/aug_156_0996.jpg,train,glioma,512,512,JPEG
train/glioma/0625.jpg,train,glioma,512,512,JPEG
train/glioma/1366.jpg,train,glioma,512,512,JPEG
train/glioma/0339.jpg,train,glioma,512,512,JPEG
train/glioma/0312.jpg,train,glioma,512,512,JPEG
train/glioma/0348.jpg,train,glioma,512,512,JPEG
train/glioma/0845.jpg,train,glioma,512,512,JPEG
train/glioma/aug_106_0035.jpg,train,glioma,512,512,JPEG
train/glioma/0161.jpg,train,glioma,512,512,JPEG
train/glioma/1019.jpg,train,glioma,512,512,JPEG
train/glioma/1082.jpg,train,glioma,512,512,JPEG
train/glioma/0478.jpg,train,glioma,512,512,JPEG
train/glioma/0013.jpg,train,glioma,512,512,JPEG
train/glioma/1266.jpg,train,glioma,512,512,JPEG
train/glioma/0497.jpg,train,glioma,512,512,JPEG
train/glioma/0629.jpg,train,glioma,512,512,JPEG
train/glioma/aug_122_1388.jpg,train,glioma,512,512,JPEG
train/glioma/0559.jpg,train,glioma,512,512,JPEG
train/glioma/0091.jpg,train,glioma,512,512,JPEG
train/glioma/0705.jpg,train,glioma,512,512,JPEG
train/glioma/0307.jpg,train,glioma,512,512,JPEG
train/glioma/0910.jpg,train,glioma,512,512,JPEG
train/glioma/1410.jpg,train,glioma,512,512,JPEG
train/glioma/aug_113_0437.jpg,train,glioma,512,512,JPEG
train/glioma/1322.jpg,train,glioma,512,512,JPEG
train/glioma/0299.jpg,train,glioma,512,512,JPEG
train/glioma/0889.jpg,train,glioma,512,512,JPEG
train/glioma/aug_126_1417.jpg,train,glioma,512,512,JPEG
train/glioma/0118.jpg,train,glioma,512,512,JPEG
train/glioma/1325.jpg,train,glioma,512,512,JPEG
train/glioma/1538.jpg,train,glioma,512,512,JPEG
train/glioma/aug_239_1304.jpg,train,glioma,512,512,JPEG
train/glioma/0522.jpg,train,glioma,512,512,JPEG
train/glioma/0842.jpg,train,glioma,512,512,JPEG
train/glioma/0703.jpg,train,glioma,512,512,JPEG
train/glioma/0975.jpg,train,glioma,512,512,JPEG
train/glioma/1192.jpg,train,glioma,512,512,JPEG
train/glioma/aug_125_0775.jpg,train,glioma,512,512,JPEG
train/glioma/0150.jpg,train,glioma,512,512,JPEG
train/glioma/0675.jpg,train,glioma,512,512,JPEG
train/glioma/0575.jpg,train,glioma,512,512,JPEG
train/glioma/0029.jpg,train,glioma,512,512,JPEG
train/glioma/0967.jpg,train,glioma,512,512,JPEG
train/glioma/0054.jpg,train,glioma,512,512,JPEG
train/glioma/0467.jpg,train,glioma,512,512,JPEG
train/glioma/1517.jpg,train,glioma,512,512,JPEG
train/glioma/0657.jpg,train,glioma,512,512,JPEG
train/glioma/aug_81_0119.jpg,train,glioma,512,512,JPEG
train/glioma/1589.jpg,train,glioma,512,512,JPEG
train/glioma/1056.jpg,train,glioma,512,512,JPEG
train/glioma/1480.jpg,train,glioma,512,512,JPEG
train/glioma/1054.jpg,train,glioma,512,512,JPEG
train/glioma/1157.jpg,train,glioma,512,512,JPEG
train/glioma/0058.jpg,train,glioma,512,512,JPEG
train/glioma/0779.jpg,train,glioma,512,512,JPEG
train/glioma/aug_188_0852.jpg,train,glioma,512,512,JPEG
train/glioma/0454.jpg,train,glioma,512,512,JPEG
train/glioma/0768.jpg,train,glioma,512,512,JPEG
train/glioma/aug_74_1583.jpg,train,glioma,512,512,JPEG
train/glioma/0015.jpg,train,glioma,512,512,JPEG
train/glioma/0654.jpg,train,glioma,512,512,JPEG
train/glioma/1566.jpg,train,glioma,512,512,JPEG
train/glioma/1435.jpg,train,glioma,512,512,JPEG
train/glioma/0214.jpg,train,glioma,512,512,JPEG
train/glioma/aug_259_0861.jpg,train,glioma,512,512,JPEG
train/glioma/aug_77_0552.jpg,train,glioma,512,512,JPEG
train/glioma/1467.jpg,train,glioma,512,512,JPEG
train/glioma/0861.jpg,train,glioma,512,512,JPEG
train/glioma/0336.jpg,train,glioma,512,512,JPEG
train/glioma/0885.jpg,train,glioma,512,512,JPEG
train/glioma/0315.jpg,train,glioma,512,512,JPEG
train/glioma/1348.jpg,train,glioma,512,512,JPEG
train/glioma/0127.jpg,train,glioma,512,512,JPEG
train/glioma/aug_62_1483.jpg,train,glioma,512,512,JPEG
train/glioma/1382.jpg,train,glioma,512,512,JPEG
train/glioma/0652.jpg,train,glioma,512,512,JPEG
train/glioma/1084.jpg,train,glioma,512,512,JPEG
train/glioma/0385.jpg,train,glioma,512,512,JPEG
train/glioma/1130.jpg,train,glioma,512,512,JPEG
train/glioma/1191.jpg,train,glioma,512,512,JPEG
train/glioma/1151.jpg,train,glioma,512,512,JPEG
train/glioma/aug_42_0928.jpg,train,glioma,512,512,JPEG
train/glioma/1215.jpg,train,glioma,512,512,JPEG
train/glioma/aug_159_1034.jpg,train,glioma,512,512,JPEG
train/glioma/0134.jpg,train,glioma,512,512,JPEG
train/glioma/aug_265_1411.jpg,train,glioma,512,512,JPEG
train/glioma/1396.jpg,train,glioma,512,512,JPEG
train/glioma/1060.jpg,train,glioma,512,512,JPEG
train/glioma/1212.jpg,train,glioma,512,512,JPEG
train/glioma/1142.jpg,train,glioma,512,512,JPEG
train/glioma/1004.jpg,train,glioma,512,512,JPEG
train/glioma/aug_243_0336.jpg,train,glioma,512,512,JPEG
train/glioma/0289.jpg,train,glioma,512,512,JPEG
train/glioma/1026.jpg,train,glioma,512,512,JPEG
train/glioma/0669.jpg,train,glioma,512,512,JPEG
train/glioma/0052.jpg,train,glioma,512,512,JPEG
train/glioma/0887.jpg,train,glioma,512,512,JPEG
train/glioma/0940.jpg,train,glioma,512,512,JPEG
train/glioma/1274.jpg,train,glioma,512,512,JPEG
train/glioma/1501.jpg,train,glioma,512,512,JPEG
train/glioma/0100.jpg,train,glioma,512,512,JPEG
train/glioma/aug_175_0852.jpg,train,glioma,512,512,JPEG
train/glioma/0649.jpg,train,glioma,512,512,JPEG
train/glioma/0003.jpg,train,glioma,512,512,JPEG
train/glioma/0633.jpg,train,glioma,512,512,JPEG
train/glioma/0590.jpg,train,glioma,512,512,JPEG
train/glioma/1469.jpg,train,glioma,512,512,JPEG
train/glioma/0141.jpg,train,glioma,512,512,JPEG
train/glioma/aug_208_0226.jpg,train,glioma,512,512,JPEG
train/glioma/aug_68_0344.jpg,train,glioma,512,512,JPEG
train/glioma/1001.jpg,train,glioma,512,512,JPEG
train/glioma/0233.jpg,train,glioma,512,512,JPEG
train/glioma/1594.jpg,train,glioma,512,512,JPEG
train/glioma/0985.jpg,train,glioma,512,512,JPEG
train/glioma/0204.jpg,train,glioma,512,512,JPEG
train/glioma/0607.jpg,train,glioma,512,512,JPEG
train/glioma/1141.jpg,train,glioma,512,512,JPEG
train/glioma/1520.jpg,train,glioma,512,512,JPEG
train/glioma/0123.jpg,train,glioma,512,512,JPEG
train/glioma/aug_96_1052.jpg,train,glioma,512,512,JPEG
train/glioma/0392.jpg,train,glioma,512,512,JPEG
train/glioma/1270.jpg,train,glioma,512,512,JPEG
train/glioma/1353.jpg,train,glioma,512,512,JPEG
train/glioma/0070.jpg,train,glioma,512,512,JPEG
train/glioma/1223.jpg,train,glioma,512,512,JPEG
train/glioma/0379.jpg,train,glioma,512,512,JPEG
train/glioma/aug_236_0161.jpg,train,glioma,512,512,JPEG
train/glioma/aug_141_0090.jpg,train,glioma,512,512,JPEG
train/glioma/0121.jpg,train,glioma,512,512,JPEG
train/glioma/0290.jpg,train,glioma,512,512,JPEG
train/glioma/aug_218_0342.jpg,train,glioma,512,512,JPEG
train/glioma/0913.jpg,train,glioma,512,512,JPEG
train/glioma/1578.jpg,train,glioma,512,512,JPEG
train/glioma/aug_7_0215.jpg,train,glioma,512,512,JPEG
train/glioma/1377.jpg,train,glioma,512,512,JPEG
train/glioma/1553.jpg,train,glioma,512,512,JPEG
train/glioma/0164.jpg,train,glioma,512,512,JPEG
train/glioma/1390.jpg,train,glioma,512,512,JPEG
train/glioma/1474.jpg,train,glioma,512,512,JPEG
train/glioma/0263.jpg,train,glioma,512,512,JPEG
train/glioma/0710.jpg,train,glioma,512,512,JPEG
train/glioma/aug_147_0643.jpg,train,glioma,512,512,JPEG
train/glioma/0938.jpg,train,glioma,512,512,JPEG
train/glioma/1046.jpg,train,glioma,512,512,JPEG
train/glioma/1075.jpg,train,glioma,512,512,JPEG
train/glioma/aug_130_0786.jpg,train,glioma,512,512,JPEG
train/glioma/1222.jpg,train,glioma,512,512,JPEG
train/glioma/0772.jpg,train,glioma,512,512,JPEG
train/glioma/1119.jpg,train,glioma,512,512,JPEG
train/glioma/0874.jpg,train,glioma,512,512,JPEG
train/glioma/0353.jpg,train,glioma,512,512,JPEG
train/glioma/0322.jpg,train,glioma,512,512,JPEG
train/glioma/1166.jpg,train,glioma,512,512,JPEG
train/glioma/1052.jpg,train,glioma,512,512,JPEG
train/glioma/1139.jpg,train,glioma,512,512,JPEG
train/glioma/1559.jpg,train,glioma,512,512,JPEG
train/glioma/aug_145_1246.jpg,train,glioma,512,512,JPEG
train/glioma/0694.jpg,train,glioma,512,512,JPEG
train/glioma/0733.jpg,train,glioma,512,512,JPEG
train/healthy/1781.jpg,train,healthy,630,630,JPEG
train/healthy/0610.jpg,train,healthy,214,236,JPEG
train/healthy/0783.jpg,train,healthy,512,512,JPEG
train/healthy/0234.jpg,train,healthy,236,243,JPEG
train/healthy/1607.jpg,train,healthy,236,236,JPEG
train/healthy/1438.jpg,train,healthy,350,350,JPEG
train/healthy/0227.jpg,train,healthy,236,236,JPEG
train/healthy/0921.jpg,train,healthy,232,217,JPEG
train/healthy/0486.jpg,train,healthy,225,225,JPEG
train/healthy/1326.jpg,train,healthy,225,225,JPEG
train/healthy/0623.jpg,train,healthy,630,630,JPEG
train/healthy/1739.jpg,train,healthy,194,259,JPEG
train/healthy/1432.jpg,train,healthy,420,280,JPEG
train/healthy/0578.jpg,train,healthy,456,501,JPEG
train/healthy/1542.jpg,train,healthy,300,168,JPEG
train/healthy/0078.jpg,train,healthy,225,225,JPEG
train/healthy/0165.jpg,train,healthy,504,540,JPEG
train/healthy/1968.jpg,train,healthy,194,259,JPEG
train/healthy/0383.jpg,train,healthy,228,221,JPEG
train/healthy/0615.jpg,train,healthy,630,630,JPEG
train/healthy/1031.jpg,train,healthy,550,664,JPEG
train/healthy/0012.jpg,train,healthy,232,217,JPEG
train/healthy/0386.jpg,train,healthy,441,442,JPEG
train/healthy/0245.jpg,train,healthy,173,201,JPEG
train/healthy/0589.jpg,train,healthy,339,340,JPEG
train/healthy/1561.jpg,train,healthy,680,680,JPEG
train/healthy/0190.jpg,train,healthy,226,213,JPEG
train/healthy/0406.jpg,train,healthy,393,400,JPEG
train/healthy/1977.jpg,train,healthy,428,417,JPEG
train/healthy/0605.jpg,train,healthy,254,198,JPEG
train/healthy/1824.jpg,train,healthy,512,512,JPEG
train/healthy/0373.jpg,train,healthy,380,530,JPEG
train/healthy/0716.jpg,train,healthy,236,213,JPEG
train/healthy/1427.jpg,train,healthy,201,250,JPEG
train/healthy/0256.jpg,train,healthy,228,221,JPEG
train/healthy/1359.jpg,train,healthy,428,417,JPEG
train/healthy/0738.jpg,train,healthy,227,222,JPEG
train/healthy/0472.jpg,train,healthy,236,236,JPEG
train/healthy/1184.jpg,train,healthy,228,221,JPEG
train/healthy/1838.jpg,train,healthy,441,442,JPEG
train/healthy/0530.jpg,train,healthy,442,442,JPEG
train/healthy/0592.jpg,train,healthy,208,248,JPEG
train/healthy/1336.jpg,train,healthy,296,320,JPEG
train/healthy/0599.jpg,train,healthy,192,192,JPEG
train/healthy/0351.jpg,train,healthy,225,225,JPEG
train/healthy/1059.jpg,train,healthy,228,221,JPEG
train/healthy/0006.jpg,train,healthy,785,848,JPEG
train/healthy/1273.jpg,train,healthy,219,211,JPEG
train/healthy/0242.jpg,train,healthy,225,225,JPEG
train/healthy/1592.jpg,train,healthy,441,442,JPEG
train/healthy/1120.jpg,train,healthy,229,280,JPEG
train/healthy/0761.jpg,train,healthy,314,258,JPEG
train/healthy/0423.jpg,train,healthy,225,225,JPEG
train/healthy/1188.jpg,train,healthy,225,225,JPEG
train/healthy/1888.jpg,train,healthy,225,225,JPEG
train/healthy/1190.jpg,train,healthy,236,236,JPEG
train/healthy/1220.jpg,train,healthy,206,244,JPEG
train/healthy/1170.jpg,train,healthy,201,251,JPEG
train/healthy/0196.jpg,train,healthy,236,357,JPEG
train/healthy/1741.jpg,train,healthy,400,442,JPEG
train/healthy/0868.jpg,train,healthy,150,198,JPEG
train/healthy/0243.jpg,train,healthy,420,280,JPEG
train/healthy/1599.jpg,train,healthy,225,225,JPEG
train/healthy/0577.jpg,train,healthy,228,221,JPEG
train/healthy/0704.jpg,train,healthy,228,221,JPEG
train/healthy/1186.jpg,train,healthy,359,449,JPEG
train/healthy/0782.jpg,train,healthy,447,251,JPEG
train/healthy/0211.jpg,train,healthy,208,278,JPEG
train/healthy/1602.jpg,train,healthy,227,222,JPEG
train/healthy/1351.jpg,train,healthy,210,234,JPEG
train/healthy/0111.jpg,train,healthy,228,221,JPEG
train/healthy/0799.jpg,train,healthy,470,508,JPEG
train/healthy/0157.jpg,train,healthy,428,417,JPEG
train/healthy/0955.jpg,train,healthy,230,282,JPEG
train/healthy/1993.jpg,train,healthy,642,361,JPEG
train/healthy/1678.jpg,train,healthy,442,442,JPEG
train/healthy/1805.jpg,train,healthy,428,417,JPEG
train/healthy/1572.jpg,train,healthy,208,248,JPEG
train/healthy/0949.jpg,train,healthy,428,417,JPEG
train/healthy/1631.jpg,train,healthy,150,198,JPEG
train/healthy/1124.jpg,train,healthy,276,326,JPEG
train/healthy/0016.jpg,train,healthy,630,630,JPEG
train/healthy/0113.jpg,train,healthy,192,192,JPEG
train/healthy/1330.jpg,train,healthy,717,717,JPEG
train/healthy/0145.jpg,train,healthy,300,168,JPEG
train/healthy/0542.jpg,train,healthy,225,225,JPEG
train/healthy/1226.jpg,train,healthy,225,225,JPEG
train/healthy/1094.jpg,train,healthy,214,236,JPEG
train/healthy/0334.jpg,train,healthy,755,824,JPEG
train/healthy/0895.jpg,train,healthy,212,238,JPEG
train/healthy/0963.jpg,train,healthy,235,214,JPEG
train/healthy/0258.jpg,train,healthy,236,269,JPEG
train/healthy/1773.jpg,train,healthy,211,236,JPEG
train/healthy/1231.jpg,train,healthy,207,243,JPEG
train/healthy/1613.jpg,train,healthy,207,225,JPEG
train/healthy/1534.jpg,train,healthy,236,221,JPEG
train/healthy/0166.jpg,train,healthy,339,340,JPEG
train/healthy/1499.jpg,train,healthy,227,222,JPEG
train/healthy/1973.jpg,train,healthy,630,630,JPEG
train/healthy/1523.jpg,train,healthy,196,257,JPEG
train/healthy/1731.jpg,train,healthy,642,361,JPEG
train/healthy/0923.jpg,train,healthy,218,231,JPEG
train/healthy/1416.jpg,train,healthy,230,282,JPEG
train/healthy/1313.jpg,train,healthy,405,484,JPEG
train/healthy/1341.jpg,train,healthy,206,244,JPEG
train/healthy/0411.jpg,train,healthy,225,225,JPEG
train/healthy/0900.jpg,train,healthy,225,225,JPEG
train/healthy/0743.jpg,train,healthy,356,474,JPEG
train/healthy/0805.jpg,train,healthy,200,248,JPEG
train/healthy/0297.jpg,train,healthy,468,444,JPEG
train/healthy/0028.jpg,train,healthy,217,248,JPEG
train/healthy/1663.jpg,train,healthy,225,225,JPEG
train/healthy/0573.jpg,train,healthy,173,201,JPEG
train/healthy/0859.jpg,train,healthy,215,234,JPEG
train/healthy/1765.jpg,train,healthy,227,222,JPEG
train/healthy/0682.jpg,train,healthy,215,234,JPEG
train/healthy/1038.jpg,train,healthy,236,213,JPEG
train/healthy/0009.jpg,train,healthy,428,417,JPEG
train/healthy/1251.jpg,train,healthy,400,442,JPEG
train/healthy/0706.jpg,train,healthy,225,225,JPEG
train/healthy/0181.jpg,train,healthy,201,250,JPEG
train/healthy/1547.jpg,train,healthy,207,243,JPEG
train/healthy/0212.jpg,train,healthy,550,664,JPEG
train/healthy/0440.jpg,train,healthy,200,252,JPEG
train/healthy/1006.jpg,train,healthy,393,400,JPEG
train/healthy/1080.jpg,train,healthy,275,183,JPEG
train/healthy/0973.jpg,train,healthy,208,242,JPEG
train/healthy/0200.jpg,train,healthy,630,630,JPEG
train/healthy/0569.jpg,train,healthy,225,225,JPEG
train/healthy/0528.jpg,train,healthy,444,506,JPEG
train/healthy/1168.jpg,train,healthy,332,442,JPEG
train/healthy/0839.jpg,train,healthy,600,600,JPEG
train/healthy/0276.jpg,train,healthy,356,474,JPEG
train/healthy/0551.jpg,train,healthy,235,229,JPEG
train/healthy/1178.jpg,train,healthy,442,442,JPEG
train/healthy/1941.jpg,train,healthy,227,262,JPEG
train/healthy/0813.jpg,train,healthy,227,262,JPEG
train/healthy/0308.jpg,train,healthy,442,442,JPEG
train/healthy/1455.jpg,train,healthy,236,357,JPEG
train/healthy/1374.jpg,train,healthy,428,417,JPEG
train/healthy/0232.jpg,train,healthy,225,225,JPEG
train/healthy/1690.jpg,train,healthy,225,225,JPEG
train/healthy/0320.jpg,train,healthy,200,252,JPEG
train/healthy/1806.jpg,train,healthy,420,280,JPEG
train/healthy/1167.jpg,train,healthy,173,201,JPEG
train/healthy/1145.jpg,train,healthy,228,221,JPEG
train/healthy/1171.jpg,train,healthy,220,275,JPEG
train/healthy/0798.jpg,train,healthy,201,251,JPEG
train/healthy/0428.jpg,train,healthy,215,234,JPEG
train/healthy/0180.jpg,train,healthy,212,238,JPEG
train/healthy/0650.jpg,train,healthy,194,259,JPEG
train/healthy/1144.jpg,train,healthy,225,225,JPEG
train/healthy/0060.jpg,train,healthy,428,417,JPEG
train/healthy/1108.jpg,train,healthy,235,214,JPEG
train/healthy/1954.jpg,train,healthy,201,251,JPEG
train/healthy/0532.jpg,train,healthy,225,225,JPEG
train/healthy/1487.jpg,train,healthy,150,198,JPEG
train/healthy/0191.jpg,train,healthy,208,278,JPEG
train/healthy/0725.jpg,train,healthy,420,280,JPEG
train/healthy/0451.jpg,train,healthy,393,400,JPEG
train/healthy/0310.jpg,train,healthy,200,252,JPEG
train/healthy/1430.jpg,train,healthy,173,201,JPEG
train/healthy/0965.jpg,train,healthy,330,220,JPEG
train/healthy/1540.jpg,train,healthy,225,225,JPEG
train/healthy/0201.jpg,train,healthy,225,225,JPEG
train/healthy/1994.jpg,train,healthy,236,263,JPEG
train/healthy/1762.jpg,train,healthy,259,194,JPEG
train/healthy/0778.jpg,train,healthy,207,225,JPEG
train/healthy/0159.jpg,train,healthy,173,201,JPEG
train/healthy/0051.jpg,train,healthy,196,257,JPEG
train/healthy/0380.jpg,train,healthy,400,442,JPEG
train/healthy/1472.jpg,train,healthy,225,225,JPEG
train/healthy/1441.jpg,train,healthy,339,340,JPEG
train/healthy/1755.jpg,train,healthy,428,417,JPEG
train/healthy/1036.jpg,train,healthy,350,350,JPEG
train/healthy/1683.jpg,train,healthy,442,442,JPEG
train/healthy/0072.jpg,train,healthy,504,540,JPEG
train/healthy/0902.jpg,train,healthy,275,301,JPEG
train/healthy/0557.jpg,train,healthy,214,236,JPEG
train/healthy/0755.jpg,train,healthy,236,251,JPEG
train/healthy/0043.jpg,train,healthy,200,252,JPEG
train/healthy/0502.jpg,train,healthy,850,872,JPEG
train/healthy/1123.jpg,train,healthy,550,664,JPEG
train/healthy/0947.jpg,train,healthy,150,198,JPEG
train/healthy/0116.jpg,train,healthy,550,664,JPEG
train/healthy/1103.jpg,train,healthy,230,282,JPEG
train/healthy/1686.jpg,train,healthy,225,225,JPEG
train/healthy/0426.jpg,train,healthy,225,225,JPEG
train/healthy/1930.jpg,train,healthy,356,474,JPEG
train/healthy/0901.jpg,train,healthy,196,257,JPEG
train/healthy/0146.jpg,train,healthy,236,263,JPEG
train/healthy/1372.jpg,train,healthy,215,234,JPEG
train/healthy/0372.jpg,train,healthy,630,630,JPEG
train/healthy/1305.jpg,train,healthy,215,234,JPEG
train/healthy/0095.jpg,train,healthy,225,225,JPEG
train/healthy/1868.jpg,train,healthy,208,242,JPEG
train/healthy/1853.jpg,train,healthy,236,231,JPEG
train/healthy/0061.jpg,train,healthy,225,225,JPEG
train/healthy/1556.jpg,train,healthy,472,537,JPEG
train/healthy/1489.jpg,train,healthy,208,242,JPEG
train/healthy/0685.jpg,train,healthy,150,198,JPEG
train/healthy/0924.jpg,train,healthy,218,231,JPEG
train/healthy/0526.jpg,train,healthy,235,214,JPEG
train/healthy/1584.jpg,train,healthy,232,217,JPEG
train/healthy/1790.jpg,train,healthy,150,198,JPEG
train/healthy/0780.jpg,train,healthy,550,664,JPEG
train/healthy/0268.jpg,train,healthy,218,231,JPEG
train/healthy/1338.jpg,train,healthy,850,872,JPEG
train/healthy/0203.jpg,train,healthy,428,417,JPEG
train/healthy/1400.jpg,train,healthy,236,213,JPEG
train/healthy/0847.jpg,train,healthy,225,225,JPEG
train/healthy/0163.jpg,train,healthy,218,231,JPEG
train/healthy/0600.jpg,train,healthy,236,236,JPEG
train/healthy/1345.jpg,train,healthy,150,198,JPEG
train/healthy/1418.jpg,train,healthy,225,225,JPEG
train/healthy/1611.jpg,train,healthy,630,630,JPEG
train/healthy/0065.jpg,train,healthy,350,350,JPEG
train/healthy/1425.jpg,train,healthy,225,225,JPEG
train/healthy/1832.jpg,train,healthy,227,262,JPEG
train/healthy/0734.jpg,train,healthy,225,225,JPEG
train/healthy/0338.jpg,train,healthy,1024,1024,JPEG
train/healthy/1843.jpg,train,healthy,393,400,JPEG
train/healthy/1383.jpg,train,healthy,205,249,JPEG
train/healthy/1086.jpg,train,healthy,468,444,JPEG
train/healthy/1047.jpg,train,healthy,225,225,JPEG
train/healthy/0449.jpg,train,healthy,225,225,JPEG
train/healthy/0283.jpg,train,healthy,442,442,JPEG
train/healthy/1532.jpg,train,healthy,630,630,JPEG
train/healthy/1437.jpg,train,healthy,225,225,JPEG
train/healthy/1373.jpg,train,healthy,300,168,JPEG
train/healthy/1098.jpg,train,healthy,339,415,JPEG
train/healthy/1860.jpg,train,healthy,380,530,JPEG
train/healthy/0144.jpg,train,healthy,236,236,JPEG
train/healthy/1817.jpg,train,healthy,212,238,JPEG
train/healthy/1825.jpg,train,healthy,227,222,JPEG
train/healthy/0089.jpg,train,healthy,220,275,JPEG
train/healthy/0789.jpg,train,healthy,235,214,JPEG
train/healthy/0875.jpg,train,healthy,236,236,JPEG
train/healthy/0257.jpg,train,healthy,236,236,JPEG
train/healthy/1711.jpg,train,healthy,236,236,JPEG
train/healthy/1866.jpg,train,healthy,359,449,JPEG
train/healthy/1058.jpg,train,healthy,400,442,JPEG
train/healthy/1712.jpg,train,healthy,232,217,JPEG
train/healthy/1465.jpg,train,healthy,225,225,JPEG
train/healthy/1510.jpg,train,healthy,642,361,JPEG
train/healthy/1931.jpg,train,healthy,215,234,JPEG
train/healthy/1044.jpg,train,healthy,200,252,JPEG
train/healthy/0988.jpg,train,healthy,232,217,JPEG
train/healthy/1073.jpg,train,healthy,232,217,JPEG
train/healthy/0503.jpg,train,healthy,630,630,JPEG
train/healthy/1797.jpg,train,healthy,468,444,JPEG
train/healthy/0415.jpg,train,healthy,225,225,JPEG
train/healthy/1940.jpg,train,healthy,201,251,JPEG
train/healthy/1445.jpg,train,healthy,393,400,JPEG
train/healthy/0391.jpg,train,healthy,225,225,JPEG
train/healthy/0676.jpg,train,healthy,468,444,JPEG
train/healthy/1828.jpg,train,healthy,200,252,JPEG
train/healthy/0286.jpg,train,healthy,276,326,JPEG
train/healthy/0387.jpg,train,healthy,218,231,JPEG
train/healthy/1713.jpg,train,healthy,300,168,JPEG
train/healthy/1477.jpg,train,healthy,468,444,JPEG
train/healthy/1722.jpg,train,healthy,232,217,JPEG
train/healthy/0852.jpg,train,healthy,442,454,JPEG
train/healthy/1402.jpg,train,healthy,251,273,JPEG
train/healthy/1710.jpg,train,healthy,225,225,JPEG
train/healthy/1606.jpg,train,healthy,236,236,JPEG
train/healthy/0693.jpg,train,healthy,200,252,JPEG
train/healthy/1187.jpg,train,healthy,225,225,JPEG
train/healthy/0601.jpg,train,healthy,468,444,JPEG
train/healthy/1122.jpg,train,healthy,626,686,JPEG
train/healthy/0399.jpg,train,healthy,207,243,JPEG
train/healthy/0117.jpg,train,healthy,225,225,JPEG
train/healthy/1062.jpg,train,healthy,354,443,JPEG
train/healthy/1228.jpg,train,healthy,468,444,JPEG
train/healthy/1726.jpg,train,healthy,228,221,JPEG
train/healthy/1064.jpg,train,healthy,225,225,JPEG
train/healthy/0968.jpg,train,healthy,550,664,JPEG
train/healthy/0661.jpg,train,healthy,350,393,JPEG
train/healthy/1335.jpg,train,healthy,236,269,JPEG
train/healthy/0105.jpg,train,healthy,228,221,JPEG
train/healthy/0624.jpg,train,healthy,236,262,JPEG
train/healthy/0189.jpg,train,healthy,630,630,JPEG
train/healthy/1847.jpg,train,healthy,225,225,JPEG
train/healthy/0596.jpg,train,healthy,225,225,JPEG
train/healthy/0249.jpg,train,healthy,441,442,JPEG
train/healthy/1612.jpg,train,healthy,680,680,JPEG
train/healthy/1904.jpg,train,healthy,227,262,JPEG
train/healthy/1182.jpg,train,healthy,442,442,JPEG
train/healthy/0957.jpg,train,healthy,173,201,JPEG
train/healthy/1646.jpg,train,healthy,236,236,JPEG
train/healthy/1891.jpg,train,healthy,468,444,JPEG
train/healthy/0565.jpg,train,healthy,225,225,JPEG
train/healthy/1760.jpg,train,healthy,504,540,JPEG
train/healthy/0066.jpg,train,healthy,236,213,JPEG
train/healthy/0714.jpg,train,healthy,236,236,JPEG
train/healthy/1978.jpg,train,healthy,200,252,JPEG
train/healthy/0606.jpg,train,healthy,228,221,JPEG
train/healthy/1565.jpg,train,healthy,236,290,JPEG
train/healthy/1181.jpg,train,healthy,192,192,JPEG
train/healthy/0919.jpg,train,healthy,276,326,JPEG
train/healthy/0851.jpg,train,healthy,210,213,JPEG
train/healthy/1948.jpg,train,healthy,276,326,JPEG
train/healthy/1932.jpg,train,healthy,236,236,JPEG
train/healthy/0036.jpg,train,healthy,630,630,JPEG
train/healthy/1246.jpg,train,healthy,206,244,JPEG
train/healthy/1490.jpg,train,healthy,192,192,JPEG
train/healthy/0401.jpg,train,healthy,442,442,JPEG
train/healthy/1814.jpg,train,healthy,236,268,JPEG
train/healthy/0319.jpg,train,healthy,339,340,JPEG
train/healthy/1208.jpg,train,healthy,225,225,JPEG
train/healthy/1042.jpg,train,healthy,550,664,JPEG
train/healthy/0707.jpg,train,healthy,442,454,JPEG
train/healthy/0604.jpg,train,healthy,642,361,JPEG
train/healthy/0765.jpg,train,healthy,200,252,JPEG
train/healthy/1034.jpg,train,healthy,216,202,JPEG
train/healthy/0762.jpg,train,healthy,225,225,JPEG
train/healthy/0251.jpg,train,healthy,228,221,JPEG
train/healthy/1361.jpg,train,healthy,215,234,JPEG
train/healthy/0535.jpg,train,healthy,441,442,JPEG
train/healthy/0186.jpg,train,healthy,234,218,JPEG
train/healthy/0997.jpg,train,healthy,400,442,JPEG
train/healthy/0882.jpg,train,healthy,235,214,JPEG
train/healthy/0833.jpg,train,healthy,214,236,JPEG
train/healthy/1290.jpg,train,healthy,468,444,JPEG
train/healthy/0928.jpg,train,healthy,232,217,JPEG
train/healthy/0993.jpg,train,healthy,630,630,JPEG
train/healthy/0544.jpg,train,healthy,214,236,JPEG
train/healthy/0120.jpg,train,healthy,208,225,JPEG
train/healthy/1753.jpg,train,healthy,227,222,JPEG
train/healthy/1405.jpg,train,healthy,209,242,JPEG
train/healthy/1000.jpg,train,healthy,276,326,JPEG
train/healthy/1087.jpg,train,healthy,626,575,JPEG
train/healthy/1593.jpg,train,healthy,207,207,JPEG
train/healthy/1155.jpg,train,healthy,201,251,JPEG
train/healthy/1737.jpg,train,healthy,225,225,JPEG
train/healthy/0179.jpg,train,healthy,207,243,JPEG
train/healthy/0476.jpg,train,healthy,201,251,JPEG
train/healthy/0341.jpg,train,healthy,630,630,JPEG
train/healthy/0280.jpg,train,healthy,200,252,JPEG
train/healthy/1260.jpg,train,healthy,236,236,JPEG
train/healthy/0800.jpg,train,healthy,550,664,JPEG
train/healthy/0824.jpg,train,healthy,428,417,JPEG
train/healthy/1419.jpg,train,healthy,215,234,JPEG
train/healthy/0648.jpg,train,healthy,339,340,JPEG
train/healthy/1965.jpg,train,healthy,150,198,JPEG
train/healthy/1055.jpg,train,healthy,214,236,JPEG
train/healthy/1665.jpg,train,healthy,630,630,JPEG
train/healthy/1431.jpg,train,healthy,225,225,JPEG
train/healthy/1491.jpg,train,healthy,218,231,JPEG
train/healthy/1850.jpg,train,healthy,300,168,JPEG
train/healthy/0358.jpg,train,healthy,236,269,JPEG
train/healthy/0554.jpg,train,healthy,150,198,JPEG
train/healthy/0408.jpg,train,healthy,225,225,JPEG
train/healthy/1972.jpg,train,healthy,630,630,JPEG
train/healthy/0986.jpg,train,healthy,236,294,JPEG
train/healthy/0580.jpg,train,healthy,236,231,JPEG
train/healthy/1493.jpg,train,healthy,225,225,JPEG
train/healthy/0001.jpg,train,healthy,630,630,JPEG
train/healthy/1252.jpg,train,healthy,225,225,JPEG
train/healthy/0756.jpg,train,healthy,441,442,JPEG
train/healthy/1833.jpg,train,healthy,441,442,JPEG
train/healthy/1736.jpg,train,healthy,225,225,JPEG
train/healthy/1340.jpg,train,healthy,225,225,JPEG
train/healthy/0715.jpg,train,healthy,236,263,JPEG
train/healthy/1925.jpg,train,healthy,225,225,JPEG
train/healthy/1529.jpg,train,healthy,201,251,JPEG
train/healthy/1354.jpg,train,healthy,642,361,JPEG
train/healthy/0119.jpg,train,healthy,400,442,JPEG
train/healthy/1367.jpg,train,healthy,332,442,JPEG
train/healthy/0183.jpg,train,healthy,236,213,JPEG
train/healthy/1343.jpg,train,healthy,225,225,JPEG
train/healthy/1302.jpg,train,healthy,300,168,JPEG
train/healthy/1413.jpg,train,healthy,201,250,JPEG
train/healthy/1822.jpg,train,healthy,201,250,JPEG
train/healthy/0670.jpg,train,healthy,150,198,JPEG
train/healthy/1890.jpg,train,healthy,200,252,JPEG
train/healthy/0672.jpg,train,healthy,453,496,JPEG
train/healthy/0247.jpg,train,healthy,236,236,JPEG
train/healthy/1478.jpg,train,healthy,236,220,JPEG
train/healthy/0890.jpg,train,healthy,222,252,JPEG
train/healthy/1658.jpg,train,healthy,225,225,JPEG
train/healthy/1218.jpg,train,healthy,225,225,JPEG
train/healthy/0658.jpg,train,healthy,227,262,JPEG
train/healthy/1112.jpg,train,healthy,630,630,JPEG
train/healthy/1204.jpg,train,healthy,225,225,JPEG
train/healthy/1328.jpg,train,healthy,225,225,JPEG
train/healthy/0699.jpg,train,healthy,207,243,JPEG
train/healthy/1129.jpg,train,healthy,201,250,JPEG
train/healthy/1014.jpg,train,healthy,228,221,JPEG
train/healthy/1079.jpg,train,healthy,236,236,JPEG
train/healthy/1758.jpg,train,healthy,228,221,JPEG
train/healthy/1235.jpg,train,healthy,173,201,JPEG
train/healthy/1173.jpg,train,healthy,785,848,JPEG
train/healthy/1684.jpg,train,healthy,215,234,JPEG
train/healthy/1903.jpg,train,healthy,630,630,JPEG
train/healthy/1443.jpg,train,healthy,605,613,JPEG
train/healthy/1754.jpg,train,healthy,225,225,JPEG
train/healthy/1798.jpg,train,healthy,225,225,JPEG
train/healthy/0747.jpg,train,healthy,225,225,JPEG
train/healthy/1271.jpg,train,healthy,236,260,JPEG
train/healthy/1749.jpg,train,healthy,236,262,JPEG
train/healthy/0855.jpg,train,healthy,150,198,JPEG
train/healthy/1032.jpg,train,healthy,441,442,JPEG
train/healthy/1428.jpg,train,healthy,255,236,JPEG
train/healthy/0262.jpg,train,healthy,630,630,JPEG
train/healthy/1194.jpg,train,healthy,227,262,JPEG
train/healthy/1136.jpg,train,healthy,228,221,JPEG
train/healthy/0754.jpg,train,healthy,208,242,JPEG
train/healthy/0259.jpg,train,healthy,504,540,JPEG
train/healthy/1669.jpg,train,healthy,236,236,JPEG
train/healthy/0382.jpg,train,healthy,225,225,JPEG
train/healthy/1751.jpg,train,healthy,232,217,JPEG
train/healthy/0188.jpg,train,healthy,468,444,JPEG
train/healthy/0627.jpg,train,healthy,236,295,JPEG
train/healthy/0357.jpg,train,healthy,890,1075,JPEG
train/healthy/1127.jpg,train,healthy,236,295,JPEG
train/healthy/0359.jpg,train,healthy,212,238,JPEG
train/healthy/1116.jpg,train,healthy,201,251,JPEG
train/healthy/1091.jpg,train,healthy,225,225,JPEG
train/healthy/1105.jpg,train,healthy,225,225,JPEG
train/healthy/1329.jpg,train,healthy,235,227,JPEG
train/healthy/1886.jpg,train,healthy,233,226,JPEG
train/healthy/1621.jpg,train,healthy,206,244,JPEG
train/healthy/1779.jpg,train,healthy,227,222,JPEG
train/healthy/1005.jpg,train,healthy,216,302,JPEG
train/healthy/0581.jpg,train,healthy,853,480,JPEG
train/healthy/1066.jpg,train,healthy,150,198,JPEG
train/healthy/1180.jpg,train,healthy,339,415,JPEG
train/healthy/0461.jpg,train,healthy,225,225,JPEG
train/healthy/1295.jpg,train,healthy,236,260,JPEG
train/healthy/0139.jpg,train,healthy,150,198,JPEG
train/healthy/1101.jpg,train,healthy,225,225,JPEG
train/healthy/0739.jpg,train,healthy,728,725,JPEG
train/healthy/1253.jpg,train,healthy,442,442,JPEG
train/healthy/1258.jpg,train,healthy,228,221,JPEG
train/healthy/1498.jpg,train,healthy,225,225,JPEG
train/healthy/1479.jpg,train,healthy,192,192,JPEG
train/healthy/0056.jpg,train,healthy,224,286,JPEG
train/healthy/1999.jpg,train,healthy,504,540,JPEG
train/healthy/1264.jpg,train,healthy,201,250,JPEG
train/healthy/1679.jpg,train,healthy,235,214,JPEG
train/healthy/0306.jpg,train,healthy,228,221,JPEG
train/healthy/1463.jpg,train,healthy,235,214,JPEG
train/healthy/1100.jpg,train,healthy,225,225,JPEG
train/healthy/0198.jpg,train,healthy,642,361,JPEG
train/healthy/1971.jpg,train,healthy,225,225,JPEG
train/healthy/1996.jpg,train,healthy,194,259,JPEG
train/healthy/1249.jpg,train,healthy,236,290,JPEG
train/healthy/0498.jpg,train,healthy,200,252,JPEG
train/healthy/1045.jpg,train,healthy,150,198,JPEG
train/healthy/0241.jpg,train,healthy,225,225,JPEG
train/healthy/0730.jpg,train,healthy,150,198,JPEG
train/healthy/0460.jpg,train,healthy,235,257,JPEG
train/healthy/0954.jpg,train,healthy,380,530,JPEG
train/healthy/0767.jpg,train,healthy,201,251,JPEG
train/healthy/1788.jpg,train,healthy,228,221,JPEG
train/healthy/0237.jpg,train,healthy,225,225,JPEG
train/healthy/1600.jpg,train,healthy,380,530,JPEG
train/healthy/1099.jpg,train,healthy,630,630,JPEG
train/healthy/0983.jpg,train,healthy,428,417,JPEG
train/healthy/0007.jpg,train,healthy,512,512,JPEG
train/healthy/1784.jpg,train,healthy,225,225,JPEG
train/healthy/1205.jpg,train,healthy,227,213,JPEG
train/healthy/1482.jpg,train,healthy,177,197,JPEG
train/healthy/0728.jpg,train,healthy,228,221,JPEG
train/healthy/1154.jpg,train,healthy,225,225,JPEG
train/healthy/0488.jpg,train,healthy,212,236,JPEG
train/healthy/0626.jpg,train,healthy,228,221,JPEG
train/healthy/1844.jpg,train,healthy,235,214,JPEG
train/healthy/1705.jpg,train,healthy,208,225,JPEG
train/healthy/0886.jpg,train,healthy,853,480,JPEG
train/healthy/0775.jpg,train,healthy,655,602,JPEG
train/healthy/1314.jpg,train,healthy,236,236,JPEG
train/healthy/1632.jpg,train,healthy,236,236,JPEG
train/healthy/0110.jpg,train,healthy,339,340,JPEG
train/healthy/1146.jpg,train,healthy,236,236,JPEG
train/healthy/0412.jpg,train,healthy,225,225,JPEG
train/healthy/1342.jpg,train,healthy,441,442,JPEG
train/healthy/0202.jpg,train,healthy,201,251,JPEG
train/healthy/0959.jpg,train,healthy,331,406,JPEG
train/healthy/0129.jpg,train,healthy,225,225,JPEG
train/healthy/1221.jpg,train,healthy,225,225,JPEG
train/healthy/0558.jpg,train,healthy,300,168,JPEG
train/healthy/0858.jpg,train,healthy,227,222,JPEG
train/healthy/1196.jpg,train,healthy,1024,1024,JPEG
train/healthy/0046.jpg,train,healthy,236,213,JPEG
train/healthy/1768.jpg,train,healthy,225,225,JPEG
train/healthy/1193.jpg,train,healthy,225,225,JPEG
train/healthy/1521.jpg,train,healthy,393,400,JPEG
train/healthy/1175.jpg,train,healthy,235,214,JPEG
train/healthy/1078.jpg,train,healthy,350,350,JPEG
train/healthy/1522.jpg,train,healthy,201,251,JPEG
train/healthy/0489.jpg,train,healthy,359,449,JPEG
train/healthy/1714.jpg,train,healthy,210,234,JPEG
train/healthy/0252.jpg,train,healthy,225,225,JPEG
train/healthy/1088.jpg,train,healthy,225,225,JPEG
train/healthy/1859.jpg,train,healthy,359,449,JPEG
train/healthy/0017.jpg,train,healthy,173,201,JPEG
train/healthy/0808.jpg,train,healthy,236,236,JPEG
train/healthy/1704.jpg,train,healthy,278,253,JPEG
train/healthy/1161.jpg,train,healthy,468,444,JPEG
train/healthy/1232.jpg,train,healthy,225,225,JPEG
train/healthy/1845.jpg,train,healthy,214,236,JPEG
train/healthy/0470.jpg,train,healthy,225,225,JPEG
train/healthy/1496.jpg,train,healthy,642,361,JPEG
train/healthy/0527.jpg,train,healthy,630,630,JPEG
train/healthy/1069.jpg,train,healthy,206,244,JPEG
train/healthy/0301.jpg,train,healthy,680,680,JPEG
train/healthy/0483.jpg,train,healthy,225,225,JPEG
train/healthy/0178.jpg,train,healthy,227,262,JPEG
train/healthy/1462.jpg,train,healthy,630,630,JPEG
train/healthy/0169.jpg,train,healthy,225,225,JPEG
train/healthy/0980.jpg,train,healthy,236,239,JPEG
train/healthy/0776.jpg,train,healthy,227,262,JPEG
train/healthy/1701.jpg,train,healthy,225,225,JPEG
train/healthy/0691.jpg,train,healthy,407,485,JPEG
train/healthy/1016.jpg,train,healthy,200,252,JPEG
train/healthy/1837.jpg,train,healthy,232,217,JPEG
train/healthy/0154.jpg,train,healthy,630,630,JPEG
train/healthy/0397.jpg,train,healthy,550,664,JPEG
train/healthy/1017.jpg,train,healthy,150,198,JPEG
train/healthy/1020.jpg,train,healthy,201,250,JPEG
train/healthy/1095.jpg,train,healthy,300,168,JPEG
train/healthy/0664.jpg,train,healthy,562,592,JPEG
train/healthy/1635.jpg,train,healthy,232,217,JPEG
train/healthy/0841.jpg,train,healthy,300,168,JPEG
train/healthy/0264.jpg,train,healthy,228,221,JPEG
train/healthy/1406.jpg,train,healthy,221,257,JPEG
train/healthy/1169.jpg,train,healthy,225,225,JPEG
train/healthy/1394.jpg,train,healthy,192,192,JPEG
train/healthy/0832.jpg,train,healthy,225,225,JPEG
train/healthy/1742.jpg,train,healthy,225,225,JPEG
train/healthy/0749.jpg,train,healthy,225,225,JPEG
train/healthy/0926.jpg,train,healthy,428,417,JPEG
train/healthy/0795.jpg,train,healthy,225,225,JPEG
train/healthy/1577.jpg,train,healthy,200,252,JPEG
train/healthy/0083.jpg,train,healthy,450,504,JPEG
train/healthy/0410.jpg,train,healthy,225,225,JPEG
train/healthy/0075.jpg,train,healthy,192,192,JPEG
train/healthy/1986.jpg,train,healthy,212,236,JPEG
train/healthy/1332.jpg,train,healthy,236,260,JPEG
train/healthy/0564.jpg,train,healthy,173,201,JPEG
train/healthy/0651.jpg,train,healthy,655,602,JPEG
train/healthy/1436.jpg,train,healthy,428,417,JPEG
train/healthy/1791.jpg,train,healthy,236,236,JPEG
train/healthy/0281.jpg,train,healthy,230,282,JPEG
train/healthy/0879.jpg,train,healthy,236,231,JPEG
train/healthy/0176.jpg,train,healthy,201,251,JPEG
train/healthy/1505.jpg,train,healthy,212,238,JPEG
train/healthy/1652.jpg,train,healthy,380,530,JPEG
train/healthy/1576.jpg,train,healthy,630,630,JPEG
train/healthy/1597.jpg,train,healthy,339,340,JPEG
train/healthy/1983.jpg,train,healthy,225,225,JPEG
train/healthy/1855.jpg,train,healthy,225,225,JPEG
train/healthy/1452.jpg,train,healthy,201,250,JPEG
train/healthy/0641.jpg,train,healthy,236,251,JPEG
train/healthy/1759.jpg,train,healthy,236,263,JPEG
train/healthy/1934.jpg,train,healthy,350,393,JPEG
train/healthy/1007.jpg,train,healthy,225,225,JPEG
train/healthy/0515.jpg,train,healthy,630,614,JPEG
train/healthy/0545.jpg,train,healthy,278,280,JPEG
train/healthy/1424.jpg,train,healthy,236,236,JPEG
train/healthy/1746.jpg,train,healthy,232,217,JPEG
train/healthy/0745.jpg,train,healthy,225,225,JPEG
train/healthy/1449.jpg,train,healthy,400,442,JPEG
train/healthy/1199.jpg,train,healthy,236,236,JPEG
train/healthy/0074.jpg,train,healthy,236,236,JPEG
train/healthy/1650.jpg,train,healthy,225,225,JPEG
train/healthy/1458.jpg,train,healthy,218,234,JPEG
train/healthy/1792.jpg,train,healthy,150,198,JPEG
train/healthy/1984.jpg,train,healthy,236,315,JPEG
train/healthy/1214.jpg,train,healthy,225,225,JPEG
train/healthy/1269.jpg,train,healthy,642,361,JPEG
train/healthy/0807.jpg,train,healthy,225,225,JPEG
train/healthy/0724.jpg,train,healthy,235,227,JPEG
train/healthy/0209.jpg,train,healthy,232,217,JPEG
train/healthy/0425.jpg,train,healthy,220,275,JPEG
train/healthy/1281.jpg,train,healthy,150,198,JPEG
train/healthy/0491.jpg,train,healthy,208,242,JPEG
train/healthy/1030.jpg,train,healthy,329,310,JPEG
train/healthy/1289.jpg,train,healthy,201,250,JPEG
train/healthy/0593.jpg,train,healthy,236,300,JPEG
train/healthy/1376.jpg,train,healthy,728,725,JPEG
train/healthy/0723.jpg,train,healthy,234,224,JPEG
train/healthy/0136.jpg,train,healthy,210,264,JPEG
train/healthy/1318.jpg,train,healthy,236,268,JPEG
train/healthy/1567.jpg,train,healthy,417,424,JPEG
train/healthy/0050.jpg,train,healthy,850,872,JPEG
train/healthy/1392.jpg,train,healthy,201,251,JPEG
train/healthy/0222.jpg,train,healthy,630,630,JPEG
train/healthy/0906.jpg,train,healthy,203,243,JPEG
train/healthy/1010.jpg,train,healthy,225,225,JPEG
train/healthy/1072.jpg,train,healthy,1024,1024,JPEG
train/healthy/0818.jpg,train,healthy,150,198,JPEG
train/healthy/0403.jpg,train,healthy,442,454,JPEG
train/healthy/1920.jpg,train,healthy,235,229,JPEG
train/healthy/1580.jpg,train,healthy,400,442,JPEG
train/healthy/1277.jpg,train,healthy,276,326,JPEG
train/healthy/1309.jpg,train,healthy,642,361,JPEG
train/healthy/1414.jpg,train,healthy,550,664,JPEG
train/healthy/0462.jpg,train,healthy,236,295,JPEG
train/healthy/0797.jpg,train,healthy,228,221,JPEG
train/healthy/1579.jpg,train,healthy,200,252,JPEG
train/healthy/1674.jpg,train,healthy,227,262,JPEG
train/healthy/0126.jpg,train,healthy,200,248,JPEG
train/healthy/0152.jpg,train,healthy,438,502,JPEG
train/healthy/1942.jpg,train,healthy,442,454,JPEG
train/healthy/1039.jpg,train,healthy,630,630,JPEG
train/healthy/1743.jpg,train,healthy,236,270,JPEG
train/healthy/0101.jpg,train,healthy,275,183,JPEG
train/healthy/0115.jpg,train,healthy,364,418,JPEG
train/healthy/0628.jpg,train,healthy,225,225,JPEG
train/healthy/1300.jpg,train,healthy,225,225,JPEG
train/healthy/1719.jpg,train,healthy,200,248,JPEG
train/healthy/1259.jpg,train,healthy,150,198,JPEG
train/healthy/1152.jpg,train,healthy,359,449,JPEG
train/healthy/0452.jpg,train,healthy,630,630,JPEG
train/healthy/1316.jpg,train,healthy,225,225,JPEG
train/healthy/0430.jpg,train,healthy,630,630,JPEG
train/healthy/0702.jpg,train,healthy,233,222,JPEG
train/healthy/0570.jpg,train,healthy,236,236,JPEG
train/healthy/1647.jpg,train,healthy,225,225,JPEG
train/healthy/1913.jpg,train,healthy,225,225,JPEG
train/healthy/1988.jpg,train,healthy,201,251,JPEG
train/healthy/0005.jpg,train,healthy,225,225,JPEG
train/healthy/1981.jpg,train,healthy,300,168,JPEG
train/healthy/0848.jpg,train,healthy,228,221,JPEG
train/healthy/0082.jpg,train,healthy,225,225,JPEG
train/healthy/1407.jpg,train,healthy,208,242,JPEG
train/healthy/0272.jpg,train,healthy,236,250,JPEG
train/healthy/1242.jpg,train,healthy,201,250,JPEG
train/healthy/1656.jpg,train,healthy,225,225,JPEG
train/healthy/0915.jpg,train,healthy,400,442,JPEG
train/healthy/0047.jpg,train,healthy,236,236,JPEG
train/healthy/0925.jpg,train,healthy,225,225,JPEG
train/healthy/1234.jpg,train,healthy,225,225,JPEG
train/healthy/0492.jpg,train,healthy,300,168,JPEG
train/healthy/1177.jpg,train,healthy,275,183,JPEG
train/healthy/0835.jpg,train,healthy,215,234,JPEG
train/healthy/1718.jpg,train,healthy,442,454,JPEG
train/healthy/1841.jpg,train,healthy,201,251,JPEG
train/healthy/1360.jpg,train,healthy,236,213,JPEG
train/healthy/0552.jpg,train,healthy,206,244,JPEG
train/healthy/1878.jpg,train,healthy,236,290,JPEG
train/healthy/0740.jpg,train,healthy,227,222,JPEG
train/healthy/0917.jpg,train,healthy,350,393,JPEG
train/healthy/0368.jpg,train,healthy,512,512,JPEG
train/healthy/1680.jpg,train,healthy,235,261,JPEG
train/healthy/1089.jpg,train,healthy,229,214,JPEG
train/healthy/0974.jpg,train,healthy,201,251,JPEG
train/healthy/1627.jpg,train,healthy,225,225,JPEG
train/healthy/1368.jpg,train,healthy,236,213,JPEG
train/healthy/1380.jpg,train,healthy,236,213,JPEG
train/healthy/0501.jpg,train,healthy,550,664,JPEG
train/healthy/1153.jpg,train,healthy,350,393,JPEG
train/healthy/1317.jpg,train,healthy,150,198,JPEG
train/healthy/0094.jpg,train,healthy,359,449,JPEG
train/healthy/0404.jpg,train,healthy,207,243,JPEG
train/healthy/0962.jpg,train,healthy,393,400,JPEG
train/healthy/0821.jpg,train,healthy,227,300,JPEG
train/healthy/0057.jpg,train,healthy,225,225,JPEG
train/healthy/0367.jpg,train,healthy,173,201,JPEG
train/healthy/1143.jpg,train,healthy,236,236,JPEG
train/healthy/0197.jpg,train,healthy,359,449,JPEG
train/healthy/1550.jpg,train,healthy,680,680,JPEG
train/healthy/1651.jpg,train,healthy,150,198,JPEG
train/healthy/0355.jpg,train,healthy,410,490,JPEG
train/healthy/0370.jpg,train,healthy,225,225,JPEG
train/healthy/1969.jpg,train,healthy,206,244,JPEG
train/healthy/0432.jpg,train,healthy,356,474,JPEG
train/healthy/1451.jpg,train,healthy,442,442,JPEG
train/healthy/0453.jpg,train,healthy,428,417,JPEG
train/healthy/0085.jpg,train,healthy,228,221,JPEG
train/healthy/0717.jpg,train,healthy,235,227,JPEG
train/healthy/0318.jpg,train,healthy,359,449,JPEG
train/healthy/0255.jpg,train,healthy,225,225,JPEG
train/healthy/1732.jpg,train,healthy,225,225,JPEG
train/healthy/0364.jpg,train,healthy,214,236,JPEG
train/healthy/1347.jpg,train,healthy,232,217,JPEG
train/healthy/0455.jpg,train,healthy,177,197,JPEG
train/healthy/0881.jpg,train,healthy,642,361,JPEG
train/healthy/0416.jpg,train,healthy,206,244,JPEG
train/healthy/0519.jpg,train,healthy,218,231,JPEG
train/healthy/1210.jpg,train,healthy,200,252,JPEG
train/healthy/0464.jpg,train,healthy,228,221,JPEG
train/healthy/1560.jpg,train,healthy,232,217,JPEG
train/healthy/0291.jpg,train,healthy,225,225,JPEG
train/healthy/0656.jpg,train,healthy,228,221,JPEG
train/healthy/0546.jpg,train,healthy,228,221,JPEG
train/healthy/1668.jpg,train,healthy,225,225,JPEG
train/healthy/1156.jpg,train,healthy,207,243,JPEG
train/healthy/1881.jpg,train,healthy,225,225,JPEG
train/healthy/0206.jpg,train,healthy,225,225,JPEG
train/healthy/0856.jpg,train,healthy,236,236,JPEG
train/healthy/0266.jpg,train,healthy,890,1075,JPEG
train/healthy/1856.jpg,train,healthy,236,236,JPEG
train/healthy/0640.jpg,train,healthy,236,228,JPEG
train/healthy/1320.jpg,train,healthy,236,236,JPEG
train/healthy/0376.jpg,train,healthy,468,444,JPEG
train/healthy/1761.jpg,train,healthy,227,262,JPEG
train/healthy/0020.jpg,train,healthy,225,225,JPEG
train/healthy/1917.jpg,train,healthy,236,309,JPEG
train/healthy/0033.jpg,train,healthy,206,244,JPEG
train/healthy/0846.jpg,train,healthy,225,225,JPEG
train/healthy/1497.jpg,train,healthy,680,680,JPEG
train/healthy/0811.jpg,train,healthy,600,450,JPEG
train/healthy/0229.jpg,train,healthy,214,236,JPEG
train/healthy/1809.jpg,train,healthy,227,222,JPEG
train/healthy/1834.jpg,train,healthy,642,361,JPEG
train/healthy/1263.jpg,train,healthy,236,236,JPEG
train/healthy/1389.jpg,train,healthy,173,201,JPEG
train/healthy/0511.jpg,train,healthy,225,225,JPEG
train/healthy/0077.jpg,train,healthy,225,225,JPEG
train/healthy/1539.jpg,train,healthy,150,198,JPEG
train/healthy/1664.jpg,train,healthy,225,225,JPEG
train/healthy/1461.jpg,train,healthy,236,222,JPEG
train/healthy/0598.jpg,train,healthy,220,275,JPEG
train/healthy/1893.jpg,train,healthy,235,233,JPEG
train/healthy/1707.jpg,train,healthy,630,630,JPEG
train/healthy/1803.jpg,train,healthy,236,236,JPEG
train/healthy/1327.jpg,train,healthy,230,282,JPEG
train/healthy/0916.jpg,train,healthy,235,277,JPEG
train/healthy/1447.jpg,train,healthy,350,350,JPEG
train/healthy/0950.jpg,train,healthy,680,680,JPEG
train/healthy/1276.jpg,train,healthy,194,259,JPEG
train/healthy/0870.jpg,train,healthy,235,304,JPEG
train/healthy/0142.jpg,train,healthy,232,217,JPEG
train/healthy/0823.jpg,train,healthy,442,442,JPEG
train/healthy/0079.jpg,train,healthy,393,400,JPEG
train/healthy/1331.jpg,train,healthy,235,216,JPEG
train/healthy/1385.jpg,train,healthy,236,236,JPEG
train/healthy/0465.jpg,train,healthy,300,168,JPEG
train/healthy/0363.jpg,train,healthy,339,340,JPEG
train/healthy/0377.jpg,train,healthy,468,444,JPEG
train/healthy/0302.jpg,train,healthy,230,274,JPEG
train/healthy/1848.jpg,train,healthy,232,217,JPEG
train/healthy/0751.jpg,train,healthy,206,244,JPEG
train/healthy/1018.jpg,train,healthy,200,252,JPEG
train/healthy/1319.jpg,train,healthy,236,236,JPEG
train/healthy/0038.jpg,train,healthy,733,781,JPEG
train/healthy/1623.jpg,train,healthy,235,227,JPEG
train/healthy/1174.jpg,train,healthy,236,300,JPEG
train/healthy/1013.jpg,train,healthy,227,222,JPEG
train/healthy/0566.jpg,train,healthy,150,198,JPEG
train/healthy/1676.jpg,train,healthy,201,250,JPEG
train/healthy/1315.jpg,train,healthy,201,251,JPEG
train/healthy/0719.jpg,train,healthy,225,225,JPEG
train/healthy/1506.jpg,train,healthy,414,496,JPEG
train/healthy/0857.jpg,train,healthy,416,489,JPEG
train/healthy/0801.jpg,train,healthy,236,213,JPEG
train/healthy/1909.jpg,train,healthy,630,630,JPEG
train/healthy/0294.jpg,train,healthy,236,236,JPEG
train/healthy/1772.jpg,train,healthy,227,222,JPEG
train/healthy/1869.jpg,train,healthy,630,630,JPEG
train/healthy/1638.jpg,train,healthy,201,251,JPEG
train/healthy/1323.jpg,train,healthy,207,225,JPEG
train/healthy/1527.jpg,train,healthy,173,201,JPEG
train/healthy/0759.jpg,train,healthy,208,242,JPEG
train/healthy/1582.jpg,train,healthy,201,250,JPEG
train/healthy/1898.jpg,train,healthy,468,444,JPEG
train/healthy/0002.jpg,train,healthy,214,236,JPEG
train/healthy/1601.jpg,train,healthy,236,236,JPEG
train/healthy/0695.jpg,train,healthy,512,512,JPEG
train/healthy/0614.jpg,train,healthy,230,282,JPEG
train/healthy/1574.jpg,train,healthy,232,217,JPEG
train/healthy/1849.jpg,train,healthy,236,251,JPEG
train/healthy/0347.jpg,train,healthy,200,252,JPEG
train/healthy/1415.jpg,train,healthy,442,442,JPEG
train/healthy/0090.jpg,train,healthy,234,224,JPEG
train/healthy/1312.jpg,train,healthy,442,454,JPEG
train/healthy/0223.jpg,train,healthy,236,213,JPEG
train/healthy/1115.jpg,train,healthy,630,630,JPEG
train/healthy/1715.jpg,train,healthy,227,222,JPEG
train/healthy/0547.jpg,train,healthy,210,213,JPEG
train/healthy/0803.jpg,train,healthy,236,243,JPEG
train/healthy/0019.jpg,train,healthy,173,201,JPEG
train/healthy/0427.jpg,train,healthy,177,197,JPEG
train/healthy/1915.jpg,train,healthy,236,213,JPEG
train/healthy/0810.jpg,train,healthy,428,417,JPEG
train/healthy/0108.jpg,train,healthy,173,201,JPEG
train/healthy/1785.jpg,train,healthy,359,449,JPEG
train/healthy/1285.jpg,train,healthy,630,630,JPEG
train/healthy/0485.jpg,train,healthy,200,252,JPEG
train/healthy/1063.jpg,train,healthy,192,192,JPEG
train/healthy/1757.jpg,train,healthy,236,260,JPEG
train/healthy/0722.jpg,train,healthy,393,400,JPEG
train/healthy/1873.jpg,train,healthy,225,225,JPEG
train/healthy/0381.jpg,train,healthy,194,259,JPEG
train/healthy/0680.jpg,train,healthy,225,225,JPEG
train/healthy/1349.jpg,train,healthy,150,198,JPEG
train/healthy/0750.jpg,train,healthy,630,630,JPEG
train/healthy/0333.jpg,train,healthy,230,282,JPEG
train/healthy/0556.jpg,train,healthy,232,217,JPEG
train/healthy/0937.jpg,train,healthy,150,198,JPEG
train/healthy/0325.jpg,train,healthy,630,630,JPEG
train/healthy/1114.jpg,train,healthy,504,540,JPEG
train/healthy/0999.jpg,train,healthy,203,248,JPEG
train/healthy/1626.jpg,train,healthy,225,225,JPEG
train/healthy/0911.jpg,train,healthy,642,361,JPEG
train/healthy/0681.jpg,train,healthy,225,225,JPEG
train/healthy/0147.jpg,train,healthy,236,216,JPEG
train/healthy/0317.jpg,train,healthy,225,225,JPEG
train/healthy/1548.jpg,train,healthy,442,454,JPEG
train/healthy/1070.jpg,train,healthy,400,442,JPEG
train/healthy/0279.jpg,train,healthy,300,168,JPEG
train/healthy/0952.jpg,train,healthy,225,225,JPEG
train/healthy/0225.jpg,train,healthy,236,213,JPEG
train/healthy/0613.jpg,train,healthy,227,222,JPEG
train/healthy/1408.jpg,train,healthy,214,236,JPEG
train/healthy/0553.jpg,train,healthy,225,225,JPEG
train/healthy/1138.jpg,train,healthy,234,218,JPEG
train/healthy/0876.jpg,train,healthy,356,474,JPEG
train/healthy/1938.jpg,train,healthy,321,351,JPEG
train/healthy/1202.jpg,train,healthy,446,512,JPEG
train/healthy/0960.jpg,train,healthy,512,512,JPEG
train/healthy/0098.jpg,train,healthy,218,231,JPEG
train/healthy/0473.jpg,train,healthy,225,225,JPEG
train/healthy/0293.jpg,train,healthy,201,251,JPEG
train/healthy/0966.jpg,train,healthy,420,280,JPEG
train/healthy/1282.jpg,train,healthy,192,192,JPEG
train/healthy/0781.jpg,train,healthy,630,630,JPEG
train/healthy/1422.jpg,train,healthy,150,198,JPEG
train/healthy/0909.jpg,train,healthy,225,225,JPEG
train/healthy/0677.jpg,train,healthy,442,454,JPEG
train/healthy/1118.jpg,train,healthy,442,454,JPEG
train/healthy/1780.jpg,train,healthy,209,234,JPEG
train/healthy/0475.jpg,train,healthy,235,214,JPEG
train/healthy/0964.jpg,train,healthy,206,244,JPEG
train/healthy/0763.jpg,train,healthy,227,262,JPEG
train/healthy/1882.jpg,train,healthy,300,168,JPEG
train/healthy/0457.jpg,train,healthy,232,217,JPEG
train/healthy/1104.jpg,train,healthy,236,226,JPEG
train/healthy/0791.jpg,train,healthy,400,442,JPEG
train/healthy/0536.jpg,train,healthy,236,366,JPEG
train/healthy/1691.jpg,train,healthy,200,252,JPEG
train/healthy/0576.jpg,train,healthy,630,630,JPEG
train/healthy/0441.jpg,train,healthy,192,192,JPEG
train/healthy/0187.jpg,train,healthy,218,231,JPEG
train/healthy/1456.jpg,train,healthy,225,225,JPEG
train/healthy/0540.jpg,train,healthy,232,217,JPEG
train/healthy/1929.jpg,train,healthy,512,512,JPEG
train/healthy/1074.jpg,train,healthy,512,512,JPEG
train/healthy/1672.jpg,train,healthy,192,192,JPEG
train/healthy/1804.jpg,train,healthy,236,236,JPEG
train/healthy/1563.jpg,train,healthy,630,630,JPEG
train/healthy/0830.jpg,train,healthy,233,228,JPEG
train/healthy/1511.jpg,train,healthy,201,250,JPEG
train/healthy/1852.jpg,train,healthy,228,221,JPEG
train/healthy/0871.jpg,train,healthy,236,236,JPEG
train/healthy/0369.jpg,train,healthy,236,251,JPEG
train/healthy/1957.jpg,train,healthy,234,218,JPEG
train/healthy/0806.jpg,train,healthy,194,259,JPEG
train/healthy/1198.jpg,train,healthy,300,168,JPEG
train/healthy/0634.jpg,train,healthy,359,449,JPEG
train/healthy/1641.jpg,train,healthy,235,229,JPEG
train/healthy/1902.jpg,train,healthy,230,282,JPEG
train/healthy/0433.jpg,train,healthy,1000,714,JPEG
train/healthy/1926.jpg,train,healthy,194,259,JPEG
train/healthy/1224.jpg,train,healthy,227,262,JPEG
train/healthy/1021.jpg,train,healthy,220,275,JPEG
train/healthy/0093.jpg,train,healthy,441,442,JPEG
train/healthy/0560.jpg,train,healthy,468,444,JPEG
train/healthy/1241.jpg,train,healthy,380,530,JPEG
train/healthy/0945.jpg,train,healthy,236,236,JPEG
train/healthy/1304.jpg,train,healthy,218,231,JPEG
train/healthy/0048.jpg,train,healthy,177,197,JPEG
train/healthy/0630.jpg,train,healthy,235,227,JPEG
train/healthy/0236.jpg,train,healthy,235,228,JPEG
train/healthy/0934.jpg,train,healthy,192,192,JPEG
train/healthy/0880.jpg,train,healthy,630,630,JPEG
train/healthy/0644.jpg,train,healthy,206,244,JPEG
train/healthy/0167.jpg,train,healthy,630,630,JPEG
train/healthy/1876.jpg,train,healthy,228,221,JPEG
train/healthy/1291.jpg,train,healthy,468,444,JPEG
train/healthy/0741.jpg,train,healthy,224,286,JPEG
train/healthy/0195.jpg,train,healthy,225,225,JPEG
train/healthy/1200.jpg,train,healthy,680,680,JPEG
train/healthy/1630.jpg,train,healthy,236,251,JPEG
train/healthy/1605.jpg,train,healthy,227,222,JPEG
train/healthy/1003.jpg,train,healthy,300,168,JPEG
train/healthy/0447.jpg,train,healthy,236,263,JPEG
train/healthy/0636.jpg,train,healthy,194,259,JPEG
train/healthy/1375.jpg,train,healthy,236,213,JPEG
train/healthy/1434.jpg,train,healthy,214,236,JPEG
train/healthy/0158.jpg,train,healthy,439,512,JPEG
train/healthy/0000.jpg,train,healthy,225,225,JPEG
train/healthy/0905.jpg,train,healthy,192,192,JPEG
train/healthy/1128.jpg,train,healthy,442,442,JPEG
train/healthy/0608.jpg,train,healthy,512,512,JPEG
train/healthy/0941.jpg,train,healthy,1920,1080,JPEG
train/healthy/0936.jpg,train,healthy,236,203,JPEG
train/healthy/0124.jpg,train,healthy,236,236,JPEG
train/healthy/1776.jpg,train,healthy,236,243,JPEG
train/healthy/0151.jpg,train,healthy,173,201,JPEG
train/healthy/1660.jpg,train,healthy,236,236,JPEG
train/healthy/0424.jpg,train,healthy,225,225,JPEG
train/healthy/0285.jpg,train,healthy,300,168,JPEG
train/healthy/0022.jpg,train,healthy,504,540,JPEG
train/healthy/1585.jpg,train,healthy,441,442,JPEG
train/healthy/0504.jpg,train,healthy,225,225,JPEG
train/healthy/0907.jpg,train,healthy,512,512,JPEG
train/healthy/1344.jpg,train,healthy,359,449,JPEG
train/healthy/0777.jpg,train,healthy,630,630,JPEG
train/healthy/1471.jpg,train,healthy,393,400,JPEG
train/healthy/1024.jpg,train,healthy,642,361,JPEG
train/healthy/0981.jpg,train,healthy,235,214,JPEG
train/healthy/1236.jpg,train,healthy,512,512,JPEG
train/healthy/0278.jpg,train,healthy,194,259,JPEG
train/healthy/0434.jpg,train,healthy,225,225,JPEG
train/healthy/1629.jpg,train,healthy,227,222,JPEG
train/healthy/0155.jpg,train,healthy,201,250,JPEG
train/healthy/1526.jpg,train,healthy,236,251,JPEG
train/healthy/0271.jpg,train,healthy,785,848,JPEG
train/healthy/1409.jpg,train,healthy,420,280,JPEG
train/healthy/0976.jpg,train,healthy,225,225,JPEG
train/healthy/0352.jpg,train,healthy,214,236,JPEG
train/healthy/1051.jpg,train,healthy,201,251,JPEG
train/healthy/1029.jpg,train,healthy,236,218,JPEG
train/healthy/0612.jpg,train,healthy,228,221,JPEG
train/healthy/1043.jpg,train,healthy,225,225,JPEG
train/healthy/1863.jpg,train,healthy,642,361,JPEG
train/healthy/1795.jpg,train,healthy,236,236,JPEG
train/healthy/1717.jpg,train,healthy,359,449,JPEG
train/healthy/1871.jpg,train,healthy,236,236,JPEG
train/healthy/0972.jpg,train,healthy,227,262,JPEG
train/healthy/0760.jpg,train,healthy,192,192,JPEG
train/healthy/1864.jpg,train,healthy,227,262,JPEG
train/healthy/0296.jpg,train,healthy,203,243,JPEG
train/healthy/1358.jpg,train,healthy,626,575,JPEG
train/healthy/0407.jpg,train,healthy,177,197,JPEG
train/healthy/1311.jpg,train,healthy,227,262,JPEG
train/healthy/1851.jpg,train,healthy,227,262,JPEG
train/healthy/0248.jpg,train,healthy,630,630,JPEG
train/healthy/1640.jpg,train,healthy,200,252,JPEG
train/healthy/1730.jpg,train,healthy,300,168,JPEG
train/healthy/0850.jpg,train,healthy,504,540,JPEG
train/healthy/0978.jpg,train,healthy,236,262,JPEG
train/healthy/1581.jpg,train,healthy,504,540,JPEG
train/healthy/1591.jpg,train,healthy,234,225,JPEG
train/healthy/1887.jpg,train,healthy,236,262,JPEG
train/healthy/0523.jpg,train,healthy,434,512,JPEG
train/healthy/0787.jpg,train,healthy,225,225,JPEG
train/healthy/0688.jpg,train,healthy,173,201,JPEG
train/healthy/0697.jpg,train,healthy,504,540,JPEG
train/healthy/1558.jpg,train,healthy,150,198,JPEG
train/healthy/1709.jpg,train,healthy,236,236,JPEG
train/healthy/0417.jpg,train,healthy,442,454,JPEG
train/healthy/0854.jpg,train,healthy,218,231,JPEG
train/healthy/0863.jpg,train,healthy,300,168,JPEG
train/healthy/0742.jpg,train,healthy,207,243,JPEG
train/healthy/1840.jpg,train,healthy,225,225,JPEG
train/healthy/1131.jpg,train,healthy,441,442,JPEG
train/healthy/0086.jpg,train,healthy,225,225,JPEG
train/healthy/1661.jpg,train,healthy,228,221,JPEG
train/healthy/0550.jpg,train,healthy,642,361,JPEG
train/healthy/0603.jpg,train,healthy,630,630,JPEG
train/healthy/0471.jpg,train,healthy,300,168,JPEG
train/healthy/0106.jpg,train,healthy,225,225,JPEG
train/healthy/1771.jpg,train,healthy,192,192,JPEG
train/healthy/0008.jpg,train,healthy,208,248,JPEG
train/healthy/1997.jpg,train,healthy,224,262,JPEG
train/healthy/1398.jpg,train,healthy,236,236,JPEG
train/healthy/0260.jpg,train,healthy,218,234,JPEG
train/healthy/0543.jpg,train,healthy,206,244,JPEG
train/healthy/0228.jpg,train,healthy,225,225,JPEG
train/healthy/0825.jpg,train,healthy,206,244,JPEG
train/healthy/0653.jpg,train,healthy,225,225,JPEG
train/healthy/1033.jpg,train,healthy,442,442,JPEG
train/healthy/1907.jpg,train,healthy,236,228,JPEG
train/healthy/0219.jpg,train,healthy,590,332,JPEG
train/healthy/1411.jpg,train,healthy,225,225,JPEG
train/healthy/0904.jpg,train,healthy,225,225,JPEG
train/healthy/1823.jpg,train,healthy,225,225,JPEG
train/healthy/1708.jpg,train,healthy,225,225,JPEG
train/healthy/0873.jpg,train,healthy,442,442,JPEG
train/healthy/0405.jpg,train,healthy,276,326,JPEG
train/healthy/0508.jpg,train,healthy,236,236,JPEG
train/healthy/0709.jpg,train,healthy,236,236,JPEG
train/healthy/1769.jpg,train,healthy,225,225,JPEG
train/healthy/1953.jpg,train,healthy,236,262,JPEG
train/healthy/1386.jpg,train,healthy,630,630,JPEG
train/healthy/0637.jpg,train,healthy,225,225,JPEG
train/healthy/0529.jpg,train,healthy,225,225,JPEG
train/healthy/1201.jpg,train,healthy,173,201,JPEG
train/healthy/1515.jpg,train,healthy,236,236,JPEG
train/healthy/1457.jpg,train,healthy,630,630,JPEG
train/healthy/1401.jpg,train,healthy,232,217,JPEG
train/healthy/1703.jpg,train,healthy,201,251,JPEG
train/healthy/0402.jpg,train,healthy,150,198,JPEG
train/healthy/1257.jpg,train,healthy,212,222,JPEG
train/healthy/1106.jpg,train,healthy,150,198,JPEG
train/healthy/1604.jpg,train,healthy,314,258,JPEG
train/healthy/0948.jpg,train,healthy,227,262,JPEG
train/healthy/0026.jpg,train,healthy,206,244,JPEG
train/healthy/0935.jpg,train,healthy,630,630,JPEG
train/healthy/1507.jpg,train,healthy,201,251,JPEG
train/healthy/1488.jpg,train,healthy,236,236,JPEG
train/healthy/0958.jpg,train,healthy,227,262,JPEG
train/healthy/1733.jpg,train,healthy,227,222,JPEG
train/healthy/1412.jpg,train,healthy,1375,1446,JPEG
train/healthy/0394.jpg,train,healthy,201,251,JPEG
train/healthy/0793.jpg,train,healthy,225,225,JPEG
train/healthy/0396.jpg,train,healthy,214,236,JPEG
train/healthy/1399.jpg,train,healthy,227,262,JPEG
train/healthy/1649.jpg,train,healthy,173,201,JPEG
train/healthy/1254.jpg,train,healthy,225,225,JPEG
train/healthy/1990.jpg,train,healthy,393,400,JPEG
train/healthy/1698.jpg,train,healthy,208,242,JPEG
train/healthy/1308.jpg,train,healthy,205,214,JPEG
train/healthy/0790.jpg,train,healthy,206,244,JPEG
train/healthy/1861.jpg,train,healthy,207,243,JPEG
train/healthy/0087.jpg,train,healthy,630,630,JPEG
train/healthy/0953.jpg,train,healthy,504,540,JPEG
train/healthy/1974.jpg,train,healthy,177,197,JPEG
train/healthy/1041.jpg,train,healthy,236,236,JPEG
train/healthy/1485.jpg,train,healthy,359,449,JPEG
train/healthy/0643.jpg,train,healthy,208,242,JPEG
train/healthy/1012.jpg,train,healthy,225,225,JPEG
train/healthy/0175.jpg,train,healthy,359,449,JPEG
train/healthy/1183.jpg,train,healthy,206,244,JPEG
train/healthy/0081.jpg,train,healthy,225,225,JPEG
train/healthy/0766.jpg,train,healthy,339,340,JPEG
train/healthy/0582.jpg,train,healthy,194,259,JPEG
train/healthy/1939.jpg,train,healthy,201,250,JPEG
train/healthy/1728.jpg,train,healthy,236,295,JPEG
train/healthy/0053.jpg,train,healthy,225,225,JPEG
train/healthy/0642.jpg,train,healthy,227,222,JPEG
train/healthy/0244.jpg,train,healthy,225,225,JPEG
train/healthy/1107.jpg,train,healthy,275,301,JPEG
train/healthy/1914.jpg,train,healthy,228,228,JPEG
train/healthy/1134.jpg,train,healthy,225,225,JPEG
train/healthy/1975.jpg,train,healthy,236,280,JPEG
train/healthy/0011.jpg,train,healthy,209,234,JPEG
train/healthy/0969.jpg,train,healthy,201,251,JPEG
train/healthy/1429.jpg,train,healthy,207,243,JPEG
train/healthy/1900.jpg,train,healthy,225,225,JPEG
train/healthy/0298.jpg,train,healthy,173,201,JPEG
train/healthy/1247.jpg,train,healthy,339,340,JPEG
train/healthy/0744.jpg,train,healthy,420,280,JPEG
train/healthy/1980.jpg,train,healthy,201,251,JPEG
train/healthy/0030.jpg,train,healthy,194,259,JPEG
train/healthy/0059.jpg,train,healthy,228,221,JPEG
train/healthy/0897.jpg,train,healthy,196,257,JPEG
train/healthy/1433.jpg,train,healthy,206,244,JPEG
train/healthy/1442.jpg,train,healthy,400,442,JPEG
train/healthy/1262.jpg,train,healthy,225,225,JPEG
train/healthy/0619.jpg,train,healthy,225,225,JPEG
train/healthy/1933.jpg,train,healthy,227,222,JPEG
train/healthy/0031.jpg,train,healthy,235,214,JPEG
train/healthy/1426.jpg,train,healthy,236,290,JPEG
train/healthy/0853.jpg,train,healthy,350,350,JPEG
train/healthy/1884.jpg,train,healthy,300,168,JPEG
train/healthy/0500.jpg,train,healthy,225,225,JPEG
train/healthy/1071.jpg,train,healthy,201,251,JPEG
train/healthy/0884.jpg,train,healthy,235,227,JPEG
train/healthy/0594.jpg,train,healthy,225,225,JPEG
train/healthy/1967.jpg,train,healthy,225,225,JPEG
train/healthy/0794.jpg,train,healthy,300,168,JPEG
train/healthy/0792.jpg,train,healthy,227,222,JPEG
train/healthy/0505.jpg,train,healthy,504,540,JPEG
train/healthy/0683.jpg,train,healthy,225,225,JPEG
train/healthy/0049.jpg,train,healthy,200,252,JPEG
train/healthy/0153.jpg,train,healthy,209,242,JPEG
train/healthy/1268.jpg,train,healthy,630,630,JPEG
train/healthy/1049.jpg,train,healthy,339,340,JPEG
train/healthy/1081.jpg,train,healthy,214,236,JPEG
train/healthy/0414.jpg,train,healthy,417,424,JPEG
train/healthy/0062.jpg,train,healthy,236,257,JPEG
train/healthy/0313.jpg,train,healthy,225,225,JPEG
train/healthy/0720.jpg,train,healthy,442,442,JPEG
train/healthy/1162.jpg,train,healthy,852,480,JPEG
train/healthy/1644.jpg,train,healthy,173,201,JPEG
train/healthy/1682.jpg,train,healthy,393,400,JPEG
train/healthy/1423.jpg,train,healthy,235,233,JPEG
train/healthy/0109.jpg,train,healthy,230,235,JPEG
train/healthy/1654.jpg,train,healthy,222,252,JPEG
train/healthy/1237.jpg,train,healthy,205,249,JPEG
train/healthy/1748.jpg,train,healthy,236,290,JPEG
train/healthy/1149.jpg,train,healthy,225,225,JPEG
train/healthy/1854.jpg,train,healthy,236,236,JPEG
train/healthy/0616.jpg,train,healthy,237,248,JPEG
train/healthy/1217.jpg,train,healthy,225,225,JPEG
train/healthy/1689.jpg,train,healthy,232,217,JPEG
train/healthy/1777.jpg,train,healthy,380,530,JPEG
train/healthy/1508.jpg,train,healthy,201,251,JPEG
train/healthy/1877.jpg,train,healthy,215,234,JPEG
train/healthy/0273.jpg,train,healthy,724,851,JPEG
train/healthy/0816.jpg,train,healthy,208,248,JPEG
train/healthy/0133.jpg,train,healthy,428,417,JPEG
train/healthy/1727.jpg,train,healthy,420,280,JPEG
train/healthy/1391.jpg,train,healthy,232,217,JPEG
train/healthy/1037.jpg,train,healthy,218,231,JPEG
train/healthy/0711.jpg,train,healthy,235,214,JPEG
train/healthy/1634.jpg,train,healthy,218,231,JPEG
train/healthy/1388.jpg,train,healthy,428,417,JPEG
train/healthy/0230.jpg,train,healthy,225,225,JPEG
train/healthy/0534.jpg,train,healthy,359,449,JPEG
train/healthy/1494.jpg,train,healthy,225,225,JPEG
train/healthy/1696.jpg,train,healthy,236,231,JPEG
train/healthy/1387.jpg,train,healthy,350,350,JPEG
train/healthy/1287.jpg,train,healthy,354,443,JPEG
train/healthy/1620.jpg,train,healthy,232,217,JPEG
train/healthy/1653.jpg,train,healthy,192,192,JPEG
train/healthy/1233.jpg,train,healthy,428,417,JPEG
train/healthy/1950.jpg,train,healthy,230,282,JPEG
train/healthy/0304.jpg,train,healthy,225,225,JPEG
train/healthy/1384.jpg,train,healthy,724,851,JPEG
train/healthy/1023.jpg,train,healthy,230,282,JPEG
train/healthy/1896.jpg,train,healthy,236,300,JPEG
train/healthy/0698.jpg,train,healthy,300,168,JPEG
train/healthy/1687.jpg,train,healthy,225,225,JPEG
train/healthy/0520.jpg,train,healthy,452,509,JPEG
train/healthy/1403.jpg,train,healthy,192,192,JPEG
train/healthy/1910.jpg,train,healthy,630,630,JPEG
train/healthy/1796.jpg,train,healthy,236,236,JPEG
train/healthy/0037.jpg,train,healthy,630,630,JPEG
train/healthy/0208.jpg,train,healthy,211,236,JPEG
train/healthy/1858.jpg,train,healthy,400,442,JPEG
train/healthy/1324.jpg,train,healthy,236,213,JPEG
train/healthy/1057.jpg,train,healthy,230,282,JPEG
train/healthy/1370.jpg,train,healthy,236,262,JPEG
train/healthy/0107.jpg,train,healthy,236,262,JPEG
train/healthy/0160.jpg,train,healthy,218,231,JPEG
train/healthy/0621.jpg,train,healthy,225,225,JPEG
train/healthy/1230.jpg,train,healthy,225,225,JPEG
train/healthy/1899.jpg,train,healthy,227,222,JPEG
train/healthy/1267.jpg,train,healthy,230,282,JPEG
train/healthy/0442.jpg,train,healthy,192,192,JPEG
train/healthy/1688.jpg,train,healthy,150,198,JPEG
train/healthy/1636.jpg,train,healthy,642,361,JPEG
train/healthy/1616.jpg,train,healthy,275,183,JPEG
train/healthy/1960.jpg,train,healthy,225,225,JPEG
train/healthy/0982.jpg,train,healthy,236,366,JPEG
train/healthy/1880.jpg,train,healthy,236,236,JPEG
train/healthy/0903.jpg,train,healthy,228,221,JPEG
train/healthy/0507.jpg,train,healthy,225,225,JPEG
train/healthy/1509.jpg,train,healthy,236,236,JPEG
train/healthy/0773.jpg,train,healthy,201,251,JPEG
train/healthy/1500.jpg,train,healthy,236,252,JPEG
train/healthy/0345.jpg,train,healthy,215,234,JPEG
train/healthy/0898.jpg,train,healthy,755,824,JPEG
train/healthy/0104.jpg,train,healthy,393,400,JPEG
train/healthy/1279.jpg,train,healthy,177,197,JPEG
train/healthy/1905.jpg,train,healthy,442,454,JPEG
train/healthy/1421.jpg,train,healthy,208,242,JPEG
train/healthy/0802.jpg,train,healthy,411,501,JPEG
train/healthy/0984.jpg,train,healthy,227,222,JPEG
train/healthy/0667.jpg,train,healthy,236,236,JPEG
train/healthy/0690.jpg,train,healthy,562,592,JPEG
train/healthy/0010.jpg,train,healthy,201,251,JPEG
train/healthy/1970.jpg,train,healthy,212,280,JPEG
train/healthy/1544.jpg,train,healthy,411,496,JPEG
train/healthy/0549.jpg,train,healthy,228,221,JPEG
train/healthy/1371.jpg,train,healthy,504,540,JPEG
train/healthy/0448.jpg,train,healthy,300,168,JPEG
train/healthy/0374.jpg,train,healthy,208,242,JPEG
train/healthy/1504.jpg,train,healthy,504,540,JPEG
train/healthy/1928.jpg,train,healthy,215,234,JPEG
train/healthy/1240.jpg,train,healthy,253,239,JPEG
train/healthy/0375.jpg,train,healthy,504,540,JPEG
train/healthy/0032.jpg,train,healthy,225,225,JPEG
train/healthy/1093.jpg,train,healthy,201,251,JPEG
train/healthy/0732.jpg,train,healthy,220,212,JPEG
train/healthy/1140.jpg,train,healthy,642,361,JPEG
train/healthy/0439.jpg,train,healthy,442,442,JPEG
train/healthy/1551.jpg,train,healthy,150,198,JPEG
train/healthy/1835.jpg,train,healthy,400,442,JPEG
train/healthy/0496.jpg,train,healthy,150,198,JPEG
train/healthy/1203.jpg,train,healthy,201,251,JPEG
train/healthy/0618.jpg,train,healthy,196,257,JPEG
train/healthy/0920.jpg,train,healthy,232,216,JPEG
train/healthy/0174.jpg,train,healthy,235,228,JPEG
train/healthy/1744.jpg,train,healthy,225,225,JPEG
train/healthy/1077.jpg,train,healthy,1024,1024,JPEG
train/healthy/0275.jpg,train,healthy,225,225,JPEG
train/healthy/1067.jpg,train,healthy,225,225,JPEG
train/healthy/1397.jpg,train,healthy,225,225,JPEG
train/healthy/1009.jpg,train,healthy,201,249,JPEG
train/healthy/1894.jpg,train,healthy,218,231,JPEG
train/healthy/1819.jpg,train,healthy,207,243,JPEG
train/healthy/1738.jpg,train,healthy,236,257,JPEG
train/healthy/1808.jpg,train,healthy,225,225,JPEG
train/healthy/1879.jpg,train,healthy,200,252,JPEG
train/healthy/0583.jpg,train,healthy,201,250,JPEG
train/healthy/0998.jpg,train,healthy,236,309,JPEG
train/healthy/0458.jpg,train,healthy,228,221,JPEG
train/healthy/0477.jpg,train,healthy,201,251,JPEG
train/healthy/1706.jpg,train,healthy,236,236,JPEG
train/healthy/0096.jpg,train,healthy,442,442,JPEG
train/healthy/1172.jpg,train,healthy,314,260,JPEG
train/healthy/1535.jpg,train,healthy,218,231,JPEG
train/healthy/1369.jpg,train,healthy,300,168,JPEG
train/healthy/1350.jpg,train,healthy,196,257,JPEG
train/healthy/1293.jpg,train,healthy,276,326,JPEG
train/healthy/0365.jpg,train,healthy,225,225,JPEG
train/healthy/0480.jpg,train,healthy,233,226,JPEG
train/healthy/0024.jpg,train,healthy,225,225,JPEG
train/healthy/0499.jpg,train,healthy,441,442,JPEG
train/healthy/1096.jpg,train,healthy,300,168,JPEG
train/healthy/0340.jpg,train,healthy,442,442,JPEG
train/healthy/0665.jpg,train,healthy,236,357,JPEG
train/healthy/1619.jpg,train,healthy,200,252,JPEG
train/healthy/1339.jpg,train,healthy,234,225,JPEG
train/healthy/1475.jpg,train,healthy,275,183,JPEG
train/healthy/1885.jpg,train,healthy,205,249,JPEG
train/healthy/0666.jpg,train,healthy,225,225,JPEG
train/healthy/0517.jpg,train,healthy,192,192,JPEG
train/healthy/0474.jpg,train,healthy,206,244,JPEG
train/healthy/1454.jpg,train,healthy,208,242,JPEG
train/healthy/1839.jpg,train,healthy,300,168,JPEG
train/healthy/0493.jpg,train,healthy,300,168,JPEG
train/healthy/1516.jpg,train,healthy,227,222,JPEG
train/healthy/1865.jpg,train,healthy,642,361,JPEG
train/healthy/0456.jpg,train,healthy,214,236,JPEG
train/healthy/0149.jpg,train,healthy,212,238,JPEG
train/healthy/1976.jpg,train,healthy,196,257,JPEG
train/healthy/0597.jpg,train,healthy,235,229,JPEG
train/healthy/0883.jpg,train,healthy,201,251,JPEG
train/healthy/1735.jpg,train,healthy,225,225,JPEG
train/healthy/0238.jpg,train,healthy,428,417,JPEG
train/healthy/1015.jpg,train,healthy,630,630,JPEG
train/healthy/1818.jpg,train,healthy,236,243,JPEG
train/healthy/0912.jpg,train,healthy,416,512,JPEG
train/healthy/0918.jpg,train,healthy,441,442,JPEG
train/healthy/0525.jpg,train,healthy,224,223,JPEG
train/healthy/0943.jpg,train,healthy,225,225,JPEG
train/healthy/1470.jpg,train,healthy,852,480,JPEG
train/healthy/1337.jpg,train,healthy,630,630,JPEG
train/healthy/1110.jpg,train,healthy,236,236,JPEG
train/healthy/1813.jpg,train,healthy,200,252,JPEG
train/healthy/0572.jpg,train,healthy,222,252,JPEG
train/healthy/1065.jpg,train,healthy,192,192,JPEG
train/healthy/0991.jpg,train,healthy,225,225,JPEG
train/healthy/1492.jpg,train,healthy,192,192,JPEG
train/healthy/1562.jpg,train,healthy,428,417,JPEG
train/healthy/0746.jpg,train,healthy,528,528,JPEG
train/healthy/0533.jpg,train,healthy,421,486,JPEG
train/healthy/0625.jpg,train,healthy,215,234,JPEG
train/healthy/0689.jpg,train,healthy,504,540,JPEG
train/healthy/0312.jpg,train,healthy,192,192,JPEG
train/healthy/0323.jpg,train,healthy,350,393,JPEG
train/healthy/0845.jpg,train,healthy,150,198,JPEG
train/healthy/1862.jpg,train,healthy,428,417,JPEG
train/healthy/0161.jpg,train,healthy,428,417,JPEG
train/healthy/1019.jpg,train,healthy,230,282,JPEG
train/healthy/1111.jpg,train,healthy,225,225,JPEG
train/healthy/0039.jpg,train,healthy,220,275,JPEG
train/healthy/0673.jpg,train,healthy,442,442,JPEG
train/healthy/0509.jpg,train,healthy,225,225,JPEG
train/healthy/1082.jpg,train,healthy,416,512,JPEG
train/healthy/0478.jpg,train,healthy,630,630,JPEG
train/healthy/1266.jpg,train,healthy,236,236,JPEG
train/healthy/0044.jpg,train,healthy,630,630,JPEG
train/healthy/0497.jpg,train,healthy,173,201,JPEG
train/healthy/0629.jpg,train,healthy,192,192,JPEG
train/healthy/1826.jpg,train,healthy,236,260,JPEG
train/healthy/0718.jpg,train,healthy,409,442,JPEG
train/healthy/0559.jpg,train,healthy,225,225,JPEG
train/healthy/1695.jpg,train,healthy,300,168,JPEG
train/healthy/1787.jpg,train,healthy,225,225,JPEG
train/healthy/0091.jpg,train,healthy,428,417,JPEG
train/healthy/0705.jpg,train,healthy,630,630,JPEG
train/healthy/0910.jpg,train,healthy,228,221,JPEG
train/healthy/1410.jpg,train,healthy,235,229,JPEG
train/healthy/1322.jpg,train,healthy,630,630,JPEG
train/healthy/1846.jpg,train,healthy,359,449,JPEG
train/healthy/0299.jpg,train,healthy,339,340,JPEG
train/healthy/1048.jpg,train,healthy,200,252,JPEG
train/healthy/0647.jpg,train,healthy,192,192,JPEG
train/healthy/0889.jpg,train,healthy,173,201,JPEG
train/healthy/0118.jpg,train,healthy,225,225,JPEG
train/healthy/1325.jpg,train,healthy,630,630,JPEG
train/healthy/0522.jpg,train,healthy,442,442,JPEG
train/healthy/0171.jpg,train,healthy,207,243,JPEG
train/healthy/0932.jpg,train,healthy,225,225,JPEG
train/healthy/0346.jpg,train,healthy,225,225,JPEG
train/healthy/0840.jpg,train,healthy,680,680,JPEG
train/healthy/0842.jpg,train,healthy,300,168,JPEG
train/healthy/0703.jpg,train,healthy,442,442,JPEG
train/healthy/0975.jpg,train,healthy,212,236,JPEG
train/healthy/0891.jpg,train,healthy,200,252,JPEG
train/healthy/1192.jpg,train,healthy,494,600,JPEG
train/healthy/1076.jpg,train,healthy,218,231,JPEG
train/healthy/0330.jpg,train,healthy,232,217,JPEG
train/healthy/0675.jpg,train,healthy,201,250,JPEG
train/healthy/1035.jpg,train,healthy,214,236,JPEG
train/healthy/0575.jpg,train,healthy,236,236,JPEG
train/healthy/1659.jpg,train,healthy,234,224,JPEG
train/healthy/0967.jpg,train,healthy,230,282,JPEG
train/healthy/1836.jpg,train,healthy,225,225,JPEG
train/healthy/0054.jpg,train,healthy,230,282,JPEG
train/healthy/1292.jpg,train,healthy,409,442,JPEG
train/healthy/0467.jpg,train,healthy,225,225,JPEG
train/healthy/1517.jpg,train,healthy,642,361,JPEG
train/healthy/0657.jpg,train,healthy,225,225,JPEG
train/healthy/0409.jpg,train,healthy,926,649,JPEG
train/healthy/1243.jpg,train,healthy,468,444,JPEG
train/healthy/1056.jpg,train,healthy,218,231,JPEG
train/healthy/1725.jpg,train,healthy,232,217,JPEG
train/healthy/1724.jpg,train,healthy,228,221,JPEG
train/healthy/1740.jpg,train,healthy,275,183,JPEG
train/healthy/1901.jpg,train,healthy,512,512,JPEG
train/healthy/1054.jpg,train,healthy,276,326,JPEG
train/healthy/1157.jpg,train,healthy,411,496,JPEG
train/healthy/1936.jpg,train,healthy,630,630,JPEG
train/healthy/0814.jpg,train,healthy,400,442,JPEG
train/healthy/0768.jpg,train,healthy,512,512,JPEG
train/healthy/0567.jpg,train,healthy,236,269,JPEG
train/healthy/0015.jpg,train,healthy,680,680,JPEG
train/healthy/0654.jpg,train,healthy,825,832,JPEG
train/healthy/1566.jpg,train,healthy,359,449,JPEG
train/healthy/1546.jpg,train,healthy,550,664,JPEG
train/healthy/0861.jpg,train,healthy,428,417,JPEG
train/healthy/0885.jpg,train,healthy,630,630,JPEG
train/healthy/0315.jpg,train,healthy,201,250,JPEG
train/healthy/0127.jpg,train,healthy,380,530,JPEG
train/healthy/1811.jpg,train,healthy,236,273,JPEG
train/healthy/1244.jpg,train,healthy,642,361,JPEG
train/healthy/1163.jpg,train,healthy,200,243,JPEG
train/healthy/1084.jpg,train,healthy,442,442,JPEG
train/healthy/0385.jpg,train,healthy,192,192,JPEG
train/healthy/1130.jpg,train,healthy,300,168,JPEG
train/healthy/1151.jpg,train,healthy,173,201,JPEG
train/healthy/1215.jpg,train,healthy,232,217,JPEG
train/healthy/0134.jpg,train,healthy,204,247,JPEG
train/healthy/1396.jpg,train,healthy,201,251,JPEG
train/healthy/1943.jpg,train,healthy,276,326,JPEG
train/healthy/1004.jpg,train,healthy,200,252,JPEG
train/healthy/1026.jpg,train,healthy,442,454,JPEG
train/healthy/1782.jpg,train,healthy,173,201,JPEG
train/healthy/0253.jpg,train,healthy,225,225,JPEG
train/healthy/0669.jpg,train,healthy,225,225,JPEG
train/healthy/0052.jpg,train,healthy,442,442,JPEG
train/healthy/0887.jpg,train,healthy,236,357,JPEG
train/healthy/0940.jpg,train,healthy,300,168,JPEG
train/healthy/1501.jpg,train,healthy,630,630,JPEG
train/healthy/0100.jpg,train,healthy,350,393,JPEG
train/healthy/0649.jpg,train,healthy,225,225,JPEG
train/healthy/1949.jpg,train,healthy,225,225,JPEG
train/healthy/1469.jpg,train,healthy,225,225,JPEG
train/healthy/1895.jpg,train,healthy,504,540,JPEG
train/healthy/0231.jpg,train,healthy,233,210,JPEG
train/healthy/0233.jpg,train,healthy,173,201,JPEG
train/healthy/0631.jpg,train,healthy,393,400,JPEG
train/healthy/1935.jpg,train,healthy,276,326,JPEG
train/healthy/1520.jpg,train,healthy,225,225,JPEG
train/healthy/1207.jpg,train,healthy,215,234,JPEG
train/healthy/0123.jpg,train,healthy,173,201,JPEG
train/healthy/0392.jpg,train,healthy,206,244,JPEG
train/healthy/0946.jpg,train,healthy,235,264,JPEG
train/healthy/1270.jpg,train,healthy,225,225,JPEG
train/healthy/0332.jpg,train,healthy,236,236,JPEG
train/healthy/1353.jpg,train,healthy,201,250,JPEG
train/healthy/1989.jpg,train,healthy,200,252,JPEG
train/healthy/1716.jpg,train,healthy,236,260,JPEG
train/healthy/0070.jpg,train,healthy,267,328,JPEG
train/healthy/0379.jpg,train,healthy,150,198,JPEG
train/healthy/1554.jpg,train,healthy,275,183,JPEG
train/healthy/1955.jpg,train,healthy,232,217,JPEG
train/healthy/0121.jpg,train,healthy,232,217,JPEG
train/healthy/0290.jpg,train,healthy,550,664,JPEG
train/healthy/1025.jpg,train,healthy,150,198,JPEG
train/healthy/0913.jpg,train,healthy,234,234,JPEG
train/healthy/0055.jpg,train,healthy,355,452,JPEG
train/healthy/1692.jpg,train,healthy,236,295,JPEG
train/healthy/0961.jpg,train,healthy,236,236,JPEG
train/healthy/1377.jpg,train,healthy,428,417,JPEG
train/healthy/1979.jpg,train,healthy,225,225,JPEG
train/healthy/1553.jpg,train,healthy,420,280,JPEG
train/healthy/0774.jpg,train,healthy,300,168,JPEG
train/healthy/0164.jpg,train,healthy,236,213,JPEG
train/healthy/1390.jpg,train,healthy,225,225,JPEG
train/healthy/0466.jpg,train,healthy,380,530,JPEG
train/healthy/1474.jpg,train,healthy,428,417,JPEG
train/healthy/0263.jpg,train,healthy,430,483,JPEG
train/healthy/0710.jpg,train,healthy,630,630,JPEG
train/healthy/1662.jpg,train,healthy,218,231,JPEG
train/healthy/1381.jpg,train,healthy,300,168,JPEG
train/healthy/0938.jpg,train,healthy,452,509,JPEG
train/healthy/1379.jpg,train,healthy,469,470,JPEG
train/healthy/1393.jpg,train,healthy,442,442,JPEG
train/healthy/1046.jpg,train,healthy,267,328,JPEG
train/healthy/1222.jpg,train,healthy,227,222,JPEG
train/healthy/0772.jpg,train,healthy,208,242,JPEG
train/healthy/1119.jpg,train,healthy,225,225,JPEG
train/healthy/1800.jpg,train,healthy,234,224,JPEG
train/healthy/1197.jpg,train,healthy,200,252,JPEG
train/healthy/0063.jpg,train,healthy,150,198,JPEG
train/healthy/1628.jpg,train,healthy,208,242,JPEG
train/healthy/0874.jpg,train,healthy,504,540,JPEG
train/healthy/0843.jpg,train,healthy,225,225,JPEG
train/healthy/1166.jpg,train,healthy,680,680,JPEG
train/healthy/1598.jpg,train,healthy,232,217,JPEG
train/healthy/1618.jpg,train,healthy,359,449,JPEG
train/healthy/0207.jpg,train,healthy,225,225,JPEG
train/healthy/1875.jpg,train,healthy,225,225,JPEG
train/healthy/0679.jpg,train,healthy,173,201,JPEG
train/healthy/1139.jpg,train,healthy,202,250,JPEG
train/healthy/0694.jpg,train,healthy,234,218,JPEG
train/healthy/1586.jpg,train,healthy,225,225,JPEG
train/meningioma/0610.jpg,train,meningioma,512,512,JPEG
train/meningioma/0234.jpg,train,meningioma,200,252,JPEG
train/meningioma/aug_186_0416.jpg,train,meningioma,512,512,JPEG
train/meningioma/1607.jpg,train,meningioma,1149,1019,JPEG
train/meningioma/0227.jpg,train,meningioma,512,512,JPEG
train/meningioma/0921.jpg,train,meningioma,289,354,JPEG
train/meningioma/0486.jpg,train,meningioma,512,512,JPEG
train/meningioma/0568.jpg,train,meningioma,512,512,JPEG
train/meningioma/1326.jpg,train,meningioma,512,512,JPEG
train/meningioma/0623.jpg,train,meningioma,512,512,JPEG
train/meningioma/aug_200_0800.jpg,train,meningioma,512,512,JPEG
train/meningioma/aug_70_0120.jpg,train,meningioma,512,512,JPEG
train/meningioma/1432.jpg,train,meningioma,512,512,JPEG
train/meningioma/aug_134_1571.jpg,train,meningioma,217,232,JPEG
train/meningioma/0578.jpg,train,meningioma,512,512,JPEG
train/meningioma/1542.jpg,train,meningioma,512,512,JPEG
train/meningioma/0383.jpg,train,meningioma,512,512,JPEG
train/meningioma/1031.jpg,train,meningioma,512,512,JPEG
train/meningioma/0012.jpg,train,meningioma,512,512,JPEG
train/meningioma/0386.jpg,train,meningioma,512,512,JPEG
train/meningioma/0190.jpg,train,meningioma,512,512,JPEG
train/meningioma/0406.jpg,train,meningioma,512,512,JPEG
train/meningioma/0531.jpg,train,meningioma,512,512,JPEG
train/meningioma/aug_104_1115.jpg,train,meningioma,528,581,JPEG
train/meningioma/0373.jpg,train,meningioma,512,512,JPEG
train/meningioma/0716.jpg,train,meningioma,512,512,JPEG
train/meningioma/aug_213_0944.jpg,train,meningioma,530,526,JPEG
train/meningioma/aug_102_0234.jpg,train,meningioma,200,252,JPEG
train/meningioma/1417.jpg,train,meningioma,512,512,JPEG
train/meningioma/0990.jpg,train,meningioma,512,512,JPEG
train/meningioma/aug_197_0686.jpg,train,meningioma,512,512,JPEG
train/meningioma/aug_37_1104.jpg,train,meningioma,512,512,JPEG
train/meningioma/0256.jpg,train,meningioma,512,512,JPEG
train/meningioma/1109.jpg,train,meningioma,512,512,JPEG
train/meningioma/0820.jpg,train,meningioma,512,512,JPEG
train/meningioma/1359.jpg,train,meningioma,512,512,JPEG
train/meningioma/aug_27_1204.jpg,train,meningioma,229,223,JPEG
train/meningioma/1184.jpg,train,meningioma,512,512,JPEG
train/meningioma/0530.jpg,train,meningioma,512,512,JPEG
train/meningioma/0592.jpg,train,meningioma,512,512,JPEG
train/meningioma/0599.jpg,train,meningioma,512,512,JPEG
train/meningioma/0351.jpg,train,meningioma,314,358,JPEG
train/meningioma/1545.jpg,train,meningioma,211,239,JPEG
train/meningioma/1059.jpg,train,meningioma,512,512,JPEG
train/meningioma/0006.jpg,train,meningioma,512,512,JPEG
train/meningioma/aug_58_0530.jpg,train,meningioma,512,512,JPEG
train/meningioma/1273.jpg,train,meningioma,512,512,JPEG
train/meningioma/0242.jpg,train,meningioma,512,512,JPEG
train/meningioma/0761.jpg,train,meningioma,512,512,JPEG
train/meningioma/1227.jpg,train,meningioma,512,512,JPEG
train/meningioma/aug_238_0351.jpg,train,meningioma,314,358,JPEG
train/meningioma/1188.jpg,train,meningioma,512,512,JPEG
train/meningioma/1190.jpg,train,meningioma,512,512,JPEG
train/meningioma/1170.jpg,train,meningioma,512,512,JPEG
train/meningioma/0646.jpg,train,meningioma,512,512,JPEG
train/meningioma/aug_177_0141.jpg,train,meningioma,512,512,JPEG
train/meningioma/aug_90_1270.jpg,train,meningioma,512,512,JPEG
train/meningioma/aug_190_0944.jpg,train,meningioma,530,526,JPEG
train/meningioma/1486.jpg,train,meningioma,512,512,JPEG
train/meningioma/0459.jpg,train,meningioma,512,512,JPEG
train/meningioma/0868.jpg,train,meningioma,512,512,JPEG
train/meningioma/1219.jpg,train,meningioma,512,512,JPEG
train/meningioma/aug_9_0380.jpg,train,meningioma,512,512,JPEG
train/meningioma/0080.jpg,train,meningioma,512,512,JPEG
train/meningioma/0243.jpg,train,meningioma,512,512,JPEG
train/meningioma/1599.jpg,train,meningioma,200,223,JPEG
train/meningioma/aug_243_0564.jpg,train,meningioma,480,480,JPEG
train/meningioma/0704.jpg,train,meningioma,512,512,JPEG
train/meningioma/1525.jpg,train,meningioma,512,512,JPEG
train/meningioma/aug_77_0624.jpg,train,meningioma,512,512,JPEG
train/meningioma/0663.jpg,train,meningioma,1275,1427,JPEG
train/meningioma/1125.jpg,train,meningioma,512,512,JPEG
train/meningioma/0782.jpg,train,meningioma,512,512,JPEG
train/meningioma/aug_48_1057.jpg,train,meningioma,512,512,JPEG
train/meningioma/0635.jpg,train,meningioma,512,512,JPEG
train/meningioma/0989.jpg,train,meningioma,512,512,JPEG
train/meningioma/1351.jpg,train,meningioma,512,512,JPEG
train/meningioma/0111.jpg,train,meningioma,512,512,JPEG
train/meningioma/0799.jpg,train,meningioma,512,512,JPEG
train/meningioma/0157.jpg,train,meningioma,512,512,JPEG
train/meningioma/0955.jpg,train,meningioma,512,512,JPEG
train/meningioma/aug_117_1392.jpg,train,meningioma,512,512,JPEG
train/meningioma/1631.jpg,train,meningioma,306,306,JPEG
train/meningioma/aug_143_1011.jpg,train,meningioma,512,512,JPEG
train/meningioma/aug_54_1337.jpg,train,meningioma,512,512,JPEG
train/meningioma/1124.jpg,train,meningioma,512,512,JPEG
train/meningioma/1346.jpg,train,meningioma,512,512,JPEG
train/meningioma/0113.jpg,train,meningioma,512,512,JPEG
train/meningioma/1330.jpg,train,meningioma,512,512,JPEG
train/meningioma/0145.jpg,train,meningioma,230,241,JPEG
train/meningioma/0542.jpg,train,meningioma,512,512,JPEG
train/meningioma/1226.jpg,train,meningioma,512,512,JPEG
train/meningioma/0548.jpg,train,meningioma,512,512,JPEG
train/meningioma/aug_188_1340.jpg,train,meningioma,216,216,JPEG
train/meningioma/1536.jpg,train,meningioma,239,248,JPEG
train/meningioma/0334.jpg,train,meningioma,512,512,JPEG
train/meningioma/0895.jpg,train,meningioma,512,512,JPEG
train/meningioma/0963.jpg,train,meningioma,512,512,JPEG
train/meningioma/1231.jpg,train,meningioma,512,512,JPEG
train/meningioma/1613.jpg,train,meningioma,290,342,JPEG
train/meningioma/aug_50_1567.jpg,train,meningioma,512,512,JPEG
train/meningioma/1534.jpg,train,meningioma,512,512,JPEG
train/meningioma/aug_19_1243.jpg,train,meningioma,512,512,JPEG
train/meningioma/0923.jpg,train,meningioma,512,512,JPEG
train/meningioma/0620.jpg,train,meningioma,225,225,JPEG
train/meningioma/1416.jpg,train,meningioma,512,512,JPEG
train/meningioma/0743.jpg,train,meningioma,512,512,JPEG
train/meningioma/0028.jpg,train,meningioma,512,512,JPEG
train/meningioma/0103.jpg,train,meningioma,512,512,JPEG
train/meningioma/1476.jpg,train,meningioma,366,395,JPEG
train/meningioma/0859.jpg,train,meningioma,512,512,JPEG
train/meningioma/0939.jpg,train,meningioma,512,512,JPEG
train/meningioma/1022.jpg,train,meningioma,512,512,JPEG
train/meningioma/0837.jpg,train,meningioma,512,512,JPEG
train/meningioma/1530.jpg,train,meningioma,512,512,JPEG
train/meningioma/1265.jpg,train,meningioma,512,512,JPEG
train/meningioma/0009.jpg,train,meningioma,512,512,JPEG
train/meningioma/aug_114_0053.jpg,train,meningioma,512,512,JPEG
train/meningioma/0468.jpg,train,meningioma,512,512,JPEG
train/meningioma/0269.jpg,train,meningioma,512,512,JPEG
train/meningioma/0274.jpg,train,meningioma,512,512,JPEG
train/meningioma/0215.jpg,train,meningioma,304,410,JPEG
train/meningioma/0181.jpg,train,meningioma,512,512,JPEG
train/meningioma/0440.jpg,train,meningioma,512,512,JPEG
train/meningioma/1006.jpg,train,meningioma,512,512,JPEG
train/meningioma/1080.jpg,train,meningioma,512,512,JPEG
train/meningioma/0757.jpg,train,meningioma,512,512,JPEG
train/meningioma/0569.jpg,train,meningioma,512,512,JPEG
train/meningioma/0528.jpg,train,meningioma,341,395,JPEG
train/meningioma/1168.jpg,train,meningioma,512,512,JPEG
train/meningioma/0839.jpg,train,meningioma,512,512,JPEG
train/meningioma/0014.jpg,train,meningioma,512,512,JPEG
train/meningioma/aug_89_1477.jpg,train,meningioma,225,225,JPEG
train/meningioma/aug_62_0549.jpg,train,meningioma,512,512,JPEG
train/meningioma/0276.jpg,train,meningioma,512,512,JPEG
train/meningioma/1587.jpg,train,meningioma,512,512,JPEG
train/meningioma/1178.jpg,train,meningioma,512,512,JPEG
train/meningioma/aug_203_0895.jpg,train,meningioma,512,512,JPEG
train/meningioma/0813.jpg,train,meningioma,512,512,JPEG
train/meningioma/0232.jpg,train,meningioma,512,512,JPEG
train/meningioma/1495.jpg,train,meningioma,512,512,JPEG
train/meningioma/aug_14_1183.jpg,train,meningioma,441,427,JPEG
train/meningioma/aug_242_1351.jpg,train,meningioma,512,512,JPEG
train/meningioma/0931.jpg,train,meningioma,512,512,JPEG
train/meningioma/aug_21_0276.jpg,train,meningioma,512,512,JPEG
train/meningioma/1171.jpg,train,meningioma,512,512,JPEG
train/meningioma/0067.jpg,train,meningioma,512,512,JPEG
train/meningioma/0393.jpg,train,meningioma,512,512,JPEG
train/meningioma/0798.jpg,train,meningioma,512,512,JPEG
train/meningioma/aug_103_1244.jpg,train,meningioma,512,512,JPEG
train/meningioma/0650.jpg,train,meningioma,512,512,JPEG
train/meningioma/0060.jpg,train,meningioma,491,624,JPEG
train/meningioma/0532.jpg,train,meningioma,512,512,JPEG
train/meningioma/1487.jpg,train,meningioma,238,212,JPEG
train/meningioma/0725.jpg,train,meningioma,512,512,JPEG
train/meningioma/aug_231_0875.jpg,train,meningioma,512,512,JPEG
train/meningioma/aug_91_0034.jpg,train,meningioma,512,512,JPEG
train/meningioma/0277.jpg,train,meningioma,512,512,JPEG
train/meningioma/0310.jpg,train,meningioma,512,512,JPEG
train/meningioma/1430.jpg,train,meningioma,512,512,JPEG
train/meningioma/0965.jpg,train,meningioma,512,512,JPEG
train/meningioma/1540.jpg,train,meningioma,512,512,JPEG
train/meningioma/0388.jpg,train,meningioma,214,216,JPEG
train/meningioma/1440.jpg,train,meningioma,212,238,JPEG
train/meningioma/0201.jpg,train,meningioma,512,512,JPEG
train/meningioma/0893.jpg,train,meningioma,512,512,JPEG
train/meningioma/aug_26_1629.jpg,train,meningioma,232,261,JPEG
train/meningioma/0051.jpg,train,meningioma,512,512,JPEG
train/meningioma/0380.jpg,train,meningioma,512,512,JPEG
train/meningioma/1441.jpg,train,meningioma,512,512,JPEG
train/meningioma/aug_39_0250.jpg,train,meningioma,512,512,JPEG
train/meningioma/aug_74_0104.jpg,train,meningioma,512,512,JPEG
train/meningioma/0088.jpg,train,meningioma,512,512,JPEG
train/meningioma/0072.jpg,train,meningioma,512,512,JPEG
train/meningioma/aug_202_0396.jpg,train,meningioma,512,512,JPEG
train/meningioma/0337.jpg,train,meningioma,512,512,JPEG
train/meningioma/0557.jpg,train,meningioma,512,512,JPEG
train/meningioma/0419.jpg,train,meningioma,512,512,JPEG
train/meningioma/1460.jpg,train,meningioma,305,337,JPEG
train/meningioma/0755.jpg,train,meningioma,512,512,JPEG
train/meningioma/0043.jpg,train,meningioma,512,512,JPEG
train/meningioma/1446.jpg,train,meningioma,442,442,JPEG
train/meningioma/1123.jpg,train,meningioma,512,512,JPEG
train/meningioma/1121.jpg,train,meningioma,512,512,JPEG
train/meningioma/0947.jpg,train,meningioma,512,512,JPEG
train/meningioma/aug_44_0975.jpg,train,meningioma,512,512,JPEG
train/meningioma/0250.jpg,train,meningioma,512,512,JPEG
train/meningioma/1103.jpg,train,meningioma,512,512,JPEG
train/meningioma/0992.jpg,train,meningioma,512,512,JPEG
train/meningioma/0901.jpg,train,meningioma,512,512,JPEG
train/meningioma/0146.jpg,train,meningioma,512,512,JPEG
train/meningioma/1372.jpg,train,meningioma,512,512,JPEG
train/meningioma/0659.jpg,train,meningioma,512,512,JPEG
train/meningioma/aug_73_0767.jpg,train,meningioma,512,512,JPEG
train/meningioma/1216.jpg,train,meningioma,512,512,JPEG
train/meningioma/1148.jpg,train,meningioma,512,512,JPEG
train/meningioma/0095.jpg,train,meningioma,512,512,JPEG
train/meningioma/0061.jpg,train,meningioma,512,512,JPEG
train/meningioma/0866.jpg,train,meningioma,512,512,JPEG
train/meningioma/1489.jpg,train,meningioma,512,512,JPEG
train/meningioma/0064.jpg,train,meningioma,512,512,JPEG
train/meningioma/1584.jpg,train,meningioma,212,237,JPEG
train/meningioma/0639.jpg,train,meningioma,512,512,JPEG
train/meningioma/0780.jpg,train,meningioma,512,512,JPEG
train/meningioma/0268.jpg,train,meningioma,512,512,JPEG
train/meningioma/1338.jpg,train,meningioma,512,512,JPEG
train/meningioma/0203.jpg,train,meningioma,512,512,JPEG
train/meningioma/aug_214_0651.jpg,train,meningioma,512,512,JPEG
train/meningioma/0784.jpg,train,meningioma,512,512,JPEG
train/meningioma/0574.jpg,train,meningioma,512,512,JPEG
train/meningioma/0342.jpg,train,meningioma,512,512,JPEG
train/meningioma/0847.jpg,train,meningioma,512,512,JPEG
train/meningioma/aug_206_1277.jpg,train,meningioma,512,512,JPEG
train/meningioma/0600.jpg,train,meningioma,512,512,JPEG
train/meningioma/0655.jpg,train,meningioma,512,512,JPEG
train/meningioma/1531.jpg,train,meningioma,221,228,JPEG
train/meningioma/1418.jpg,train,meningioma,554,554,JPEG
train/meningioma/1611.jpg,train,meningioma,512,512,JPEG
train/meningioma/aug_228_1078.jpg,train,meningioma,512,512,JPEG
train/meningioma/1301.jpg,train,meningioma,512,512,JPEG
train/meningioma/aug_108_1635.jpg,train,meningioma,512,512,JPEG
train/meningioma/0065.jpg,train,meningioma,512,512,JPEG
train/meningioma/1425.jpg,train,meningioma,273,326,JPEG
train/meningioma/aug_25_1333.jpg,train,meningioma,455,500,JPEG
train/meningioma/0734.jpg,train,meningioma,512,512,JPEG
train/meningioma/aug_217_0371.jpg,train,meningioma,512,512,JPEG
train/meningioma/0338.jpg,train,meningioma,512,512,JPEG
train/meningioma/1383.jpg,train,meningioma,528,581,JPEG
train/meningioma/aug_216_1462.jpg,train,meningioma,210,240,JPEG
train/meningioma/0449.jpg,train,meningioma,512,512,JPEG
train/meningioma/1624.jpg,train,meningioma,512,512,JPEG
train/meningioma/0361.jpg,train,meningioma,512,512,JPEG
train/meningioma/1532.jpg,train,meningioma,210,240,JPEG
train/meningioma/1437.jpg,train,meningioma,512,512,JPEG
train/meningioma/aug_121_0018.jpg,train,meningioma,512,512,JPEG
train/meningioma/aug_241_0821.jpg,train,meningioma,512,512,JPEG
train/meningioma/1098.jpg,train,meningioma,512,512,JPEG
train/meningioma/aug_173_1544.jpg,train,meningioma,512,512,JPEG
train/meningioma/0144.jpg,train,meningioma,450,446,JPEG
train/meningioma/0878.jpg,train,meningioma,512,512,JPEG
train/meningioma/0875.jpg,train,meningioma,512,512,JPEG
train/meningioma/0257.jpg,train,meningioma,512,512,JPEG
train/meningioma/aug_247_0564.jpg,train,meningioma,480,480,JPEG
train/meningioma/1058.jpg,train,meningioma,512,512,JPEG
train/meningioma/0335.jpg,train,meningioma,512,512,JPEG
train/meningioma/1465.jpg,train,meningioma,512,512,JPEG
train/meningioma/0563.jpg,train,meningioma,312,401,JPEG
train/meningioma/1510.jpg,train,meningioma,512,512,JPEG
train/meningioma/aug_33_0559.jpg,train,meningioma,512,512,JPEG
train/meningioma/0343.jpg,train,meningioma,512,512,JPEG
train/meningioma/0437.jpg,train,meningioma,512,512,JPEG
train/meningioma/1044.jpg,train,meningioma,512,512,JPEG
train/meningioma/0503.jpg,train,meningioma,512,512,JPEG
train/meningioma/aug_181_0684.jpg,train,meningioma,512,512,JPEG
train/meningioma/0415.jpg,train,meningioma,512,512,JPEG
train/meningioma/aug_126_0241.jpg,train,meningioma,512,512,JPEG
train/meningioma/0418.jpg,train,meningioma,512,512,JPEG
train/meningioma/0676.jpg,train,meningioma,512,512,JPEG
train/meningioma/aug_163_1620.jpg,train,meningioma,512,512,JPEG
train/meningioma/0286.jpg,train,meningioma,512,512,JPEG
train/meningioma/0387.jpg,train,meningioma,512,512,JPEG
train/meningioma/1477.jpg,train,meningioma,225,225,JPEG
train/meningioma/aug_4_1280.jpg,train,meningioma,512,512,JPEG
train/meningioma/0852.jpg,train,meningioma,630,423,JPEG
train/meningioma/0354.jpg,train,meningioma,512,512,JPEG
train/meningioma/aug_79_1470.jpg,train,meningioma,343,367,JPEG
train/meningioma/1402.jpg,train,meningioma,512,512,JPEG
train/meningioma/1606.jpg,train,meningioma,304,410,JPEG
train/meningioma/0693.jpg,train,meningioma,512,512,JPEG
train/meningioma/aug_146_0603.jpg,train,meningioma,512,512,JPEG
train/meningioma/0601.jpg,train,meningioma,512,512,JPEG
train/meningioma/0809.jpg,train,meningioma,512,512,JPEG
train/meningioma/aug_244_1361.jpg,train,meningioma,512,512,JPEG
train/meningioma/aug_56_0439.jpg,train,meningioma,512,512,JPEG
train/meningioma/1122.jpg,train,meningioma,512,512,JPEG
train/meningioma/aug_229_0825.jpg,train,meningioma,512,512,JPEG
train/meningioma/aug_136_0455.jpg,train,meningioma,512,512,JPEG
train/meningioma/aug_219_0231.jpg,train,meningioma,512,512,JPEG
train/meningioma/aug_68_1366.jpg,train,meningioma,472,546,JPEG
train/meningioma/0399.jpg,train,meningioma,232,261,JPEG
train/meningioma/0117.jpg,train,meningioma,512,512,JPEG
train/meningioma/1062.jpg,train,meningioma,512,512,JPEG
train/meningioma/0770.jpg,train,meningioma,512,512,JPEG
train/meningioma/1228.jpg,train,meningioma,512,512,JPEG
train/meningioma/1064.jpg,train,meningioma,512,512,JPEG
train/meningioma/0968.jpg,train,meningioma,512,512,JPEG
train/meningioma/0661.jpg,train,meningioma,512,512,JPEG
train/meningioma/0624.jpg,train,meningioma,512,512,JPEG
train/meningioma/0189.jpg,train,meningioma,512,512,JPEG
train/meningioma/0927.jpg,train,meningioma,512,512,JPEG
train/meningioma/0513.jpg,train,meningioma,512,512,JPEG
train/meningioma/1113.jpg,train,meningioma,512,512,JPEG
train/meningioma/0249.jpg,train,meningioma,512,512,JPEG
train/meningioma/1182.jpg,train,meningioma,512,512,JPEG
train/meningioma/0957.jpg,train,meningioma,226,214,JPEG
train/meningioma/0565.jpg,train,meningioma,512,512,JPEG
train/meningioma/aug_30_1259.jpg,train,meningioma,513,522,JPEG
train/meningioma/0066.jpg,train,meningioma,219,234,JPEG
train/meningioma/0714.jpg,train,meningioma,512,512,JPEG
train/meningioma/0606.jpg,train,meningioma,512,512,JPEG
train/meningioma/1565.jpg,train,meningioma,512,512,JPEG
train/meningioma/1181.jpg,train,meningioma,512,512,JPEG
train/meningioma/0851.jpg,train,meningioma,512,512,JPEG
train/meningioma/aug_64_0439.jpg,train,meningioma,512,512,JPEG
train/meningioma/aug_204_0771.jpg,train,meningioma,512,512,JPEG
train/meningioma/1490.jpg,train,meningioma,225,225,JPEG
train/meningioma/0401.jpg,train,meningioma,512,512,JPEG
train/meningioma/aug_199_0064.jpg,train,meningioma,512,512,JPEG
train/meningioma/1208.jpg,train,meningioma,512,512,JPEG
train/meningioma/1042.jpg,train,meningioma,512,512,JPEG
train/meningioma/0604.jpg,train,meningioma,512,512,JPEG
train/meningioma/0765.jpg,train,meningioma,512,512,JPEG
train/meningioma/1361.jpg,train,meningioma,512,512,JPEG
train/meningioma/0535.jpg,train,meningioma,512,512,JPEG
train/meningioma/0186.jpg,train,meningioma,512,512,JPEG
train/meningioma/0997.jpg,train,meningioma,512,512,JPEG
train/meningioma/0660.jpg,train,meningioma,512,512,JPEG
train/meningioma/0819.jpg,train,meningioma,300,359,JPEG
train/meningioma/0882.jpg,train,meningioma,512,512,JPEG
train/meningioma/0833.jpg,train,meningioma,512,512,JPEG
train/meningioma/1290.jpg,train,meningioma,290,342,JPEG
train/meningioma/0928.jpg,train,meningioma,204,249,JPEG
train/meningioma/aug_168_1013.jpg,train,meningioma,512,512,JPEG
train/meningioma/0609.jpg,train,meningioma,512,512,JPEG
train/meningioma/0993.jpg,train,meningioma,512,512,JPEG
train/meningioma/0544.jpg,train,meningioma,512,512,JPEG
train/meningioma/aug_245_0129.jpg,train,meningioma,512,512,JPEG
train/meningioma/0120.jpg,train,meningioma,512,512,JPEG
train/meningioma/1405.jpg,train,meningioma,512,512,JPEG
train/meningioma/aug_234_0158.jpg,train,meningioma,512,512,JPEG
train/meningioma/1593.jpg,train,meningioma,300,412,JPEG
train/meningioma/1155.jpg,train,meningioma,512,512,JPEG
train/meningioma/aug_81_0627.jpg,train,meningioma,512,512,JPEG
train/meningioma/0254.jpg,train,meningioma,512,512,JPEG
train/meningioma/0179.jpg,train,meningioma,341,377,JPEG
train/meningioma/0476.jpg,train,meningioma,225,225,JPEG
train/meningioma/0341.jpg,train,meningioma,201,251,JPEG
train/meningioma/0280.jpg,train,meningioma,512,512,JPEG
train/meningioma/1260.jpg,train,meningioma,512,512,JPEG
train/meningioma/0800.jpg,train,meningioma,512,512,JPEG
train/meningioma/0824.jpg,train,meningioma,512,512,JPEG
train/meningioma/1275.jpg,train,meningioma,512,512,JPEG
train/meningioma/1419.jpg,train,meningioma,512,512,JPEG
train/meningioma/0648.jpg,train,meningioma,512,512,JPEG
train/meningioma/0422.jpg,train,meningioma,512,512,JPEG
train/meningioma/1055.jpg,train,meningioma,512,512,JPEG
train/meningioma/0769.jpg,train,meningioma,512,512,JPEG
train/meningioma/aug_88_0121.jpg,train,meningioma,512,512,JPEG
train/meningioma/aug_113_0517.jpg,train,meningioma,512,512,JPEG
train/meningioma/aug_60_1633.jpg,train,meningioma,512,512,JPEG
train/meningioma/1431.jpg,train,meningioma,512,512,JPEG
train/meningioma/1491.jpg,train,meningioma,512,512,JPEG
train/meningioma/0867.jpg,train,meningioma,512,512,JPEG
train/meningioma/0358.jpg,train,meningioma,512,512,JPEG
train/meningioma/0514.jpg,train,meningioma,512,512,JPEG
train/meningioma/aug_29_0708.jpg,train,meningioma,512,512,JPEG
train/meningioma/aug_38_0600.jpg,train,meningioma,512,512,JPEG
train/meningioma/0408.jpg,train,meningioma,512,512,JPEG
train/meningioma/1493.jpg,train,meningioma,512,512,JPEG
train/meningioma/0001.jpg,train,meningioma,512,512,JPEG
train/meningioma/1252.jpg,train,meningioma,512,512,JPEG
train/meningioma/1278.jpg,train,meningioma,512,512,JPEG
train/meningioma/aug_112_0344.jpg,train,meningioma,512,512,JPEG
train/meningioma/1340.jpg,train,meningioma,216,216,JPEG
train/meningioma/0518.jpg,train,meningioma,512,512,JPEG
train/meningioma/0463.jpg,train,meningioma,512,512,JPEG
train/meningioma/1529.jpg,train,meningioma,278,306,JPEG
train/meningioma/1354.jpg,train,meningioma,512,512,JPEG
train/meningioma/1643.jpg,train,meningioma,512,512,JPEG
train/meningioma/0119.jpg,train,meningioma,512,512,JPEG
train/meningioma/1367.jpg,train,meningioma,512,512,JPEG
train/meningioma/0183.jpg,train,meningioma,512,512,JPEG
train/meningioma/1343.jpg,train,meningioma,201,251,JPEG
train/meningioma/0753.jpg,train,meningioma,512,512,JPEG
train/meningioma/1302.jpg,train,meningioma,212,237,JPEG
train/meningioma/1413.jpg,train,meningioma,512,512,JPEG
train/meningioma/aug_220_0462.jpg,train,meningioma,512,512,JPEG
train/meningioma/0672.jpg,train,meningioma,214,235,JPEG
train/meningioma/0247.jpg,train,meningioma,512,512,JPEG
train/meningioma/aug_232_0700.jpg,train,meningioma,512,512,JPEG
train/meningioma/1218.jpg,train,meningioma,318,354,JPEG
train/meningioma/0658.jpg,train,meningioma,512,512,JPEG
train/meningioma/1204.jpg,train,meningioma,229,223,JPEG
train/meningioma/1328.jpg,train,meningioma,512,512,JPEG
train/meningioma/0699.jpg,train,meningioma,512,512,JPEG
train/meningioma/aug_15_1565.jpg,train,meningioma,512,512,JPEG
train/meningioma/1079.jpg,train,meningioma,512,512,JPEG
train/meningioma/aug_111_0046.jpg,train,meningioma,512,512,JPEG
train/meningioma/0034.jpg,train,meningioma,512,512,JPEG
train/meningioma/1235.jpg,train,meningioma,512,512,JPEG
train/meningioma/1173.jpg,train,meningioma,512,512,JPEG
train/meningioma/1443.jpg,train,meningioma,512,512,JPEG
train/meningioma/aug_160_0248.jpg,train,meningioma,512,512,JPEG
train/meningioma/1271.jpg,train,meningioma,512,512,JPEG
train/meningioma/0362.jpg,train,meningioma,512,512,JPEG
train/meningioma/1032.jpg,train,meningioma,512,512,JPEG
train/meningioma/0727.jpg,train,meningioma,512,512,JPEG
train/meningioma/1428.jpg,train,meningioma,442,442,JPEG
train/meningioma/aug_207_0401.jpg,train,meningioma,512,512,JPEG
train/meningioma/0262.jpg,train,meningioma,512,512,JPEG
train/meningioma/1194.jpg,train,meningioma,512,512,JPEG
train/meningioma/1136.jpg,train,meningioma,512,512,JPEG
train/meningioma/0754.jpg,train,meningioma,512,512,JPEG
train/meningioma/0025.jpg,train,meningioma,512,512,JPEG
train/meningioma/0382.jpg,train,meningioma,512,512,JPEG
train/meningioma/0188.jpg,train,meningioma,512,512,JPEG
train/meningioma/0627.jpg,train,meningioma,512,512,JPEG
train/meningioma/aug_205_0810.jpg,train,meningioma,366,395,JPEG
train/meningioma/0357.jpg,train,meningioma,512,512,JPEG
train/meningioma/1127.jpg,train,meningioma,512,512,JPEG
train/meningioma/0359.jpg,train,meningioma,512,512,JPEG
train/meningioma/0350.jpg,train,meningioma,512,512,JPEG
train/meningioma/0069.jpg,train,meningioma,402,396,JPEG
train/meningioma/1105.jpg,train,meningioma,512,512,JPEG
train/meningioma/aug_115_1045.jpg,train,meningioma,512,512,JPEG
train/meningioma/0617.jpg,train,meningioma,512,512,JPEG
train/meningioma/1329.jpg,train,meningioma,512,512,JPEG
train/meningioma/1621.jpg,train,meningioma,507,605,JPEG
train/meningioma/1090.jpg,train,meningioma,512,512,JPEG
train/meningioma/1066.jpg,train,meningioma,512,512,JPEG
train/meningioma/0461.jpg,train,meningioma,512,512,JPEG
train/meningioma/1298.jpg,train,meningioma,512,512,JPEG
train/meningioma/1295.jpg,train,meningioma,512,512,JPEG
train/meningioma/0139.jpg,train,meningioma,512,512,JPEG
train/meningioma/0970.jpg,train,meningioma,512,512,JPEG
train/meningioma/0739.jpg,train,meningioma,512,512,JPEG
train/meningioma/1253.jpg,train,meningioma,512,512,JPEG
train/meningioma/1498.jpg,train,meningioma,512,512,JPEG
train/meningioma/1264.jpg,train,meningioma,512,512,JPEG
train/meningioma/0306.jpg,train,meningioma,512,512,JPEG
train/meningioma/1463.jpg,train,meningioma,512,512,JPEG
train/meningioma/aug_109_1416.jpg,train,meningioma,512,512,JPEG
train/meningioma/0132.jpg,train,meningioma,512,512,JPEG
train/meningioma/1045.jpg,train,meningioma,512,512,JPEG
train/meningioma/0241.jpg,train,meningioma,512,512,JPEG
train/meningioma/0366.jpg,train,meningioma,512,512,JPEG
train/meningioma/0730.jpg,train,meningioma,512,512,JPEG
train/meningioma/0460.jpg,train,meningioma,512,512,JPEG
train/meningioma/0954.jpg,train,meningioma,306,365,JPEG
train/meningioma/0767.jpg,train,meningioma,512,512,JPEG
train/meningioma/aug_248_1261.jpg,train,meningioma,512,512,JPEG
train/meningioma/1008.jpg,train,meningioma,512,512,JPEG
train/meningioma/0786.jpg,train,meningioma,512,512,JPEG
train/meningioma/0400.jpg,train,meningioma,512,512,JPEG
train/meningioma/0237.jpg,train,meningioma,442,442,JPEG
train/meningioma/1600.jpg,train,meningioma,512,512,JPEG
train/meningioma/1099.jpg,train,meningioma,512,512,JPEG
train/meningioma/0983.jpg,train,meningioma,272,331,JPEG
train/meningioma/1307.jpg,train,meningioma,512,512,JPEG
train/meningioma/0007.jpg,train,meningioma,512,512,JPEG
train/meningioma/0344.jpg,train,meningioma,512,512,JPEG
train/meningioma/1378.jpg,train,meningioma,295,394,JPEG
train/meningioma/1482.jpg,train,meningioma,512,512,JPEG
train/meningioma/1154.jpg,train,meningioma,512,512,JPEG
train/meningioma/0591.jpg,train,meningioma,1149,1019,JPEG
train/meningioma/0886.jpg,train,meningioma,512,512,JPEG
train/meningioma/0686.jpg,train,meningioma,512,512,JPEG
train/meningioma/aug_63_1470.jpg,train,meningioma,343,367,JPEG
train/meningioma/0775.jpg,train,meningioma,512,512,JPEG
train/meningioma/0674.jpg,train,meningioma,512,512,JPEG
train/meningioma/1632.jpg,train,meningioma,512,512,JPEG
train/meningioma/1146.jpg,train,meningioma,442,442,JPEG
train/meningioma/0484.jpg,train,meningioma,512,512,JPEG
train/meningioma/0412.jpg,train,meningioma,512,512,JPEG
train/meningioma/1342.jpg,train,meningioma,512,512,JPEG
train/meningioma/aug_85_1312.jpg,train,meningioma,512,512,JPEG
train/meningioma/0959.jpg,train,meningioma,512,512,JPEG
train/meningioma/0129.jpg,train,meningioma,512,512,JPEG
train/meningioma/1238.jpg,train,meningioma,512,512,JPEG
train/meningioma/aug_110_0787.jpg,train,meningioma,512,512,JPEG
train/meningioma/aug_182_1293.jpg,train,meningioma,512,512,JPEG
train/meningioma/0858.jpg,train,meningioma,202,223,JPEG
train/meningioma/1196.jpg,train,meningioma,512,512,JPEG
train/meningioma/0046.jpg,train,meningioma,512,512,JPEG
train/meningioma/1126.jpg,train,meningioma,512,512,JPEG
train/meningioma/1633.jpg,train,meningioma,512,512,JPEG
train/meningioma/1193.jpg,train,meningioma,512,512,JPEG
train/meningioma/1521.jpg,train,meningioma,512,512,JPEG
train/meningioma/aug_239_1409.jpg,train,meningioma,213,236,JPEG
train/meningioma/1011.jpg,train,meningioma,512,512,JPEG
train/meningioma/aug_57_0629.jpg,train,meningioma,217,232,JPEG
train/meningioma/aug_138_1421.jpg,train,meningioma,554,554,JPEG
train/meningioma/1078.jpg,train,meningioma,512,512,JPEG
train/meningioma/0996.jpg,train,meningioma,512,512,JPEG
train/meningioma/1522.jpg,train,meningioma,315,315,JPEG
train/meningioma/0205.jpg,train,meningioma,503,369,JPEG
train/meningioma/0045.jpg,train,meningioma,512,512,JPEG
train/meningioma/0252.jpg,train,meningioma,512,512,JPEG
train/meningioma/0017.jpg,train,meningioma,512,512,JPEG
train/meningioma/0808.jpg,train,meningioma,211,239,JPEG
train/meningioma/1573.jpg,train,meningioma,512,512,JPEG
train/meningioma/1161.jpg,train,meningioma,512,512,JPEG
train/meningioma/1232.jpg,train,meningioma,512,512,JPEG
train/meningioma/0470.jpg,train,meningioma,512,512,JPEG
train/meningioma/0527.jpg,train,meningioma,512,512,JPEG
train/meningioma/aug_141_0038.jpg,train,meningioma,512,512,JPEG
train/meningioma/1069.jpg,train,meningioma,512,512,JPEG
train/meningioma/0301.jpg,train,meningioma,512,512,JPEG
train/meningioma/0483.jpg,train,meningioma,512,512,JPEG
train/meningioma/0864.jpg,train,meningioma,512,512,JPEG
train/meningioma/0178.jpg,train,meningioma,512,512,JPEG
train/meningioma/1462.jpg,train,meningioma,210,240,JPEG
train/meningioma/0701.jpg,train,meningioma,224,219,JPEG
train/meningioma/0748.jpg,train,meningioma,512,512,JPEG
train/meningioma/0270.jpg,train,meningioma,512,512,JPEG
train/meningioma/0169.jpg,train,meningioma,512,512,JPEG
train/meningioma/0980.jpg,train,meningioma,512,512,JPEG
train/meningioma/0435.jpg,train,meningioma,512,512,JPEG
train/meningioma/0776.jpg,train,meningioma,512,512,JPEG
train/meningioma/0691.jpg,train,meningioma,512,512,JPEG
train/meningioma/1016.jpg,train,meningioma,512,512,JPEG
train/meningioma/aug_105_0053.jpg,train,meningioma,512,512,JPEG
train/meningioma/aug_1_1119.jpg,train,meningioma,512,512,JPEG
train/meningioma/1017.jpg,train,meningioma,512,512,JPEG
train/meningioma/1020.jpg,train,meningioma,512,512,JPEG
train/meningioma/1095.jpg,train,meningioma,512,512,JPEG
train/meningioma/aug_7_1026.jpg,train,meningioma,300,345,JPEG
train/meningioma/0664.jpg,train,meningioma,512,512,JPEG
train/meningioma/1195.jpg,train,meningioma,512,512,JPEG
train/meningioma/1635.jpg,train,meningioma,512,512,JPEG
train/meningioma/1444.jpg,train,meningioma,252,303,JPEG
train/meningioma/0979.jpg,train,meningioma,512,512,JPEG
train/meningioma/0264.jpg,train,meningioma,512,512,JPEG
train/meningioma/1132.jpg,train,meningioma,512,512,JPEG
train/meningioma/1169.jpg,train,meningioma,512,512,JPEG
train/meningioma/1394.jpg,train,meningioma,512,512,JPEG
train/meningioma/1569.jpg,train,meningioma,291,340,JPEG
train/meningioma/0832.jpg,train,meningioma,512,512,JPEG
train/meningioma/aug_61_1215.jpg,train,meningioma,512,512,JPEG
train/meningioma/0446.jpg,train,meningioma,512,512,JPEG
train/meningioma/aug_93_0848.jpg,train,meningioma,512,512,JPEG
train/meningioma/0749.jpg,train,meningioma,512,512,JPEG
train/meningioma/0926.jpg,train,meningioma,512,512,JPEG
train/meningioma/0579.jpg,train,meningioma,512,512,JPEG
train/meningioma/0795.jpg,train,meningioma,512,512,JPEG
train/meningioma/aug_20_1339.jpg,train,meningioma,512,512,JPEG
train/meningioma/0075.jpg,train,meningioma,512,512,JPEG
train/meningioma/0224.jpg,train,meningioma,512,512,JPEG
train/meningioma/1332.jpg,train,meningioma,512,512,JPEG
train/meningioma/0564.jpg,train,meningioma,480,480,JPEG
train/meningioma/0651.jpg,train,meningioma,512,512,JPEG
train/meningioma/1436.jpg,train,meningioma,512,512,JPEG
train/meningioma/0176.jpg,train,meningioma,512,512,JPEG
train/meningioma/1505.jpg,train,meningioma,174,230,JPEG
train/meningioma/1597.jpg,train,meningioma,512,512,JPEG
train/meningioma/aug_222_1285.jpg,train,meningioma,201,251,JPEG
train/meningioma/0487.jpg,train,meningioma,512,512,JPEG
train/meningioma/1473.jpg,train,meningioma,512,512,JPEG
train/meningioma/0641.jpg,train,meningioma,512,512,JPEG
train/meningioma/0213.jpg,train,meningioma,239,248,JPEG
train/meningioma/1424.jpg,train,meningioma,645,439,JPEG
train/meningioma/1449.jpg,train,meningioma,512,512,JPEG
train/meningioma/aug_180_0582.jpg,train,meningioma,512,512,JPEG
train/meningioma/1199.jpg,train,meningioma,512,512,JPEG
train/meningioma/0074.jpg,train,meningioma,485,510,JPEG
train/meningioma/0892.jpg,train,meningioma,512,512,JPEG
train/meningioma/0329.jpg,train,meningioma,512,512,JPEG
train/meningioma/aug_12_1428.jpg,train,meningioma,442,442,JPEG
train/meningioma/1269.jpg,train,meningioma,512,512,JPEG
train/meningioma/0807.jpg,train,meningioma,512,512,JPEG
train/meningioma/0724.jpg,train,meningioma,512,512,JPEG
train/meningioma/0209.jpg,train,meningioma,512,512,JPEG
train/meningioma/0425.jpg,train,meningioma,512,512,JPEG
train/meningioma/1281.jpg,train,meningioma,512,512,JPEG
train/meningioma/aug_161_0568.jpg,train,meningioma,512,512,JPEG
train/meningioma/aug_135_0186.jpg,train,meningioma,512,512,JPEG
train/meningioma/0491.jpg,train,meningioma,512,512,JPEG
train/meningioma/0040.jpg,train,meningioma,512,512,JPEG
train/meningioma/1030.jpg,train,meningioma,512,512,JPEG
train/meningioma/1450.jpg,train,meningioma,512,512,JPEG
train/meningioma/1289.jpg,train,meningioma,512,512,JPEG
train/meningioma/0593.jpg,train,meningioma,512,512,JPEG
train/meningioma/aug_92_1430.jpg,train,meningioma,512,512,JPEG
train/meningioma/1376.jpg,train,meningioma,512,512,JPEG
train/meningioma/0136.jpg,train,meningioma,201,207,JPEG
train/meningioma/1448.jpg,train,meningioma,512,512,JPEG
train/meningioma/1567.jpg,train,meningioma,512,512,JPEG
train/meningioma/0050.jpg,train,meningioma,512,512,JPEG
train/meningioma/aug_158_1158.jpg,train,meningioma,512,512,JPEG
train/meningioma/0771.jpg,train,meningioma,512,512,JPEG
train/meningioma/1392.jpg,train,meningioma,512,512,JPEG
train/meningioma/0222.jpg,train,meningioma,512,512,JPEG
train/meningioma/0906.jpg,train,meningioma,512,512,JPEG
train/meningioma/1010.jpg,train,meningioma,512,512,JPEG
train/meningioma/0818.jpg,train,meningioma,512,512,JPEG
train/meningioma/0403.jpg,train,meningioma,512,512,JPEG
train/meningioma/0510.jpg,train,meningioma,512,512,JPEG
train/meningioma/1580.jpg,train,meningioma,512,512,JPEG
train/meningioma/1277.jpg,train,meningioma,512,512,JPEG
train/meningioma/aug_35_0108.jpg,train,meningioma,512,512,JPEG
train/meningioma/aug_221_0062.jpg,train,meningioma,374,456,JPEG
train/meningioma/1637.jpg,train,meningioma,455,500,JPEG
train/meningioma/aug_107_1131.jpg,train,meningioma,512,512,JPEG
train/meningioma/1414.jpg,train,meningioma,530,526,JPEG
train/meningioma/1245.jpg,train,meningioma,512,512,JPEG
train/meningioma/0462.jpg,train,meningioma,512,512,JPEG
train/meningioma/aug_28_0683.jpg,train,meningioma,512,512,JPEG
train/meningioma/0018.jpg,train,meningioma,512,512,JPEG
train/meningioma/aug_193_1136.jpg,train,meningioma,512,512,JPEG
train/meningioma/0126.jpg,train,meningioma,512,512,JPEG
train/meningioma/0152.jpg,train,meningioma,512,512,JPEG
train/meningioma/1310.jpg,train,meningioma,512,512,JPEG
train/meningioma/1039.jpg,train,meningioma,512,512,JPEG
train/meningioma/1617.jpg,train,meningioma,440,278,JPEG
train/meningioma/0101.jpg,train,meningioma,512,512,JPEG
train/meningioma/aug_191_0555.jpg,train,meningioma,512,512,JPEG
train/meningioma/aug_165_0101.jpg,train,meningioma,512,512,JPEG
train/meningioma/1248.jpg,train,meningioma,512,512,JPEG
train/meningioma/0115.jpg,train,meningioma,512,512,JPEG
train/meningioma/aug_65_1173.jpg,train,meningioma,512,512,JPEG
train/meningioma/1259.jpg,train,meningioma,513,522,JPEG
train/meningioma/1152.jpg,train,meningioma,512,512,JPEG
train/meningioma/1404.jpg,train,meningioma,512,512,JPEG
train/meningioma/aug_140_0440.jpg,train,meningioma,512,512,JPEG
train/meningioma/0130.jpg,train,meningioma,512,512,JPEG
train/meningioma/aug_150_0001.jpg,train,meningioma,512,512,JPEG
train/meningioma/0430.jpg,train,meningioma,512,512,JPEG
train/meningioma/aug_84_1381.jpg,train,meningioma,201,207,JPEG
train/meningioma/aug_43_0918.jpg,train,meningioma,512,512,JPEG
train/meningioma/0570.jpg,train,meningioma,512,512,JPEG
train/meningioma/0995.jpg,train,meningioma,305,337,JPEG
train/meningioma/1209.jpg,train,meningioma,512,512,JPEG
train/meningioma/0848.jpg,train,meningioma,512,512,JPEG
train/meningioma/0788.jpg,train,meningioma,512,512,JPEG
train/meningioma/aug_183_1063.jpg,train,meningioma,512,512,JPEG
train/meningioma/aug_2_0296.jpg,train,meningioma,512,512,JPEG
train/meningioma/0082.jpg,train,meningioma,512,512,JPEG
train/meningioma/1407.jpg,train,meningioma,512,512,JPEG
train/meningioma/0272.jpg,train,meningioma,512,512,JPEG
train/meningioma/1242.jpg,train,meningioma,512,512,JPEG
train/meningioma/0220.jpg,train,meningioma,512,512,JPEG
train/meningioma/1234.jpg,train,meningioma,512,512,JPEG
train/meningioma/1571.jpg,train,meningioma,217,232,JPEG
train/meningioma/0492.jpg,train,meningioma,369,398,JPEG
train/meningioma/0951.jpg,train,meningioma,512,512,JPEG
train/meningioma/aug_51_1434.jpg,train,meningioma,225,225,JPEG
train/meningioma/0729.jpg,train,meningioma,512,512,JPEG
train/meningioma/1364.jpg,train,meningioma,512,512,JPEG
train/meningioma/0431.jpg,train,meningioma,497,320,JPEG
train/meningioma/0303.jpg,train,meningioma,512,512,JPEG
train/meningioma/1360.jpg,train,meningioma,512,512,JPEG
train/meningioma/0368.jpg,train,meningioma,512,512,JPEG
train/meningioma/0974.jpg,train,meningioma,512,512,JPEG
train/meningioma/aug_75_0179.jpg,train,meningioma,341,377,JPEG
train/meningioma/aug_71_0217.jpg,train,meningioma,512,512,JPEG
train/meningioma/0817.jpg,train,meningioma,512,512,JPEG
train/meningioma/aug_52_1425.jpg,train,meningioma,273,326,JPEG
train/meningioma/0862.jpg,train,meningioma,512,512,JPEG
train/meningioma/1627.jpg,train,meningioma,330,355,JPEG
train/meningioma/aug_164_0277.jpg,train,meningioma,512,512,JPEG
train/meningioma/aug_211_1257.jpg,train,meningioma,512,512,JPEG
train/meningioma/1380.jpg,train,meningioma,512,512,JPEG
train/meningioma/0172.jpg,train,meningioma,512,512,JPEG
train/meningioma/0501.jpg,train,meningioma,512,512,JPEG
train/meningioma/1317.jpg,train,meningioma,512,512,JPEG
train/meningioma/0899.jpg,train,meningioma,512,512,JPEG
train/meningioma/0094.jpg,train,meningioma,512,512,JPEG
train/meningioma/0404.jpg,train,meningioma,512,512,JPEG
train/meningioma/1362.jpg,train,meningioma,226,214,JPEG
train/meningioma/0494.jpg,train,meningioma,512,512,JPEG
train/meningioma/0962.jpg,train,meningioma,512,512,JPEG
train/meningioma/0821.jpg,train,meningioma,512,512,JPEG
train/meningioma/aug_175_1197.jpg,train,meningioma,512,512,JPEG
train/meningioma/aug_154_1580.jpg,train,meningioma,512,512,JPEG
train/meningioma/1143.jpg,train,meningioma,512,512,JPEG
train/meningioma/aug_162_0109.jpg,train,meningioma,512,512,JPEG
train/meningioma/1550.jpg,train,meningioma,512,512,JPEG
train/meningioma/0355.jpg,train,meningioma,512,512,JPEG
train/meningioma/1514.jpg,train,meningioma,200,252,JPEG
train/meningioma/aug_172_0899.jpg,train,meningioma,512,512,JPEG
train/meningioma/0432.jpg,train,meningioma,512,512,JPEG
train/meningioma/0700.jpg,train,meningioma,512,512,JPEG
train/meningioma/0453.jpg,train,meningioma,221,228,JPEG
train/meningioma/0085.jpg,train,meningioma,512,512,JPEG
train/meningioma/0717.jpg,train,meningioma,512,512,JPEG
train/meningioma/0318.jpg,train,meningioma,512,512,JPEG
train/meningioma/0255.jpg,train,meningioma,512,512,JPEG
train/meningioma/0364.jpg,train,meningioma,512,512,JPEG
train/meningioma/0455.jpg,train,meningioma,512,512,JPEG
train/meningioma/1117.jpg,train,meningioma,512,512,JPEG
train/meningioma/0416.jpg,train,meningioma,512,512,JPEG
train/meningioma/0692.jpg,train,meningioma,512,512,JPEG
train/meningioma/0291.jpg,train,meningioma,512,512,JPEG
train/meningioma/0656.jpg,train,meningioma,512,512,JPEG
train/meningioma/0546.jpg,train,meningioma,512,512,JPEG
train/meningioma/0206.jpg,train,meningioma,512,512,JPEG
train/meningioma/0856.jpg,train,meningioma,512,512,JPEG
train/meningioma/0266.jpg,train,meningioma,512,512,JPEG
train/meningioma/aug_179_0741.jpg,train,meningioma,512,512,JPEG
train/meningioma/0640.jpg,train,meningioma,512,512,JPEG
train/meningioma/aug_184_0842.jpg,train,meningioma,512,512,JPEG
train/meningioma/0020.jpg,train,meningioma,512,512,JPEG
train/meningioma/0295.jpg,train,meningioma,512,512,JPEG
train/meningioma/0846.jpg,train,meningioma,512,512,JPEG
train/meningioma/1497.jpg,train,meningioma,512,512,JPEG
train/meningioma/aug_189_1629.jpg,train,meningioma,232,261,JPEG
train/meningioma/aug_133_1514.jpg,train,meningioma,200,252,JPEG
train/meningioma/0811.jpg,train,meningioma,512,512,JPEG
train/meningioma/0143.jpg,train,meningioma,512,512,JPEG
train/meningioma/1263.jpg,train,meningioma,512,512,JPEG
train/meningioma/aug_151_0416.jpg,train,meningioma,512,512,JPEG
train/meningioma/1389.jpg,train,meningioma,512,512,JPEG
train/meningioma/0077.jpg,train,meningioma,512,512,JPEG
train/meningioma/0645.jpg,train,meningioma,200,235,JPEG
train/meningioma/1539.jpg,train,meningioma,512,512,JPEG
train/meningioma/1461.jpg,train,meningioma,206,249,JPEG
train/meningioma/1159.jpg,train,meningioma,512,512,JPEG
train/meningioma/0512.jpg,train,meningioma,512,512,JPEG
train/meningioma/1158.jpg,train,meningioma,512,512,JPEG
train/meningioma/0469.jpg,train,meningioma,512,512,JPEG
train/meningioma/1027.jpg,train,meningioma,215,234,JPEG
train/meningioma/aug_8_1148.jpg,train,meningioma,512,512,JPEG
train/meningioma/0785.jpg,train,meningioma,512,512,JPEG
train/meningioma/1447.jpg,train,meningioma,512,512,JPEG
train/meningioma/0950.jpg,train,meningioma,512,512,JPEG
train/meningioma/1276.jpg,train,meningioma,512,512,JPEG
train/meningioma/aug_246_1037.jpg,train,meningioma,512,512,JPEG
train/meningioma/0815.jpg,train,meningioma,512,512,JPEG
train/meningioma/0870.jpg,train,meningioma,512,512,JPEG
train/meningioma/0142.jpg,train,meningioma,512,512,JPEG
train/meningioma/0823.jpg,train,meningioma,512,512,JPEG
train/meningioma/0684.jpg,train,meningioma,512,512,JPEG
train/meningioma/aug_119_1498.jpg,train,meningioma,512,512,JPEG
train/meningioma/0971.jpg,train,meningioma,212,237,JPEG
train/meningioma/0079.jpg,train,meningioma,512,512,JPEG
train/meningioma/0465.jpg,train,meningioma,512,512,JPEG
train/meningioma/1150.jpg,train,meningioma,512,512,JPEG
train/meningioma/0363.jpg,train,meningioma,512,512,JPEG
train/meningioma/0377.jpg,train,meningioma,512,512,JPEG
train/meningioma/0302.jpg,train,meningioma,512,512,JPEG
train/meningioma/1356.jpg,train,meningioma,512,512,JPEG
train/meningioma/aug_53_1151.jpg,train,meningioma,512,512,JPEG
train/meningioma/0751.jpg,train,meningioma,512,512,JPEG
train/meningioma/1018.jpg,train,meningioma,512,512,JPEG
train/meningioma/aug_132_1358.jpg,train,meningioma,214,216,JPEG
train/meningioma/0869.jpg,train,meningioma,512,512,JPEG
train/meningioma/1319.jpg,train,meningioma,512,512,JPEG
train/meningioma/0038.jpg,train,meningioma,512,512,JPEG
train/meningioma/aug_18_1389.jpg,train,meningioma,512,512,JPEG
train/meningioma/1623.jpg,train,meningioma,512,512,JPEG
train/meningioma/1174.jpg,train,meningioma,512,512,JPEG
train/meningioma/1013.jpg,train,meningioma,512,512,JPEG
train/meningioma/0566.jpg,train,meningioma,512,512,JPEG
train/meningioma/1315.jpg,train,meningioma,512,512,JPEG
train/meningioma/0719.jpg,train,meningioma,512,512,JPEG
train/meningioma/0555.jpg,train,meningioma,512,512,JPEG
train/meningioma/0506.jpg,train,meningioma,512,512,JPEG
train/meningioma/1506.jpg,train,meningioma,512,512,JPEG
train/meningioma/0857.jpg,train,meningioma,512,512,JPEG
train/meningioma/0801.jpg,train,meningioma,512,512,JPEG
train/meningioma/0443.jpg,train,meningioma,512,512,JPEG
train/meningioma/1638.jpg,train,meningioma,512,512,JPEG
train/meningioma/1527.jpg,train,meningioma,312,401,JPEG
train/meningioma/0759.jpg,train,meningioma,512,512,JPEG
train/meningioma/1582.jpg,train,meningioma,512,512,JPEG
train/meningioma/1601.jpg,train,meningioma,512,512,JPEG
train/meningioma/0695.jpg,train,meningioma,512,512,JPEG
train/meningioma/0114.jpg,train,meningioma,512,512,JPEG
train/meningioma/0614.jpg,train,meningioma,512,512,JPEG
train/meningioma/1574.jpg,train,meningioma,228,221,JPEG
train/meningioma/1415.jpg,train,meningioma,512,512,JPEG
train/meningioma/0090.jpg,train,meningioma,512,512,JPEG
train/meningioma/1312.jpg,train,meningioma,512,512,JPEG
train/meningioma/0836.jpg,train,meningioma,512,512,JPEG
train/meningioma/1115.jpg,train,meningioma,528,581,JPEG
train/meningioma/0803.jpg,train,meningioma,512,512,JPEG
train/meningioma/0019.jpg,train,meningioma,512,512,JPEG
train/meningioma/0140.jpg,train,meningioma,512,512,JPEG
train/meningioma/0427.jpg,train,meningioma,512,512,JPEG
train/meningioma/0810.jpg,train,meningioma,366,395,JPEG
train/meningioma/1564.jpg,train,meningioma,512,512,JPEG
train/meningioma/1549.jpg,train,meningioma,554,554,JPEG
train/meningioma/0108.jpg,train,meningioma,512,512,JPEG
train/meningioma/aug_185_0153.jpg,train,meningioma,512,512,JPEG
train/meningioma/1285.jpg,train,meningioma,201,251,JPEG
train/meningioma/0485.jpg,train,meningioma,512,512,JPEG
train/meningioma/1063.jpg,train,meningioma,512,512,JPEG
train/meningioma/aug_233_0250.jpg,train,meningioma,512,512,JPEG
train/meningioma/0722.jpg,train,meningioma,512,512,JPEG
train/meningioma/0381.jpg,train,meningioma,512,512,JPEG
train/meningioma/0680.jpg,train,meningioma,512,512,JPEG
train/meningioma/0708.jpg,train,meningioma,512,512,JPEG
train/meningioma/1568.jpg,train,meningioma,512,512,JPEG
train/meningioma/aug_41_0975.jpg,train,meningioma,512,512,JPEG
train/meningioma/0937.jpg,train,meningioma,512,512,JPEG
train/meningioma/1114.jpg,train,meningioma,512,512,JPEG
train/meningioma/0999.jpg,train,meningioma,512,512,JPEG
train/meningioma/0911.jpg,train,meningioma,512,512,JPEG
train/meningioma/0914.jpg,train,meningioma,512,512,JPEG
train/meningioma/0076.jpg,train,meningioma,512,512,JPEG
train/meningioma/0147.jpg,train,meningioma,512,512,JPEG
train/meningioma/0317.jpg,train,meningioma,512,512,JPEG
train/meningioma/1548.jpg,train,meningioma,512,512,JPEG
train/meningioma/1070.jpg,train,meningioma,512,512,JPEG
train/meningioma/0952.jpg,train,meningioma,512,512,JPEG
train/meningioma/0613.jpg,train,meningioma,512,512,JPEG
train/meningioma/1408.jpg,train,meningioma,289,354,JPEG
train/meningioma/0553.jpg,train,meningioma,512,512,JPEG
train/meningioma/0876.jpg,train,meningioma,315,341,JPEG
train/meningioma/0960.jpg,train,meningioma,512,512,JPEG
train/meningioma/0098.jpg,train,meningioma,512,512,JPEG
train/meningioma/0473.jpg,train,meningioma,512,512,JPEG
train/meningioma/0293.jpg,train,meningioma,512,512,JPEG
train/meningioma/0966.jpg,train,meningioma,512,512,JPEG
train/meningioma/0922.jpg,train,meningioma,512,512,JPEG
train/meningioma/1282.jpg,train,meningioma,512,512,JPEG
train/meningioma/0804.jpg,train,meningioma,512,512,JPEG
train/meningioma/aug_106_0683.jpg,train,meningioma,512,512,JPEG
train/meningioma/0781.jpg,train,meningioma,367,395,JPEG
train/meningioma/0909.jpg,train,meningioma,512,512,JPEG
train/meningioma/0611.jpg,train,meningioma,512,512,JPEG
train/meningioma/0677.jpg,train,meningioma,512,512,JPEG
train/meningioma/1165.jpg,train,meningioma,512,512,JPEG
train/meningioma/1118.jpg,train,meningioma,512,512,JPEG
train/meningioma/aug_178_0118.jpg,train,meningioma,512,512,JPEG
train/meningioma/0475.jpg,train,meningioma,512,512,JPEG
train/meningioma/0964.jpg,train,meningioma,209,225,JPEG
train/meningioma/aug_72_0494.jpg,train,meningioma,512,512,JPEG
train/meningioma/0763.jpg,train,meningioma,512,512,JPEG
train/meningioma/0457.jpg,train,meningioma,512,512,JPEG
train/meningioma/1453.jpg,train,meningioma,442,442,JPEG
train/meningioma/1104.jpg,train,meningioma,512,512,JPEG
train/meningioma/0712.jpg,train,meningioma,225,225,JPEG
train/meningioma/0536.jpg,train,meningioma,512,512,JPEG
train/meningioma/0638.jpg,train,meningioma,512,512,JPEG
train/meningioma/0441.jpg,train,meningioma,512,512,JPEG
train/meningioma/aug_240_0061.jpg,train,meningioma,512,512,JPEG
train/meningioma/0187.jpg,train,meningioma,512,512,JPEG
train/meningioma/1456.jpg,train,meningioma,512,512,JPEG
train/meningioma/0540.jpg,train,meningioma,512,512,JPEG
train/meningioma/1074.jpg,train,meningioma,512,512,JPEG
train/meningioma/1563.jpg,train,meningioma,512,512,JPEG
train/meningioma/0830.jpg,train,meningioma,273,326,JPEG
train/meningioma/1511.jpg,train,meningioma,212,237,JPEG
train/meningioma/aug_42_1421.jpg,train,meningioma,554,554,JPEG
train/meningioma/0384.jpg,train,meningioma,226,223,JPEG
train/meningioma/0369.jpg,train,meningioma,512,512,JPEG
train/meningioma/0193.jpg,train,meningioma,512,512,JPEG
train/meningioma/0806.jpg,train,meningioma,512,512,JPEG
train/meningioma/1198.jpg,train,meningioma,512,512,JPEG
train/meningioma/1641.jpg,train,meningioma,512,512,JPEG
train/meningioma/0092.jpg,train,meningioma,512,512,JPEG
train/meningioma/aug_118_0593.jpg,train,meningioma,512,512,JPEG
train/meningioma/1040.jpg,train,meningioma,512,512,JPEG
train/meningioma/0433.jpg,train,meningioma,200,236,JPEG
train/meningioma/1224.jpg,train,meningioma,512,512,JPEG
train/meningioma/0865.jpg,train,meningioma,512,512,JPEG
train/meningioma/1365.jpg,train,meningioma,224,219,JPEG
train/meningioma/1021.jpg,train,meningioma,512,512,JPEG
train/meningioma/1241.jpg,train,meningioma,512,512,JPEG
train/meningioma/1304.jpg,train,meningioma,512,512,JPEG
train/meningioma/0048.jpg,train,meningioma,512,512,JPEG
train/meningioma/0168.jpg,train,meningioma,512,512,JPEG
train/meningioma/0236.jpg,train,meningioma,215,220,JPEG
train/meningioma/0880.jpg,train,meningioma,512,512,JPEG
train/meningioma/0331.jpg,train,meningioma,512,512,JPEG
train/meningioma/0321.jpg,train,meningioma,512,512,JPEG
train/meningioma/0644.jpg,train,meningioma,341,395,JPEG
train/meningioma/1291.jpg,train,meningioma,512,512,JPEG
train/meningioma/aug_10_0310.jpg,train,meningioma,512,512,JPEG
train/meningioma/0741.jpg,train,meningioma,512,512,JPEG
train/meningioma/0395.jpg,train,meningioma,512,512,JPEG
train/meningioma/0796.jpg,train,meningioma,512,512,JPEG
train/meningioma/1395.jpg,train,meningioma,512,512,JPEG
train/meningioma/1630.jpg,train,meningioma,512,512,JPEG
train/meningioma/1605.jpg,train,meningioma,201,251,JPEG
train/meningioma/1003.jpg,train,meningioma,512,512,JPEG
train/meningioma/0447.jpg,train,meningioma,512,512,JPEG
train/meningioma/0636.jpg,train,meningioma,512,512,JPEG
train/meningioma/aug_45_0604.jpg,train,meningioma,512,512,JPEG
train/meningioma/aug_198_0019.jpg,train,meningioma,512,512,JPEG
train/meningioma/1434.jpg,train,meningioma,225,225,JPEG
train/meningioma/1528.jpg,train,meningioma,374,370,JPEG
train/meningioma/0158.jpg,train,meningioma,512,512,JPEG
train/meningioma/0000.jpg,train,meningioma,512,512,JPEG
train/meningioma/0905.jpg,train,meningioma,512,512,JPEG
train/meningioma/aug_32_0939.jpg,train,meningioma,512,512,JPEG
train/meningioma/0608.jpg,train,meningioma,442,442,JPEG
train/meningioma/0941.jpg,train,meningioma,512,512,JPEG
train/meningioma/0151.jpg,train,meningioma,512,512,JPEG
train/meningioma/0424.jpg,train,meningioma,512,512,JPEG
train/meningioma/0285.jpg,train,meningioma,512,512,JPEG
train/meningioma/0022.jpg,train,meningioma,512,512,JPEG
train/meningioma/1585.jpg,train,meningioma,512,512,JPEG
train/meningioma/0504.jpg,train,meningioma,512,512,JPEG
train/meningioma/0907.jpg,train,meningioma,512,512,JPEG
train/meningioma/0777.jpg,train,meningioma,512,512,JPEG
train/meningioma/1471.jpg,train,meningioma,512,512,JPEG
train/meningioma/0981.jpg,train,meningioma,512,512,JPEG
train/meningioma/1236.jpg,train,meningioma,512,512,JPEG
train/meningioma/0278.jpg,train,meningioma,455,500,JPEG
train/meningioma/1629.jpg,train,meningioma,232,261,JPEG
train/meningioma/1583.jpg,train,meningioma,512,512,JPEG
train/meningioma/1147.jpg,train,meningioma,552,527,JPEG
train/meningioma/0584.jpg,train,meningioma,512,512,JPEG
train/meningioma/0155.jpg,train,meningioma,512,512,JPEG
train/meningioma/1133.jpg,train,meningioma,512,512,JPEG
train/meningioma/aug_153_0103.jpg,train,meningioma,512,512,JPEG
train/meningioma/1409.jpg,train,meningioma,213,236,JPEG
train/meningioma/0976.jpg,train,meningioma,512,512,JPEG
train/meningioma/0588.jpg,train,meningioma,512,512,JPEG
train/meningioma/0929.jpg,train,meningioma,512,512,JPEG
train/meningioma/aug_155_0022.jpg,train,meningioma,512,512,JPEG
train/meningioma/0612.jpg,train,meningioma,512,512,JPEG
train/meningioma/1622.jpg,train,meningioma,512,512,JPEG
train/meningioma/aug_169_1351.jpg,train,meningioma,512,512,JPEG
train/meningioma/aug_194_1530.jpg,train,meningioma,512,512,JPEG
train/meningioma/0849.jpg,train,meningioma,512,512,JPEG
train/meningioma/aug_147_1593.jpg,train,meningioma,300,412,JPEG
train/meningioma/aug_95_0344.jpg,train,meningioma,512,512,JPEG
train/meningioma/aug_49_0091.jpg,train,meningioma,512,512,JPEG
train/meningioma/1272.jpg,train,meningioma,512,512,JPEG
train/meningioma/aug_40_0400.jpg,train,meningioma,512,512,JPEG
train/meningioma/aug_167_0607.jpg,train,meningioma,512,512,JPEG
train/meningioma/aug_171_0517.jpg,train,meningioma,512,512,JPEG
train/meningioma/0972.jpg,train,meningioma,512,512,JPEG
train/meningioma/0760.jpg,train,meningioma,512,512,JPEG
train/meningioma/0138.jpg,train,meningioma,216,216,JPEG
train/meningioma/0282.jpg,train,meningioma,512,512,JPEG
train/meningioma/aug_17_0699.jpg,train,meningioma,512,512,JPEG
train/meningioma/0822.jpg,train,meningioma,512,512,JPEG
train/meningioma/0296.jpg,train,meningioma,512,512,JPEG
train/meningioma/1358.jpg,train,meningioma,214,216,JPEG
train/meningioma/0407.jpg,train,meningioma,512,512,JPEG
train/meningioma/0248.jpg,train,meningioma,512,512,JPEG
train/meningioma/1002.jpg,train,meningioma,512,512,JPEG
train/meningioma/aug_80_1223.jpg,train,meningioma,512,512,JPEG
train/meningioma/0850.jpg,train,meningioma,512,512,JPEG
train/meningioma/0978.jpg,train,meningioma,512,512,JPEG
train/meningioma/1581.jpg,train,meningioma,208,243,JPEG
train/meningioma/1591.jpg,train,meningioma,314,358,JPEG
train/meningioma/aug_130_1404.jpg,train,meningioma,512,512,JPEG
train/meningioma/0177.jpg,train,meningioma,512,512,JPEG
train/meningioma/1050.jpg,train,meningioma,512,512,JPEG
train/meningioma/aug_59_0500.jpg,train,meningioma,512,512,JPEG
train/meningioma/0524.jpg,train,meningioma,512,512,JPEG
train/meningioma/0787.jpg,train,meningioma,512,512,JPEG
train/meningioma/0688.jpg,train,meningioma,512,512,JPEG
train/meningioma/aug_156_0189.jpg,train,meningioma,512,512,JPEG
train/meningioma/1558.jpg,train,meningioma,512,512,JPEG
train/meningioma/aug_157_1604.jpg,train,meningioma,200,235,JPEG
train/meningioma/0438.jpg,train,meningioma,512,512,JPEG
train/meningioma/aug_176_0806.jpg,train,meningioma,512,512,JPEG
train/meningioma/0854.jpg,train,meningioma,512,512,JPEG
train/meningioma/0586.jpg,train,meningioma,512,512,JPEG
train/meningioma/0827.jpg,train,meningioma,512,512,JPEG
train/meningioma/aug_46_1529.jpg,train,meningioma,278,306,JPEG
train/meningioma/1131.jpg,train,meningioma,512,512,JPEG
train/meningioma/0086.jpg,train,meningioma,225,225,JPEG
train/meningioma/0550.jpg,train,meningioma,512,512,JPEG
train/meningioma/aug_208_0018.jpg,train,meningioma,512,512,JPEG
train/meningioma/0603.jpg,train,meningioma,512,512,JPEG
train/meningioma/0106.jpg,train,meningioma,512,512,JPEG
train/meningioma/0008.jpg,train,meningioma,512,512,JPEG
train/meningioma/aug_120_0250.jpg,train,meningioma,512,512,JPEG
train/meningioma/aug_101_0790.jpg,train,meningioma,512,512,JPEG
train/meningioma/0170.jpg,train,meningioma,512,512,JPEG
train/meningioma/0481.jpg,train,meningioma,512,512,JPEG
train/meningioma/0543.jpg,train,meningioma,512,512,JPEG
train/meningioma/0228.jpg,train,meningioma,512,512,JPEG
train/meningioma/aug_0_1291.jpg,train,meningioma,512,512,JPEG
train/meningioma/aug_69_0622.jpg,train,meningioma,512,512,JPEG
train/meningioma/0825.jpg,train,meningioma,512,512,JPEG
train/meningioma/0653.jpg,train,meningioma,512,512,JPEG
train/meningioma/0219.jpg,train,meningioma,512,512,JPEG
train/meningioma/0888.jpg,train,meningioma,512,512,JPEG
train/meningioma/1411.jpg,train,meningioma,512,512,JPEG
train/meningioma/aug_127_1063.jpg,train,meningioma,512,512,JPEG
train/meningioma/0904.jpg,train,meningioma,512,512,JPEG
train/meningioma/0182.jpg,train,meningioma,512,512,JPEG
train/meningioma/1068.jpg,train,meningioma,512,512,JPEG
train/meningioma/0349.jpg,train,meningioma,512,512,JPEG
train/meningioma/0102.jpg,train,meningioma,315,315,JPEG
train/meningioma/0873.jpg,train,meningioma,512,512,JPEG
train/meningioma/0405.jpg,train,meningioma,512,512,JPEG
train/meningioma/0508.jpg,train,meningioma,512,512,JPEG
train/meningioma/aug_34_1292.jpg,train,meningioma,512,512,JPEG
train/meningioma/aug_3_1432.jpg,train,meningioma,512,512,JPEG
train/meningioma/1386.jpg,train,meningioma,512,512,JPEG
train/meningioma/1533.jpg,train,meningioma,512,512,JPEG
train/meningioma/aug_144_1397.jpg,train,meningioma,512,512,JPEG
train/meningioma/aug_11_0937.jpg,train,meningioma,512,512,JPEG
train/meningioma/1201.jpg,train,meningioma,224,216,JPEG
train/meningioma/1515.jpg,train,meningioma,286,356,JPEG
train/meningioma/1457.jpg,train,meningioma,512,512,JPEG
train/meningioma/aug_100_1343.jpg,train,meningioma,201,251,JPEG
train/meningioma/aug_210_0536.jpg,train,meningioma,512,512,JPEG
train/meningioma/aug_192_0151.jpg,train,meningioma,512,512,JPEG
train/meningioma/0402.jpg,train,meningioma,512,512,JPEG
train/meningioma/1257.jpg,train,meningioma,512,512,JPEG
train/meningioma/1604.jpg,train,meningioma,200,235,JPEG
train/meningioma/aug_87_0380.jpg,train,meningioma,512,512,JPEG
train/meningioma/0537.jpg,train,meningioma,512,512,JPEG
train/meningioma/0071.jpg,train,meningioma,512,512,JPEG
train/meningioma/0026.jpg,train,meningioma,512,512,JPEG
train/meningioma/0935.jpg,train,meningioma,512,512,JPEG
train/meningioma/1507.jpg,train,meningioma,225,225,JPEG
train/meningioma/0958.jpg,train,meningioma,512,512,JPEG
train/meningioma/0097.jpg,train,meningioma,512,512,JPEG
train/meningioma/0390.jpg,train,meningioma,512,512,JPEG
train/meningioma/1412.jpg,train,meningioma,441,427,JPEG
train/meningioma/0793.jpg,train,meningioma,512,512,JPEG
train/meningioma/1513.jpg,train,meningioma,512,512,JPEG
train/meningioma/0396.jpg,train,meningioma,512,512,JPEG
train/meningioma/1308.jpg,train,meningioma,512,512,JPEG
train/meningioma/aug_96_0048.jpg,train,meningioma,512,512,JPEG
train/meningioma/aug_148_0957.jpg,train,meningioma,226,214,JPEG
train/meningioma/0790.jpg,train,meningioma,512,512,JPEG
train/meningioma/aug_128_0610.jpg,train,meningioma,512,512,JPEG
train/meningioma/0327.jpg,train,meningioma,512,512,JPEG
train/meningioma/aug_67_1430.jpg,train,meningioma,512,512,JPEG
train/meningioma/0977.jpg,train,meningioma,512,512,JPEG
train/meningioma/0087.jpg,train,meningioma,512,512,JPEG
train/meningioma/0953.jpg,train,meningioma,512,512,JPEG
train/meningioma/1294.jpg,train,meningioma,512,512,JPEG
train/meningioma/1041.jpg,train,meningioma,591,650,JPEG
train/meningioma/0643.jpg,train,meningioma,512,512,JPEG
train/meningioma/1012.jpg,train,meningioma,512,512,JPEG
train/meningioma/0175.jpg,train,meningioma,512,512,JPEG
train/meningioma/1183.jpg,train,meningioma,441,427,JPEG
train/meningioma/0081.jpg,train,meningioma,512,512,JPEG
train/meningioma/aug_227_1059.jpg,train,meningioma,512,512,JPEG
train/meningioma/0582.jpg,train,meningioma,512,512,JPEG
train/meningioma/aug_137_0575.jpg,train,meningioma,512,512,JPEG
train/meningioma/0053.jpg,train,meningioma,512,512,JPEG
train/meningioma/0244.jpg,train,meningioma,512,512,JPEG
train/meningioma/0872.jpg,train,meningioma,216,234,JPEG
train/meningioma/0896.jpg,train,meningioma,262,308,JPEG
train/meningioma/1107.jpg,train,meningioma,512,512,JPEG
train/meningioma/aug_159_1493.jpg,train,meningioma,512,512,JPEG
train/meningioma/1642.jpg,train,meningioma,512,512,JPEG
train/meningioma/1134.jpg,train,meningioma,512,512,JPEG
train/meningioma/0011.jpg,train,meningioma,512,512,JPEG
train/meningioma/1429.jpg,train,meningioma,225,225,JPEG
train/meningioma/aug_78_1238.jpg,train,meningioma,512,512,JPEG
train/meningioma/0298.jpg,train,meningioma,512,512,JPEG
train/meningioma/1247.jpg,train,meningioma,225,225,JPEG
train/meningioma/0744.jpg,train,meningioma,512,512,JPEG
train/meningioma/0030.jpg,train,meningioma,512,512,JPEG
train/meningioma/0897.jpg,train,meningioma,213,237,JPEG
train/meningioma/1433.jpg,train,meningioma,512,512,JPEG
train/meningioma/1442.jpg,train,meningioma,210,240,JPEG
train/meningioma/1262.jpg,train,meningioma,512,512,JPEG
train/meningioma/0619.jpg,train,meningioma,512,512,JPEG
train/meningioma/aug_97_1356.jpg,train,meningioma,512,512,JPEG
train/meningioma/0031.jpg,train,meningioma,554,554,JPEG
train/meningioma/0500.jpg,train,meningioma,512,512,JPEG
train/meningioma/0884.jpg,train,meningioma,512,512,JPEG
train/meningioma/1552.jpg,train,meningioma,512,512,JPEG
train/meningioma/0794.jpg,train,meningioma,512,512,JPEG
train/meningioma/0792.jpg,train,meningioma,213,237,JPEG
train/meningioma/0505.jpg,train,meningioma,512,512,JPEG
train/meningioma/0683.jpg,train,meningioma,512,512,JPEG
train/meningioma/0049.jpg,train,meningioma,512,512,JPEG
train/meningioma/0153.jpg,train,meningioma,512,512,JPEG
train/meningioma/1268.jpg,train,meningioma,512,512,JPEG
train/meningioma/1503.jpg,train,meningioma,201,251,JPEG
train/meningioma/0678.jpg,train,meningioma,512,512,JPEG
train/meningioma/aug_212_0131.jpg,train,meningioma,512,512,JPEG
train/meningioma/0414.jpg,train,meningioma,512,512,JPEG
train/meningioma/aug_94_1247.jpg,train,meningioma,225,225,JPEG
train/meningioma/0062.jpg,train,meningioma,374,456,JPEG
train/meningioma/aug_86_1160.jpg,train,meningioma,512,512,JPEG
train/meningioma/0720.jpg,train,meningioma,512,512,JPEG
train/meningioma/1162.jpg,train,meningioma,512,512,JPEG
train/meningioma/1644.jpg,train,meningioma,512,512,JPEG
train/meningioma/0109.jpg,train,meningioma,512,512,JPEG
train/meningioma/1261.jpg,train,meningioma,512,512,JPEG
train/meningioma/1256.jpg,train,meningioma,512,512,JPEG
train/meningioma/aug_149_0530.jpg,train,meningioma,512,512,JPEG
train/meningioma/0371.jpg,train,meningioma,512,512,JPEG
train/meningioma/aug_145_0109.jpg,train,meningioma,512,512,JPEG
train/meningioma/1149.jpg,train,meningioma,512,512,JPEG
train/meningioma/0616.jpg,train,meningioma,512,512,JPEG
train/meningioma/1185.jpg,train,meningioma,512,512,JPEG
train/meningioma/1508.jpg,train,meningioma,512,512,JPEG
train/meningioma/0273.jpg,train,meningioma,330,355,JPEG
train/meningioma/0816.jpg,train,meningioma,512,512,JPEG
train/meningioma/0133.jpg,train,meningioma,512,512,JPEG
train/meningioma/aug_36_0024.jpg,train,meningioma,512,512,JPEG
train/meningioma/1391.jpg,train,meningioma,416,395,JPEG
train/meningioma/aug_218_0495.jpg,train,meningioma,512,512,JPEG
train/meningioma/1037.jpg,train,meningioma,512,512,JPEG
train/meningioma/0711.jpg,train,meningioma,512,512,JPEG
train/meningioma/1634.jpg,train,meningioma,512,512,JPEG
train/meningioma/aug_201_1457.jpg,train,meningioma,512,512,JPEG
train/meningioma/0230.jpg,train,meningioma,512,512,JPEG
train/meningioma/1334.jpg,train,meningioma,512,512,JPEG
train/meningioma/aug_166_0676.jpg,train,meningioma,512,512,JPEG
train/meningioma/0944.jpg,train,meningioma,530,526,JPEG
train/meningioma/1494.jpg,train,meningioma,215,234,JPEG
train/meningioma/aug_152_1454.jpg,train,meningioma,512,512,JPEG
train/meningioma/aug_76_1184.jpg,train,meningioma,512,512,JPEG
train/meningioma/0752.jpg,train,meningioma,512,512,JPEG
train/meningioma/1387.jpg,train,meningioma,200,236,JPEG
train/meningioma/1287.jpg,train,meningioma,512,512,JPEG
train/meningioma/1620.jpg,train,meningioma,512,512,JPEG
train/meningioma/1333.jpg,train,meningioma,455,500,JPEG
train/meningioma/1233.jpg,train,meningioma,512,512,JPEG
train/meningioma/0698.jpg,train,meningioma,512,512,JPEG
train/meningioma/1555.jpg,train,meningioma,512,512,JPEG
train/meningioma/0311.jpg,train,meningioma,512,512,JPEG
train/meningioma/1403.jpg,train,meningioma,512,512,JPEG
train/meningioma/1357.jpg,train,meningioma,512,512,JPEG
train/meningioma/0838.jpg,train,meningioma,512,512,JPEG
train/meningioma/0037.jpg,train,meningioma,512,512,JPEG
train/meningioma/1324.jpg,train,meningioma,512,512,JPEG
train/meningioma/1057.jpg,train,meningioma,512,512,JPEG
train/meningioma/aug_23_0025.jpg,train,meningioma,512,512,JPEG
train/meningioma/1370.jpg,train,meningioma,512,512,JPEG
train/meningioma/0107.jpg,train,meningioma,512,512,JPEG
train/meningioma/0137.jpg,train,meningioma,512,512,JPEG
train/meningioma/1230.jpg,train,meningioma,512,512,JPEG
train/meningioma/aug_6_0524.jpg,train,meningioma,512,512,JPEG
train/meningioma/1267.jpg,train,meningioma,512,512,JPEG
train/meningioma/0442.jpg,train,meningioma,512,512,JPEG
train/meningioma/1164.jpg,train,meningioma,512,512,JPEG
train/meningioma/1616.jpg,train,meningioma,512,512,JPEG
train/meningioma/0982.jpg,train,meningioma,512,512,JPEG
train/meningioma/0903.jpg,train,meningioma,512,512,JPEG
train/meningioma/aug_125_1395.jpg,train,meningioma,512,512,JPEG
train/meningioma/0507.jpg,train,meningioma,512,512,JPEG
train/meningioma/1288.jpg,train,meningioma,512,512,JPEG
train/meningioma/aug_237_0553.jpg,train,meningioma,512,512,JPEG
train/meningioma/aug_223_1021.jpg,train,meningioma,512,512,JPEG
train/meningioma/0773.jpg,train,meningioma,512,512,JPEG
train/meningioma/aug_116_0237.jpg,train,meningioma,442,442,JPEG
train/meningioma/1500.jpg,train,meningioma,512,512,JPEG
train/meningioma/0826.jpg,train,meningioma,512,512,JPEG
train/meningioma/0345.jpg,train,meningioma,512,512,JPEG
train/meningioma/0898.jpg,train,meningioma,512,512,JPEG
train/meningioma/0104.jpg,train,meningioma,512,512,JPEG
train/meningioma/1421.jpg,train,meningioma,554,554,JPEG
train/meningioma/0696.jpg,train,meningioma,351,398,JPEG
train/meningioma/0984.jpg,train,meningioma,512,512,JPEG
train/meningioma/0667.jpg,train,meningioma,512,512,JPEG
train/meningioma/0690.jpg,train,meningioma,512,512,JPEG
train/meningioma/0010.jpg,train,meningioma,286,356,JPEG
train/meningioma/aug_129_1621.jpg,train,meningioma,507,605,JPEG
train/meningioma/1544.jpg,train,meningioma,512,512,JPEG
train/meningioma/0549.jpg,train,meningioma,512,512,JPEG
train/meningioma/1371.jpg,train,meningioma,512,512,JPEG
train/meningioma/0448.jpg,train,meningioma,512,512,JPEG
train/meningioma/1614.jpg,train,meningioma,512,512,JPEG
train/meningioma/0374.jpg,train,meningioma,512,512,JPEG
train/meningioma/1504.jpg,train,meningioma,512,512,JPEG
train/meningioma/1240.jpg,train,meningioma,512,512,JPEG
train/meningioma/aug_13_1304.jpg,train,meningioma,512,512,JPEG
train/meningioma/0732.jpg,train,meningioma,512,512,JPEG
train/meningioma/1140.jpg,train,meningioma,512,512,JPEG
train/meningioma/0194.jpg,train,meningioma,512,512,JPEG
train/meningioma/0439.jpg,train,meningioma,512,512,JPEG
train/meningioma/1551.jpg,train,meningioma,315,341,JPEG
train/meningioma/aug_196_0727.jpg,train,meningioma,512,512,JPEG
train/meningioma/1557.jpg,train,meningioma,512,512,JPEG
train/meningioma/aug_16_0981.jpg,train,meningioma,512,512,JPEG
train/meningioma/0687.jpg,train,meningioma,512,512,JPEG
train/meningioma/0618.jpg,train,meningioma,512,512,JPEG
train/meningioma/0125.jpg,train,meningioma,512,512,JPEG
train/meningioma/0217.jpg,train,meningioma,512,512,JPEG
train/meningioma/1280.jpg,train,meningioma,512,512,JPEG
train/meningioma/1067.jpg,train,meningioma,512,512,JPEG
train/meningioma/1397.jpg,train,meningioma,512,512,JPEG
train/meningioma/1009.jpg,train,meningioma,507,362,JPEG
train/meningioma/1297.jpg,train,meningioma,512,512,JPEG
train/meningioma/0261.jpg,train,meningioma,512,512,JPEG
train/meningioma/0309.jpg,train,meningioma,512,512,JPEG
train/meningioma/0436.jpg,train,meningioma,512,512,JPEG
train/meningioma/0583.jpg,train,meningioma,512,512,JPEG
train/meningioma/0998.jpg,train,meningioma,512,512,JPEG
train/meningioma/0477.jpg,train,meningioma,825,993,JPEG
train/meningioma/aug_209_0409.jpg,train,meningioma,512,512,JPEG
train/meningioma/0096.jpg,train,meningioma,512,512,JPEG
train/meningioma/1172.jpg,train,meningioma,512,512,JPEG
train/meningioma/1369.jpg,train,meningioma,512,512,JPEG
train/meningioma/1350.jpg,train,meningioma,262,308,JPEG
train/meningioma/1293.jpg,train,meningioma,512,512,JPEG
train/meningioma/0365.jpg,train,meningioma,512,512,JPEG
train/meningioma/0860.jpg,train,meningioma,512,512,JPEG
train/meningioma/0246.jpg,train,meningioma,290,339,JPEG
train/meningioma/0480.jpg,train,meningioma,512,512,JPEG
train/meningioma/0024.jpg,train,meningioma,512,512,JPEG
train/meningioma/0516.jpg,train,meningioma,512,512,JPEG
train/meningioma/0316.jpg,train,meningioma,512,512,JPEG
train/meningioma/0479.jpg,train,meningioma,512,512,JPEG
train/meningioma/1176.jpg,train,meningioma,512,512,JPEG
train/meningioma/0218.jpg,train,meningioma,512,512,JPEG
train/meningioma/1096.jpg,train,meningioma,512,512,JPEG
train/meningioma/0482.jpg,train,meningioma,512,512,JPEG
train/meningioma/0199.jpg,train,meningioma,512,512,JPEG
train/meningioma/0340.jpg,train,meningioma,298,354,JPEG
train/meningioma/aug_82_1133.jpg,train,meningioma,512,512,JPEG
train/meningioma/0665.jpg,train,meningioma,512,512,JPEG
train/meningioma/0378.jpg,train,meningioma,512,512,JPEG
train/meningioma/0421.jpg,train,meningioma,200,223,JPEG
train/meningioma/aug_230_0136.jpg,train,meningioma,201,207,JPEG
train/meningioma/1339.jpg,train,meningioma,512,512,JPEG
train/meningioma/1475.jpg,train,meningioma,338,345,JPEG
train/meningioma/0666.jpg,train,meningioma,512,512,JPEG
train/meningioma/0517.jpg,train,meningioma,512,512,JPEG
train/meningioma/0474.jpg,train,meningioma,512,512,JPEG
train/meningioma/1454.jpg,train,meningioma,512,512,JPEG
train/meningioma/0493.jpg,train,meningioma,512,512,JPEG
train/meningioma/0149.jpg,train,meningioma,512,512,JPEG
train/meningioma/0597.jpg,train,meningioma,512,512,JPEG
train/meningioma/0495.jpg,train,meningioma,512,512,JPEG
train/meningioma/0758.jpg,train,meningioma,512,512,JPEG
train/meningioma/0883.jpg,train,meningioma,512,512,JPEG
train/meningioma/0238.jpg,train,meningioma,512,512,JPEG
train/meningioma/0131.jpg,train,meningioma,512,512,JPEG
train/meningioma/1015.jpg,train,meningioma,512,512,JPEG
train/meningioma/aug_224_0609.jpg,train,meningioma,512,512,JPEG
train/meningioma/0622.jpg,train,meningioma,512,512,JPEG
train/meningioma/0912.jpg,train,meningioma,252,303,JPEG
train/meningioma/0918.jpg,train,meningioma,512,512,JPEG
train/meningioma/0356.jpg,train,meningioma,512,512,JPEG
train/meningioma/1135.jpg,train,meningioma,512,512,JPEG
train/meningioma/aug_215_0568.jpg,train,meningioma,512,512,JPEG
train/meningioma/aug_195_0617.jpg,train,meningioma,512,512,JPEG
train/meningioma/0831.jpg,train,meningioma,512,512,JPEG
train/meningioma/1470.jpg,train,meningioma,343,367,JPEG
train/meningioma/1337.jpg,train,meningioma,512,512,JPEG
train/meningioma/0572.jpg,train,meningioma,512,512,JPEG
train/meningioma/1065.jpg,train,meningioma,411,396,JPEG
train/meningioma/0991.jpg,train,meningioma,512,512,JPEG
train/meningioma/0398.jpg,train,meningioma,512,512,JPEG
train/meningioma/1492.jpg,train,meningioma,512,512,JPEG
train/meningioma/0746.jpg,train,meningioma,512,512,JPEG
train/meningioma/0533.jpg,train,meningioma,512,512,JPEG
train/meningioma/aug_66_0982.jpg,train,meningioma,512,512,JPEG
train/meningioma/1366.jpg,train,meningioma,472,546,JPEG
train/meningioma/aug_99_1165.jpg,train,meningioma,512,512,JPEG
train/meningioma/0312.jpg,train,meningioma,512,512,JPEG
train/meningioma/0323.jpg,train,meningioma,512,512,JPEG
train/meningioma/aug_187_0247.jpg,train,meningioma,512,512,JPEG
train/meningioma/0845.jpg,train,meningioma,512,512,JPEG
train/meningioma/aug_24_0921.jpg,train,meningioma,289,354,JPEG
train/meningioma/1111.jpg,train,meningioma,512,512,JPEG
train/meningioma/0039.jpg,train,meningioma,512,512,JPEG
train/meningioma/1082.jpg,train,meningioma,512,512,JPEG
train/meningioma/aug_83_1030.jpg,train,meningioma,512,512,JPEG
train/meningioma/0478.jpg,train,meningioma,512,512,JPEG
train/meningioma/0013.jpg,train,meningioma,512,512,JPEG
train/meningioma/1266.jpg,train,meningioma,512,512,JPEG
train/meningioma/0497.jpg,train,meningioma,512,512,JPEG
train/meningioma/0629.jpg,train,meningioma,217,232,JPEG
train/meningioma/aug_98_1473.jpg,train,meningioma,512,512,JPEG
train/meningioma/1466.jpg,train,meningioma,512,512,JPEG
train/meningioma/0559.jpg,train,meningioma,512,512,JPEG
train/meningioma/0091.jpg,train,meningioma,512,512,JPEG
train/meningioma/0705.jpg,train,meningioma,512,512,JPEG
train/meningioma/0307.jpg,train,meningioma,512,512,JPEG
train/meningioma/1481.jpg,train,meningioma,512,512,JPEG
train/meningioma/0910.jpg,train,meningioma,512,512,JPEG
train/meningioma/1410.jpg,train,meningioma,512,512,JPEG
train/meningioma/0299.jpg,train,meningioma,512,512,JPEG
train/meningioma/1048.jpg,train,meningioma,512,512,JPEG
train/meningioma/0889.jpg,train,meningioma,512,512,JPEG
train/meningioma/0118.jpg,train,meningioma,512,512,JPEG
train/meningioma/1325.jpg,train,meningioma,512,512,JPEG
train/meningioma/1538.jpg,train,meningioma,228,221,JPEG
train/meningioma/0522.jpg,train,meningioma,512,512,JPEG
train/meningioma/aug_226_0788.jpg,train,meningioma,512,512,JPEG
train/meningioma/0171.jpg,train,meningioma,512,512,JPEG
train/meningioma/aug_124_0967.jpg,train,meningioma,512,512,JPEG
train/meningioma/0840.jpg,train,meningioma,512,512,JPEG
train/meningioma/0842.jpg,train,meningioma,512,512,JPEG
train/meningioma/0703.jpg,train,meningioma,512,512,JPEG
train/meningioma/0975.jpg,train,meningioma,512,512,JPEG
train/meningioma/aug_47_0060.jpg,train,meningioma,491,624,JPEG
train/meningioma/aug_31_1542.jpg,train,meningioma,512,512,JPEG
train/meningioma/aug_225_0928.jpg,train,meningioma,204,249,JPEG
train/meningioma/0150.jpg,train,meningioma,512,512,JPEG
train/meningioma/0675.jpg,train,meningioma,512,512,JPEG
train/meningioma/0575.jpg,train,meningioma,512,512,JPEG
train/meningioma/0029.jpg,train,meningioma,512,512,JPEG
train/meningioma/0967.jpg,train,meningioma,512,512,JPEG
train/meningioma/aug_139_1510.jpg,train,meningioma,512,512,JPEG
train/meningioma/1292.jpg,train,meningioma,512,512,JPEG
train/meningioma/aug_236_0807.jpg,train,meningioma,512,512,JPEG
train/meningioma/0409.jpg,train,meningioma,512,512,JPEG
train/meningioma/1243.jpg,train,meningioma,512,512,JPEG
train/meningioma/aug_131_0763.jpg,train,meningioma,512,512,JPEG
train/meningioma/1589.jpg,train,meningioma,512,512,JPEG
train/meningioma/1056.jpg,train,meningioma,512,512,JPEG
train/meningioma/1480.jpg,train,meningioma,512,512,JPEG
train/meningioma/aug_174_0854.jpg,train,meningioma,512,512,JPEG
train/meningioma/1054.jpg,train,meningioma,512,512,JPEG
train/meningioma/1157.jpg,train,meningioma,512,512,JPEG
train/meningioma/0058.jpg,train,meningioma,512,512,JPEG
train/meningioma/0814.jpg,train,meningioma,512,512,JPEG
train/meningioma/0454.jpg,train,meningioma,512,512,JPEG
train/meningioma/0768.jpg,train,meningioma,534,674,JPEG
train/meningioma/0015.jpg,train,meningioma,512,512,JPEG
train/meningioma/aug_170_0463.jpg,train,meningioma,512,512,JPEG
train/meningioma/0654.jpg,train,meningioma,512,512,JPEG
train/meningioma/1566.jpg,train,meningioma,257,248,JPEG
train/meningioma/1435.jpg,train,meningioma,512,512,JPEG
train/meningioma/0214.jpg,train,meningioma,512,512,JPEG
train/meningioma/1546.jpg,train,meningioma,512,512,JPEG
train/meningioma/1467.jpg,train,meningioma,512,512,JPEG
train/meningioma/0861.jpg,train,meningioma,512,512,JPEG
train/meningioma/0336.jpg,train,meningioma,512,512,JPEG
train/meningioma/0068.jpg,train,meningioma,512,512,JPEG
train/meningioma/0127.jpg,train,meningioma,512,512,JPEG
train/meningioma/1382.jpg,train,meningioma,214,235,JPEG
train/meningioma/0652.jpg,train,meningioma,512,512,JPEG
train/meningioma/1244.jpg,train,meningioma,512,512,JPEG
train/meningioma/1163.jpg,train,meningioma,512,512,JPEG
train/meningioma/1084.jpg,train,meningioma,512,512,JPEG
train/meningioma/0156.jpg,train,meningioma,512,512,JPEG
train/meningioma/aug_5_0132.jpg,train,meningioma,512,512,JPEG
train/meningioma/1130.jpg,train,meningioma,512,512,JPEG
train/meningioma/1151.jpg,train,meningioma,512,512,JPEG
train/meningioma/1215.jpg,train,meningioma,512,512,JPEG
train/meningioma/0134.jpg,train,meningioma,512,512,JPEG
train/meningioma/1396.jpg,train,meningioma,369,395,JPEG
train/meningioma/1060.jpg,train,meningioma,239,224,JPEG
train/meningioma/1212.jpg,train,meningioma,512,512,JPEG
train/meningioma/0300.jpg,train,meningioma,341,372,JPEG
train/meningioma/1142.jpg,train,meningioma,512,512,JPEG
train/meningioma/1004.jpg,train,meningioma,512,512,JPEG
train/meningioma/0289.jpg,train,meningioma,512,512,JPEG
train/meningioma/1026.jpg,train,meningioma,300,345,JPEG
train/meningioma/1160.jpg,train,meningioma,512,512,JPEG
train/meningioma/0253.jpg,train,meningioma,329,314,JPEG
train/meningioma/0669.jpg,train,meningioma,512,512,JPEG
train/meningioma/0052.jpg,train,meningioma,512,512,JPEG
train/meningioma/0887.jpg,train,meningioma,512,512,JPEG
train/meningioma/0940.jpg,train,meningioma,512,512,JPEG
train/meningioma/1274.jpg,train,meningioma,512,512,JPEG
train/meningioma/0100.jpg,train,meningioma,512,512,JPEG
train/meningioma/0649.jpg,train,meningioma,512,512,JPEG
train/meningioma/0003.jpg,train,meningioma,512,512,JPEG
train/meningioma/0633.jpg,train,meningioma,512,512,JPEG
train/meningioma/1469.jpg,train,meningioma,512,512,JPEG
train/meningioma/0141.jpg,train,meningioma,512,512,JPEG
train/meningioma/1464.jpg,train,meningioma,512,512,JPEG
train/meningioma/0812.jpg,train,meningioma,512,512,JPEG
train/meningioma/1001.jpg,train,meningioma,257,248,JPEG
train/meningioma/0231.jpg,train,meningioma,512,512,JPEG
train/meningioma/0233.jpg,train,meningioma,512,512,JPEG
train/meningioma/1594.jpg,train,meningioma,512,512,JPEG
train/meningioma/0631.jpg,train,meningioma,512,512,JPEG
train/meningioma/0204.jpg,train,meningioma,512,512,JPEG
train/meningioma/0607.jpg,train,meningioma,512,512,JPEG
train/meningioma/1141.jpg,train,meningioma,512,512,JPEG
train/meningioma/1520.jpg,train,meningioma,722,690,JPEG
train/meningioma/0392.jpg,train,meningioma,512,512,JPEG
train/meningioma/0946.jpg,train,meningioma,512,512,JPEG
train/meningioma/1270.jpg,train,meningioma,512,512,JPEG
train/meningioma/0332.jpg,train,meningioma,512,512,JPEG
train/meningioma/1353.jpg,train,meningioma,512,512,JPEG
train/meningioma/1524.jpg,train,meningioma,341,395,JPEG
train/meningioma/0070.jpg,train,meningioma,512,512,JPEG
train/meningioma/1223.jpg,train,meningioma,512,512,JPEG
train/meningioma/0379.jpg,train,meningioma,338,345,JPEG
train/meningioma/1554.jpg,train,meningioma,512,512,JPEG
train/meningioma/0735.jpg,train,meningioma,512,512,JPEG
train/meningioma/aug_55_0987.jpg,train,meningioma,291,340,JPEG
train/meningioma/0121.jpg,train,meningioma,512,512,JPEG
train/meningioma/1025.jpg,train,meningioma,512,512,JPEG
train/meningioma/0913.jpg,train,meningioma,512,512,JPEG
train/meningioma/0942.jpg,train,meningioma,512,512,JPEG
train/meningioma/1250.jpg,train,meningioma,512,512,JPEG
train/meningioma/0055.jpg,train,meningioma,512,512,JPEG
train/meningioma/1578.jpg,train,meningioma,512,512,JPEG
train/meningioma/0987.jpg,train,meningioma,291,340,JPEG
train/meningioma/1377.jpg,train,meningioma,215,220,JPEG
train/meningioma/1553.jpg,train,meningioma,512,512,JPEG
train/meningioma/aug_142_0777.jpg,train,meningioma,512,512,JPEG
train/meningioma/0774.jpg,train,meningioma,512,512,JPEG
train/meningioma/0466.jpg,train,meningioma,512,512,JPEG
train/meningioma/1474.jpg,train,meningioma,512,512,JPEG
train/meningioma/1381.jpg,train,meningioma,201,207,JPEG
train/meningioma/aug_22_1039.jpg,train,meningioma,512,512,JPEG
train/meningioma/1379.jpg,train,meningioma,352,322,JPEG
train/meningioma/1393.jpg,train,meningioma,402,396,JPEG
train/meningioma/1046.jpg,train,meningioma,512,512,JPEG
train/meningioma/1075.jpg,train,meningioma,512,512,JPEG
train/meningioma/1222.jpg,train,meningioma,512,512,JPEG
train/meningioma/1468.jpg,train,meningioma,512,512,JPEG
train/meningioma/aug_122_0253.jpg,train,meningioma,329,314,JPEG
train/meningioma/1119.jpg,train,meningioma,512,512,JPEG
train/meningioma/1197.jpg,train,meningioma,512,512,JPEG
train/meningioma/0063.jpg,train,meningioma,512,512,JPEG
train/meningioma/1628.jpg,train,meningioma,512,512,JPEG
train/meningioma/0843.jpg,train,meningioma,512,512,JPEG
train/meningioma/0322.jpg,train,meningioma,512,512,JPEG
train/meningioma/1166.jpg,train,meningioma,313,393,JPEG
train/meningioma/1598.jpg,train,meningioma,213,237,JPEG
train/meningioma/1618.jpg,train,meningioma,591,650,JPEG
train/meningioma/1052.jpg,train,meningioma,512,512,JPEG
train/meningioma/1625.jpg,train,meningioma,234,216,JPEG
train/meningioma/aug_123_0543.jpg,train,meningioma,512,512,JPEG
train/meningioma/1139.jpg,train,meningioma,512,512,JPEG
train/meningioma/1559.jpg,train,meningioma,512,512,JPEG
train/meningioma/aug_235_0351.jpg,train,meningioma,314,358,JPEG
train/meningioma/1586.jpg,train,meningioma,512,512,JPEG
train/meningioma/0733.jpg,train,meningioma,512,512,JPEG
train/pituitary/0783.jpg,train,pituitary,512,512,JPEG
train/pituitary/0234.jpg,train,pituitary,512,512,JPEG
train/pituitary/1607.jpg,train,pituitary,512,512,JPEG
train/pituitary/1438.jpg,train,pituitary,512,512,JPEG
train/pituitary/0227.jpg,train,pituitary,512,512,JPEG
train/pituitary/0921.jpg,train,pituitary,512,512,JPEG
train/pituitary/0486.jpg,train,pituitary,512,512,JPEG
train/pituitary/1739.jpg,train,pituitary,512,512,JPEG
train/pituitary/0578.jpg,train,pituitary,512,512,JPEG
train/pituitary/1542.jpg,train,pituitary,512,512,JPEG
train/pituitary/0078.jpg,train,pituitary,512,512,JPEG
train/pituitary/aug_95_0106.jpg,train,pituitary,256,256,JPEG
train/pituitary/0165.jpg,train,pituitary,512,512,JPEG
train/pituitary/0615.jpg,train,pituitary,512,512,JPEG
train/pituitary/0012.jpg,train,pituitary,512,512,JPEG
train/pituitary/0386.jpg,train,pituitary,512,512,JPEG
train/pituitary/0245.jpg,train,pituitary,512,512,JPEG
train/pituitary/aug_7_0662.jpg,train,pituitary,512,512,JPEG
train/pituitary/0589.jpg,train,pituitary,512,512,JPEG
train/pituitary/1561.jpg,train,pituitary,512,512,JPEG
train/pituitary/0190.jpg,train,pituitary,512,512,JPEG
train/pituitary/0406.jpg,train,pituitary,512,512,JPEG
train/pituitary/0605.jpg,train,pituitary,512,512,JPEG
train/pituitary/0531.jpg,train,pituitary,512,512,JPEG
train/pituitary/0716.jpg,train,pituitary,512,512,JPEG
train/pituitary/0990.jpg,train,pituitary,512,512,JPEG
train/pituitary/1427.jpg,train,pituitary,512,512,JPEG
train/pituitary/0256.jpg,train,pituitary,512,512,JPEG
train/pituitary/1109.jpg,train,pituitary,512,512,JPEG
train/pituitary/aug_143_0157.jpg,train,pituitary,512,512,JPEG
train/pituitary/1359.jpg,train,pituitary,512,512,JPEG
train/pituitary/0738.jpg,train,pituitary,256,256,JPEG
train/pituitary/0472.jpg,train,pituitary,512,512,JPEG
train/pituitary/1184.jpg,train,pituitary,512,512,JPEG
train/pituitary/0530.jpg,train,pituitary,512,512,JPEG
train/pituitary/0592.jpg,train,pituitary,512,512,JPEG
train/pituitary/0599.jpg,train,pituitary,512,512,JPEG
train/pituitary/0351.jpg,train,pituitary,512,512,JPEG
train/pituitary/1545.jpg,train,pituitary,512,512,JPEG
train/pituitary/0192.jpg,train,pituitary,512,512,JPEG
train/pituitary/1059.jpg,train,pituitary,512,512,JPEG
train/pituitary/0006.jpg,train,pituitary,512,512,JPEG
train/pituitary/1721.jpg,train,pituitary,512,512,JPEG
train/pituitary/1273.jpg,train,pituitary,512,512,JPEG
train/pituitary/0242.jpg,train,pituitary,512,512,JPEG
train/pituitary/1592.jpg,train,pituitary,512,512,JPEG
train/pituitary/0761.jpg,train,pituitary,512,512,JPEG
train/pituitary/1227.jpg,train,pituitary,512,512,JPEG
train/pituitary/aug_48_1238.jpg,train,pituitary,512,512,JPEG
train/pituitary/0423.jpg,train,pituitary,512,512,JPEG
train/pituitary/1188.jpg,train,pituitary,512,512,JPEG
train/pituitary/1702.jpg,train,pituitary,512,512,JPEG
train/pituitary/1190.jpg,train,pituitary,512,512,JPEG
train/pituitary/1170.jpg,train,pituitary,512,512,JPEG
train/pituitary/0646.jpg,train,pituitary,512,512,JPEG
train/pituitary/0196.jpg,train,pituitary,512,512,JPEG
train/pituitary/1741.jpg,train,pituitary,512,512,JPEG
train/pituitary/0459.jpg,train,pituitary,512,512,JPEG
train/pituitary/0868.jpg,train,pituitary,512,512,JPEG
train/pituitary/1219.jpg,train,pituitary,256,256,JPEG
train/pituitary/0080.jpg,train,pituitary,512,512,JPEG
train/pituitary/aug_67_0618.jpg,train,pituitary,512,512,JPEG
train/pituitary/1603.jpg,train,pituitary,512,512,JPEG
train/pituitary/0577.jpg,train,pituitary,512,512,JPEG
train/pituitary/1525.jpg,train,pituitary,512,512,JPEG
train/pituitary/0635.jpg,train,pituitary,512,512,JPEG
train/pituitary/0989.jpg,train,pituitary,512,512,JPEG
train/pituitary/aug_47_0546.jpg,train,pituitary,512,512,JPEG
train/pituitary/0211.jpg,train,pituitary,512,512,JPEG
train/pituitary/1602.jpg,train,pituitary,512,512,JPEG
train/pituitary/0799.jpg,train,pituitary,512,512,JPEG
train/pituitary/0157.jpg,train,pituitary,512,512,JPEG
train/pituitary/0668.jpg,train,pituitary,512,512,JPEG
train/pituitary/0955.jpg,train,pituitary,512,512,JPEG
train/pituitary/aug_105_0769.jpg,train,pituitary,512,512,JPEG
train/pituitary/1678.jpg,train,pituitary,512,512,JPEG
train/pituitary/1572.jpg,train,pituitary,512,512,JPEG
train/pituitary/aug_28_0530.jpg,train,pituitary,512,512,JPEG
train/pituitary/1631.jpg,train,pituitary,512,512,JPEG
train/pituitary/1124.jpg,train,pituitary,512,512,JPEG
train/pituitary/1752.jpg,train,pituitary,512,512,JPEG
train/pituitary/1346.jpg,train,pituitary,512,512,JPEG
train/pituitary/0016.jpg,train,pituitary,512,512,JPEG
train/pituitary/0113.jpg,train,pituitary,512,512,JPEG
train/pituitary/1330.jpg,train,pituitary,512,512,JPEG
train/pituitary/0145.jpg,train,pituitary,512,512,JPEG
train/pituitary/0542.jpg,train,pituitary,512,512,JPEG
train/pituitary/aug_141_1523.jpg,train,pituitary,512,512,JPEG
train/pituitary/1226.jpg,train,pituitary,512,512,JPEG
train/pituitary/0548.jpg,train,pituitary,512,512,JPEG
train/pituitary/1536.jpg,train,pituitary,512,512,JPEG
train/pituitary/aug_12_0844.jpg,train,pituitary,512,512,JPEG
train/pituitary/1094.jpg,train,pituitary,512,512,JPEG
train/pituitary/0334.jpg,train,pituitary,512,512,JPEG
train/pituitary/0963.jpg,train,pituitary,512,512,JPEG
train/pituitary/0258.jpg,train,pituitary,512,512,JPEG
train/pituitary/aug_169_1438.jpg,train,pituitary,512,512,JPEG
train/pituitary/1613.jpg,train,pituitary,512,512,JPEG
train/pituitary/1534.jpg,train,pituitary,512,512,JPEG
train/pituitary/1756.jpg,train,pituitary,512,512,JPEG
train/pituitary/0166.jpg,train,pituitary,512,512,JPEG
train/pituitary/1499.jpg,train,pituitary,512,512,JPEG
train/pituitary/aug_57_0053.jpg,train,pituitary,512,512,JPEG
train/pituitary/1523.jpg,train,pituitary,512,512,JPEG
train/pituitary/0314.jpg,train,pituitary,512,512,JPEG
train/pituitary/1731.jpg,train,pituitary,512,512,JPEG
train/pituitary/0923.jpg,train,pituitary,512,512,JPEG
train/pituitary/0620.jpg,train,pituitary,512,512,JPEG
train/pituitary/0021.jpg,train,pituitary,512,512,JPEG
train/pituitary/0561.jpg,train,pituitary,512,512,JPEG
train/pituitary/1313.jpg,train,pituitary,512,512,JPEG
train/pituitary/1341.jpg,train,pituitary,512,512,JPEG
train/pituitary/0900.jpg,train,pituitary,512,512,JPEG
train/pituitary/0743.jpg,train,pituitary,512,512,JPEG
train/pituitary/0805.jpg,train,pituitary,512,512,JPEG
train/pituitary/1729.jpg,train,pituitary,512,512,JPEG
train/pituitary/0297.jpg,train,pituitary,512,512,JPEG
train/pituitary/0103.jpg,train,pituitary,512,512,JPEG
train/pituitary/1476.jpg,train,pituitary,512,512,JPEG
train/pituitary/0859.jpg,train,pituitary,512,512,JPEG
train/pituitary/0939.jpg,train,pituitary,512,512,JPEG
train/pituitary/1459.jpg,train,pituitary,512,512,JPEG
train/pituitary/1022.jpg,train,pituitary,512,512,JPEG
train/pituitary/0837.jpg,train,pituitary,512,512,JPEG
train/pituitary/0682.jpg,train,pituitary,512,512,JPEG
train/pituitary/1038.jpg,train,pituitary,512,512,JPEG
train/pituitary/1265.jpg,train,pituitary,256,256,JPEG
train/pituitary/1699.jpg,train,pituitary,512,512,JPEG
train/pituitary/0468.jpg,train,pituitary,512,512,JPEG
train/pituitary/0274.jpg,train,pituitary,512,512,JPEG
train/pituitary/0706.jpg,train,pituitary,512,512,JPEG
train/pituitary/aug_119_0676.jpg,train,pituitary,512,512,JPEG
train/pituitary/0215.jpg,train,pituitary,512,512,JPEG
train/pituitary/0181.jpg,train,pituitary,512,512,JPEG
train/pituitary/0212.jpg,train,pituitary,512,512,JPEG
train/pituitary/aug_90_0941.jpg,train,pituitary,512,512,JPEG
train/pituitary/0440.jpg,train,pituitary,512,512,JPEG
train/pituitary/1006.jpg,train,pituitary,512,512,JPEG
train/pituitary/0973.jpg,train,pituitary,512,512,JPEG
train/pituitary/0757.jpg,train,pituitary,512,512,JPEG
train/pituitary/0200.jpg,train,pituitary,512,512,JPEG
train/pituitary/0933.jpg,train,pituitary,512,512,JPEG
train/pituitary/0528.jpg,train,pituitary,512,512,JPEG
train/pituitary/aug_154_0101.jpg,train,pituitary,512,512,JPEG
train/pituitary/0014.jpg,train,pituitary,512,512,JPEG
train/pituitary/1587.jpg,train,pituitary,512,512,JPEG
train/pituitary/0551.jpg,train,pituitary,512,512,JPEG
train/pituitary/aug_150_0457.jpg,train,pituitary,512,512,JPEG
train/pituitary/0813.jpg,train,pituitary,512,512,JPEG
train/pituitary/0308.jpg,train,pituitary,512,512,JPEG
train/pituitary/1455.jpg,train,pituitary,512,512,JPEG
train/pituitary/1690.jpg,train,pituitary,512,512,JPEG
train/pituitary/aug_136_1602.jpg,train,pituitary,512,512,JPEG
train/pituitary/0320.jpg,train,pituitary,512,512,JPEG
train/pituitary/1167.jpg,train,pituitary,512,512,JPEG
train/pituitary/1145.jpg,train,pituitary,512,512,JPEG
train/pituitary/1171.jpg,train,pituitary,512,512,JPEG
train/pituitary/0067.jpg,train,pituitary,512,512,JPEG
train/pituitary/0393.jpg,train,pituitary,512,512,JPEG
train/pituitary/0798.jpg,train,pituitary,940,900,JPEG
train/pituitary/0428.jpg,train,pituitary,512,512,JPEG
train/pituitary/aug_65_1413.jpg,train,pituitary,512,512,JPEG
train/pituitary/0035.jpg,train,pituitary,512,512,JPEG
train/pituitary/0650.jpg,train,pituitary,512,512,JPEG
train/pituitary/1108.jpg,train,pituitary,512,512,JPEG
train/pituitary/0532.jpg,train,pituitary,512,512,JPEG
train/pituitary/0725.jpg,train,pituitary,512,512,JPEG
train/pituitary/0451.jpg,train,pituitary,512,512,JPEG
train/pituitary/0277.jpg,train,pituitary,512,512,JPEG
train/pituitary/0310.jpg,train,pituitary,256,256,JPEG
train/pituitary/1430.jpg,train,pituitary,512,512,JPEG
train/pituitary/1540.jpg,train,pituitary,512,512,JPEG
train/pituitary/0388.jpg,train,pituitary,512,512,JPEG
train/pituitary/1440.jpg,train,pituitary,512,512,JPEG
train/pituitary/aug_121_1098.jpg,train,pituitary,512,512,JPEG
train/pituitary/0201.jpg,train,pituitary,512,512,JPEG
train/pituitary/aug_85_0103.jpg,train,pituitary,512,512,JPEG
train/pituitary/0893.jpg,train,pituitary,512,512,JPEG
train/pituitary/aug_129_0912.jpg,train,pituitary,512,512,JPEG
train/pituitary/0778.jpg,train,pituitary,512,512,JPEG
train/pituitary/0051.jpg,train,pituitary,512,512,JPEG
train/pituitary/1083.jpg,train,pituitary,512,512,JPEG
train/pituitary/0380.jpg,train,pituitary,512,512,JPEG
train/pituitary/1441.jpg,train,pituitary,512,512,JPEG
train/pituitary/1655.jpg,train,pituitary,512,512,JPEG
train/pituitary/1755.jpg,train,pituitary,512,512,JPEG
train/pituitary/aug_59_0672.jpg,train,pituitary,512,512,JPEG
train/pituitary/1036.jpg,train,pituitary,512,512,JPEG
train/pituitary/1683.jpg,train,pituitary,512,512,JPEG
train/pituitary/aug_126_0294.jpg,train,pituitary,512,512,JPEG
train/pituitary/0088.jpg,train,pituitary,512,512,JPEG
train/pituitary/0072.jpg,train,pituitary,512,512,JPEG
train/pituitary/0337.jpg,train,pituitary,512,512,JPEG
train/pituitary/0902.jpg,train,pituitary,512,512,JPEG
train/pituitary/0419.jpg,train,pituitary,512,512,JPEG
train/pituitary/0755.jpg,train,pituitary,512,512,JPEG
train/pituitary/0043.jpg,train,pituitary,512,512,JPEG
train/pituitary/aug_75_0316.jpg,train,pituitary,512,512,JPEG
train/pituitary/1446.jpg,train,pituitary,512,512,JPEG
train/pituitary/1103.jpg,train,pituitary,512,512,JPEG
train/pituitary/1686.jpg,train,pituitary,512,512,JPEG
train/pituitary/0426.jpg,train,pituitary,512,512,JPEG
train/pituitary/0992.jpg,train,pituitary,512,512,JPEG
train/pituitary/0901.jpg,train,pituitary,512,512,JPEG
train/pituitary/0146.jpg,train,pituitary,512,512,JPEG
train/pituitary/1372.jpg,train,pituitary,512,512,JPEG
train/pituitary/0659.jpg,train,pituitary,512,512,JPEG
train/pituitary/aug_131_1470.jpg,train,pituitary,512,512,JPEG
train/pituitary/0372.jpg,train,pituitary,512,512,JPEG
train/pituitary/1305.jpg,train,pituitary,512,512,JPEG
train/pituitary/1216.jpg,train,pituitary,512,512,JPEG
train/pituitary/1148.jpg,train,pituitary,512,512,JPEG
train/pituitary/0095.jpg,train,pituitary,512,512,JPEG
train/pituitary/1420.jpg,train,pituitary,512,512,JPEG
train/pituitary/0061.jpg,train,pituitary,512,512,JPEG
train/pituitary/0866.jpg,train,pituitary,512,512,JPEG
train/pituitary/0632.jpg,train,pituitary,512,512,JPEG
train/pituitary/0685.jpg,train,pituitary,512,512,JPEG
train/pituitary/0924.jpg,train,pituitary,512,512,JPEG
train/pituitary/0064.jpg,train,pituitary,512,512,JPEG
train/pituitary/1584.jpg,train,pituitary,512,512,JPEG
train/pituitary/0162.jpg,train,pituitary,512,512,JPEG
train/pituitary/0639.jpg,train,pituitary,512,512,JPEG
train/pituitary/0268.jpg,train,pituitary,512,512,JPEG
train/pituitary/1338.jpg,train,pituitary,256,256,JPEG
train/pituitary/0203.jpg,train,pituitary,512,512,JPEG
train/pituitary/0574.jpg,train,pituitary,512,512,JPEG
train/pituitary/aug_88_0153.jpg,train,pituitary,512,512,JPEG
train/pituitary/0342.jpg,train,pituitary,512,512,JPEG
train/pituitary/0847.jpg,train,pituitary,512,512,JPEG
train/pituitary/0163.jpg,train,pituitary,512,512,JPEG
train/pituitary/0600.jpg,train,pituitary,512,512,JPEG
train/pituitary/0655.jpg,train,pituitary,512,512,JPEG
train/pituitary/1531.jpg,train,pituitary,512,512,JPEG
train/pituitary/1418.jpg,train,pituitary,512,512,JPEG
train/pituitary/1301.jpg,train,pituitary,512,512,JPEG
train/pituitary/1645.jpg,train,pituitary,512,512,JPEG
train/pituitary/0065.jpg,train,pituitary,512,512,JPEG
train/pituitary/0734.jpg,train,pituitary,512,512,JPEG
train/pituitary/0338.jpg,train,pituitary,512,512,JPEG
train/pituitary/1383.jpg,train,pituitary,512,512,JPEG
train/pituitary/1086.jpg,train,pituitary,512,512,JPEG
train/pituitary/aug_49_0480.jpg,train,pituitary,512,512,JPEG
train/pituitary/aug_101_0059.jpg,train,pituitary,512,512,JPEG
train/pituitary/0449.jpg,train,pituitary,512,512,JPEG
train/pituitary/0361.jpg,train,pituitary,512,512,JPEG
train/pituitary/1532.jpg,train,pituitary,512,512,JPEG
train/pituitary/1437.jpg,train,pituitary,512,512,JPEG
train/pituitary/1098.jpg,train,pituitary,512,512,JPEG
train/pituitary/aug_80_0625.jpg,train,pituitary,512,512,JPEG
train/pituitary/1673.jpg,train,pituitary,512,512,JPEG
train/pituitary/0089.jpg,train,pituitary,512,512,JPEG
train/pituitary/0789.jpg,train,pituitary,512,512,JPEG
train/pituitary/0875.jpg,train,pituitary,512,512,JPEG
train/pituitary/1711.jpg,train,pituitary,512,512,JPEG
train/pituitary/1058.jpg,train,pituitary,512,512,JPEG
train/pituitary/aug_106_0725.jpg,train,pituitary,512,512,JPEG
train/pituitary/1712.jpg,train,pituitary,512,512,JPEG
train/pituitary/1465.jpg,train,pituitary,512,512,JPEG
train/pituitary/0563.jpg,train,pituitary,512,512,JPEG
train/pituitary/1510.jpg,train,pituitary,512,512,JPEG
train/pituitary/aug_39_0316.jpg,train,pituitary,512,512,JPEG
train/pituitary/0343.jpg,train,pituitary,512,512,JPEG
train/pituitary/0437.jpg,train,pituitary,512,512,JPEG
train/pituitary/0988.jpg,train,pituitary,512,512,JPEG
train/pituitary/1363.jpg,train,pituitary,512,512,JPEG
train/pituitary/1073.jpg,train,pituitary,512,512,JPEG
train/pituitary/0415.jpg,train,pituitary,512,512,JPEG
train/pituitary/1445.jpg,train,pituitary,512,512,JPEG
train/pituitary/0676.jpg,train,pituitary,512,512,JPEG
train/pituitary/1284.jpg,train,pituitary,256,256,JPEG
train/pituitary/0286.jpg,train,pituitary,512,512,JPEG
train/pituitary/0387.jpg,train,pituitary,512,512,JPEG
train/pituitary/1713.jpg,train,pituitary,512,512,JPEG
train/pituitary/1477.jpg,train,pituitary,512,512,JPEG
train/pituitary/aug_87_0355.jpg,train,pituitary,512,512,JPEG
train/pituitary/1722.jpg,train,pituitary,512,512,JPEG
train/pituitary/0844.jpg,train,pituitary,512,512,JPEG
train/pituitary/1402.jpg,train,pituitary,512,512,JPEG
train/pituitary/1606.jpg,train,pituitary,512,512,JPEG
train/pituitary/1187.jpg,train,pituitary,512,512,JPEG
train/pituitary/0809.jpg,train,pituitary,512,512,JPEG
train/pituitary/1053.jpg,train,pituitary,512,512,JPEG
train/pituitary/0399.jpg,train,pituitary,512,512,JPEG
train/pituitary/0117.jpg,train,pituitary,512,512,JPEG
train/pituitary/1062.jpg,train,pituitary,512,512,JPEG
train/pituitary/0770.jpg,train,pituitary,512,512,JPEG
train/pituitary/1228.jpg,train,pituitary,512,512,JPEG
train/pituitary/1064.jpg,train,pituitary,512,512,JPEG
train/pituitary/aug_115_1720.jpg,train,pituitary,512,512,JPEG
train/pituitary/1335.jpg,train,pituitary,512,512,JPEG
train/pituitary/0105.jpg,train,pituitary,512,512,JPEG
train/pituitary/0624.jpg,train,pituitary,512,512,JPEG
train/pituitary/aug_54_1557.jpg,train,pituitary,512,512,JPEG
train/pituitary/0927.jpg,train,pituitary,512,512,JPEG
train/pituitary/0513.jpg,train,pituitary,512,512,JPEG
train/pituitary/aug_5_1559.jpg,train,pituitary,512,512,JPEG
train/pituitary/1113.jpg,train,pituitary,512,512,JPEG
train/pituitary/aug_14_0095.jpg,train,pituitary,512,512,JPEG
train/pituitary/1612.jpg,train,pituitary,512,512,JPEG
train/pituitary/1182.jpg,train,pituitary,512,512,JPEG
train/pituitary/aug_151_0520.jpg,train,pituitary,512,512,JPEG
train/pituitary/0565.jpg,train,pituitary,512,512,JPEG
train/pituitary/0066.jpg,train,pituitary,512,512,JPEG
train/pituitary/0714.jpg,train,pituitary,512,512,JPEG
train/pituitary/aug_159_1365.jpg,train,pituitary,512,512,JPEG
train/pituitary/1565.jpg,train,pituitary,512,512,JPEG
train/pituitary/1181.jpg,train,pituitary,512,512,JPEG
train/pituitary/0919.jpg,train,pituitary,512,512,JPEG
train/pituitary/0851.jpg,train,pituitary,512,512,JPEG
train/pituitary/0036.jpg,train,pituitary,512,512,JPEG
train/pituitary/1490.jpg,train,pituitary,512,512,JPEG
train/pituitary/0401.jpg,train,pituitary,512,512,JPEG
train/pituitary/0319.jpg,train,pituitary,512,512,JPEG
train/pituitary/1518.jpg,train,pituitary,512,512,JPEG
train/pituitary/1750.jpg,train,pituitary,256,256,JPEG
train/pituitary/1042.jpg,train,pituitary,512,512,JPEG
train/pituitary/0707.jpg,train,pituitary,474,474,JPEG
train/pituitary/0604.jpg,train,pituitary,512,512,JPEG
train/pituitary/0765.jpg,train,pituitary,512,512,JPEG
train/pituitary/1034.jpg,train,pituitary,512,512,JPEG
train/pituitary/0762.jpg,train,pituitary,512,512,JPEG
train/pituitary/0251.jpg,train,pituitary,512,512,JPEG
train/pituitary/0997.jpg,train,pituitary,512,512,JPEG
train/pituitary/0660.jpg,train,pituitary,512,512,JPEG
train/pituitary/0819.jpg,train,pituitary,512,512,JPEG
train/pituitary/aug_53_0395.jpg,train,pituitary,512,512,JPEG
train/pituitary/0833.jpg,train,pituitary,512,512,JPEG
train/pituitary/0928.jpg,train,pituitary,512,512,JPEG
train/pituitary/0609.jpg,train,pituitary,512,512,JPEG
train/pituitary/0993.jpg,train,pituitary,512,512,JPEG
train/pituitary/0544.jpg,train,pituitary,512,512,JPEG
train/pituitary/0120.jpg,train,pituitary,512,512,JPEG
train/pituitary/1753.jpg,train,pituitary,512,512,JPEG
train/pituitary/1405.jpg,train,pituitary,512,512,JPEG
train/pituitary/1593.jpg,train,pituitary,512,512,JPEG
train/pituitary/1155.jpg,train,pituitary,512,512,JPEG
train/pituitary/0254.jpg,train,pituitary,512,512,JPEG
train/pituitary/0179.jpg,train,pituitary,512,512,JPEG
train/pituitary/0341.jpg,train,pituitary,512,512,JPEG
train/pituitary/0280.jpg,train,pituitary,512,512,JPEG
train/pituitary/0800.jpg,train,pituitary,512,512,JPEG
train/pituitary/0824.jpg,train,pituitary,512,512,JPEG
train/pituitary/1275.jpg,train,pituitary,512,512,JPEG
train/pituitary/1419.jpg,train,pituitary,256,256,JPEG
train/pituitary/0648.jpg,train,pituitary,512,512,JPEG
train/pituitary/aug_167_0338.jpg,train,pituitary,512,512,JPEG
train/pituitary/1306.jpg,train,pituitary,512,512,JPEG
train/pituitary/0769.jpg,train,pituitary,512,512,JPEG
train/pituitary/0389.jpg,train,pituitary,512,512,JPEG
train/pituitary/1431.jpg,train,pituitary,512,512,JPEG
train/pituitary/1491.jpg,train,pituitary,512,512,JPEG
train/pituitary/aug_99_0870.jpg,train,pituitary,512,512,JPEG
train/pituitary/0184.jpg,train,pituitary,512,512,JPEG
train/pituitary/0084.jpg,train,pituitary,512,512,JPEG
train/pituitary/0358.jpg,train,pituitary,512,512,JPEG
train/pituitary/0554.jpg,train,pituitary,512,512,JPEG
train/pituitary/0408.jpg,train,pituitary,512,512,JPEG
train/pituitary/0986.jpg,train,pituitary,512,512,JPEG
train/pituitary/0580.jpg,train,pituitary,512,512,JPEG
train/pituitary/1493.jpg,train,pituitary,512,512,JPEG
train/pituitary/0756.jpg,train,pituitary,512,512,JPEG
train/pituitary/0463.jpg,train,pituitary,512,512,JPEG
train/pituitary/1354.jpg,train,pituitary,512,512,JPEG
train/pituitary/1643.jpg,train,pituitary,512,512,JPEG
train/pituitary/0119.jpg,train,pituitary,512,512,JPEG
train/pituitary/1367.jpg,train,pituitary,512,512,JPEG
train/pituitary/0183.jpg,train,pituitary,512,512,JPEG
train/pituitary/0753.jpg,train,pituitary,512,512,JPEG
train/pituitary/1302.jpg,train,pituitary,512,512,JPEG
train/pituitary/1413.jpg,train,pituitary,512,512,JPEG
train/pituitary/aug_24_0067.jpg,train,pituitary,512,512,JPEG
train/pituitary/0670.jpg,train,pituitary,512,512,JPEG
train/pituitary/0672.jpg,train,pituitary,512,512,JPEG
train/pituitary/1658.jpg,train,pituitary,512,512,JPEG
train/pituitary/aug_118_1006.jpg,train,pituitary,512,512,JPEG
train/pituitary/0122.jpg,train,pituitary,512,512,JPEG
train/pituitary/0658.jpg,train,pituitary,512,512,JPEG
train/pituitary/1204.jpg,train,pituitary,512,512,JPEG
train/pituitary/1328.jpg,train,pituitary,512,512,JPEG
train/pituitary/aug_82_0034.jpg,train,pituitary,512,512,JPEG
train/pituitary/1014.jpg,train,pituitary,512,512,JPEG
train/pituitary/1079.jpg,train,pituitary,512,512,JPEG
train/pituitary/0034.jpg,train,pituitary,512,512,JPEG
train/pituitary/1235.jpg,train,pituitary,256,256,JPEG
train/pituitary/1173.jpg,train,pituitary,512,512,JPEG
train/pituitary/1684.jpg,train,pituitary,512,512,JPEG
train/pituitary/1443.jpg,train,pituitary,201,210,JPEG
train/pituitary/1754.jpg,train,pituitary,512,512,JPEG
train/pituitary/aug_50_0375.jpg,train,pituitary,512,512,JPEG
train/pituitary/1271.jpg,train,pituitary,512,512,JPEG
train/pituitary/1749.jpg,train,pituitary,512,512,JPEG
train/pituitary/aug_155_1245.jpg,train,pituitary,512,512,JPEG
train/pituitary/1189.jpg,train,pituitary,512,512,JPEG
train/pituitary/0362.jpg,train,pituitary,512,512,JPEG
train/pituitary/0855.jpg,train,pituitary,512,512,JPEG
train/pituitary/1032.jpg,train,pituitary,512,512,JPEG
train/pituitary/0727.jpg,train,pituitary,512,512,JPEG
train/pituitary/1428.jpg,train,pituitary,512,512,JPEG
train/pituitary/aug_23_1442.jpg,train,pituitary,512,512,JPEG
train/pituitary/aug_83_0615.jpg,train,pituitary,512,512,JPEG
train/pituitary/1136.jpg,train,pituitary,512,512,JPEG
train/pituitary/0754.jpg,train,pituitary,512,512,JPEG
train/pituitary/0259.jpg,train,pituitary,512,512,JPEG
train/pituitary/1669.jpg,train,pituitary,512,512,JPEG
train/pituitary/aug_108_1108.jpg,train,pituitary,512,512,JPEG
train/pituitary/0382.jpg,train,pituitary,512,512,JPEG
train/pituitary/1751.jpg,train,pituitary,512,512,JPEG
train/pituitary/0188.jpg,train,pituitary,512,512,JPEG
train/pituitary/aug_127_0888.jpg,train,pituitary,512,512,JPEG
train/pituitary/aug_21_0655.jpg,train,pituitary,512,512,JPEG
train/pituitary/0357.jpg,train,pituitary,512,512,JPEG
train/pituitary/1127.jpg,train,pituitary,512,512,JPEG
train/pituitary/aug_125_0987.jpg,train,pituitary,512,512,JPEG
train/pituitary/1137.jpg,train,pituitary,512,512,JPEG
train/pituitary/1116.jpg,train,pituitary,512,512,JPEG
train/pituitary/1091.jpg,train,pituitary,512,512,JPEG
train/pituitary/0069.jpg,train,pituitary,512,512,JPEG
train/pituitary/0617.jpg,train,pituitary,512,512,JPEG
train/pituitary/aug_161_1134.jpg,train,pituitary,512,512,JPEG
train/pituitary/0713.jpg,train,pituitary,512,512,JPEG
train/pituitary/1621.jpg,train,pituitary,512,512,JPEG
train/pituitary/1090.jpg,train,pituitary,512,512,JPEG
train/pituitary/1005.jpg,train,pituitary,512,512,JPEG
train/pituitary/0581.jpg,train,pituitary,512,512,JPEG
train/pituitary/0461.jpg,train,pituitary,512,512,JPEG
train/pituitary/1298.jpg,train,pituitary,512,512,JPEG
train/pituitary/0235.jpg,train,pituitary,512,512,JPEG
train/pituitary/1295.jpg,train,pituitary,512,512,JPEG
train/pituitary/0739.jpg,train,pituitary,512,512,JPEG
train/pituitary/aug_32_0579.jpg,train,pituitary,512,512,JPEG
train/pituitary/1253.jpg,train,pituitary,512,512,JPEG
train/pituitary/1479.jpg,train,pituitary,512,512,JPEG
train/pituitary/1264.jpg,train,pituitary,512,512,JPEG
train/pituitary/1679.jpg,train,pituitary,512,512,JPEG
train/pituitary/0306.jpg,train,pituitary,512,512,JPEG
train/pituitary/1463.jpg,train,pituitary,512,512,JPEG
train/pituitary/1100.jpg,train,pituitary,512,512,JPEG
train/pituitary/0198.jpg,train,pituitary,512,512,JPEG
train/pituitary/0132.jpg,train,pituitary,512,512,JPEG
train/pituitary/1249.jpg,train,pituitary,512,512,JPEG
train/pituitary/aug_122_1561.jpg,train,pituitary,512,512,JPEG
train/pituitary/0498.jpg,train,pituitary,256,256,JPEG
train/pituitary/1045.jpg,train,pituitary,512,512,JPEG
train/pituitary/aug_35_1661.jpg,train,pituitary,512,512,JPEG
train/pituitary/0241.jpg,train,pituitary,512,512,JPEG
train/pituitary/0366.jpg,train,pituitary,512,512,JPEG
train/pituitary/0730.jpg,train,pituitary,512,512,JPEG
train/pituitary/0460.jpg,train,pituitary,512,512,JPEG
train/pituitary/0954.jpg,train,pituitary,512,512,JPEG
train/pituitary/0767.jpg,train,pituitary,512,512,JPEG
train/pituitary/1008.jpg,train,pituitary,512,512,JPEG
train/pituitary/0786.jpg,train,pituitary,512,512,JPEG
train/pituitary/0216.jpg,train,pituitary,512,512,JPEG
train/pituitary/aug_77_0927.jpg,train,pituitary,512,512,JPEG
train/pituitary/0237.jpg,train,pituitary,512,512,JPEG
train/pituitary/1600.jpg,train,pituitary,512,512,JPEG
train/pituitary/0007.jpg,train,pituitary,512,512,JPEG
train/pituitary/0344.jpg,train,pituitary,512,512,JPEG
train/pituitary/1205.jpg,train,pituitary,512,512,JPEG
train/pituitary/1378.jpg,train,pituitary,470,432,JPEG
train/pituitary/1097.jpg,train,pituitary,512,512,JPEG
train/pituitary/1482.jpg,train,pituitary,512,512,JPEG
train/pituitary/aug_11_1001.jpg,train,pituitary,512,512,JPEG
train/pituitary/0728.jpg,train,pituitary,512,512,JPEG
train/pituitary/0591.jpg,train,pituitary,512,512,JPEG
train/pituitary/0626.jpg,train,pituitary,256,256,JPEG
train/pituitary/aug_70_0179.jpg,train,pituitary,512,512,JPEG
train/pituitary/1705.jpg,train,pituitary,512,512,JPEG
train/pituitary/0886.jpg,train,pituitary,512,512,JPEG
train/pituitary/0775.jpg,train,pituitary,512,512,JPEG
train/pituitary/1632.jpg,train,pituitary,512,512,JPEG
train/pituitary/aug_36_0048.jpg,train,pituitary,1365,1365,JPEG
train/pituitary/0484.jpg,train,pituitary,512,512,JPEG
train/pituitary/1342.jpg,train,pituitary,512,512,JPEG
train/pituitary/0202.jpg,train,pituitary,512,512,JPEG
train/pituitary/0959.jpg,train,pituitary,512,512,JPEG
train/pituitary/0129.jpg,train,pituitary,512,512,JPEG
train/pituitary/0450.jpg,train,pituitary,512,512,JPEG
train/pituitary/aug_156_1454.jpg,train,pituitary,474,474,JPEG
train/pituitary/1238.jpg,train,pituitary,512,512,JPEG
train/pituitary/0558.jpg,train,pituitary,512,512,JPEG
train/pituitary/1299.jpg,train,pituitary,512,512,JPEG
train/pituitary/0858.jpg,train,pituitary,512,512,JPEG
train/pituitary/1196.jpg,train,pituitary,512,512,JPEG
train/pituitary/0046.jpg,train,pituitary,512,512,JPEG
train/pituitary/1126.jpg,train,pituitary,512,512,JPEG
train/pituitary/1512.jpg,train,pituitary,512,512,JPEG
train/pituitary/1193.jpg,train,pituitary,512,512,JPEG
train/pituitary/1521.jpg,train,pituitary,512,512,JPEG
train/pituitary/1011.jpg,train,pituitary,512,512,JPEG
train/pituitary/aug_64_0766.jpg,train,pituitary,512,512,JPEG
train/pituitary/0994.jpg,train,pituitary,512,512,JPEG
train/pituitary/aug_147_1598.jpg,train,pituitary,512,512,JPEG
train/pituitary/1175.jpg,train,pituitary,512,512,JPEG
train/pituitary/1078.jpg,train,pituitary,512,512,JPEG
train/pituitary/0996.jpg,train,pituitary,512,512,JPEG
train/pituitary/1522.jpg,train,pituitary,512,512,JPEG
train/pituitary/0489.jpg,train,pituitary,512,512,JPEG
train/pituitary/aug_93_1265.jpg,train,pituitary,256,256,JPEG
train/pituitary/0445.jpg,train,pituitary,512,512,JPEG
train/pituitary/0205.jpg,train,pituitary,512,512,JPEG
train/pituitary/0042.jpg,train,pituitary,512,512,JPEG
train/pituitary/0045.jpg,train,pituitary,512,512,JPEG
train/pituitary/1714.jpg,train,pituitary,512,512,JPEG
train/pituitary/0252.jpg,train,pituitary,512,512,JPEG
train/pituitary/aug_62_0094.jpg,train,pituitary,512,512,JPEG
train/pituitary/1088.jpg,train,pituitary,512,512,JPEG
train/pituitary/0017.jpg,train,pituitary,512,512,JPEG
train/pituitary/0808.jpg,train,pituitary,512,512,JPEG
train/pituitary/1573.jpg,train,pituitary,512,512,JPEG
train/pituitary/1704.jpg,train,pituitary,512,512,JPEG
train/pituitary/0470.jpg,train,pituitary,400,400,JPEG
train/pituitary/0527.jpg,train,pituitary,512,512,JPEG
train/pituitary/1069.jpg,train,pituitary,512,512,JPEG
train/pituitary/0301.jpg,train,pituitary,512,512,JPEG
train/pituitary/0483.jpg,train,pituitary,512,512,JPEG
train/pituitary/0864.jpg,train,pituitary,512,512,JPEG
train/pituitary/aug_8_1287.jpg,train,pituitary,512,512,JPEG
train/pituitary/0178.jpg,train,pituitary,512,512,JPEG
train/pituitary/aug_26_0379.jpg,train,pituitary,512,512,JPEG
train/pituitary/1462.jpg,train,pituitary,512,512,JPEG
train/pituitary/0701.jpg,train,pituitary,512,512,JPEG
train/pituitary/0748.jpg,train,pituitary,512,512,JPEG
train/pituitary/0270.jpg,train,pituitary,512,512,JPEG
train/pituitary/0041.jpg,train,pituitary,512,512,JPEG
train/pituitary/0169.jpg,train,pituitary,512,512,JPEG
train/pituitary/0435.jpg,train,pituitary,512,512,JPEG
train/pituitary/0776.jpg,train,pituitary,512,512,JPEG
train/pituitary/1701.jpg,train,pituitary,512,512,JPEG
train/pituitary/0691.jpg,train,pituitary,512,512,JPEG
train/pituitary/aug_117_1189.jpg,train,pituitary,512,512,JPEG
train/pituitary/aug_113_0494.jpg,train,pituitary,512,512,JPEG
train/pituitary/0154.jpg,train,pituitary,512,512,JPEG
train/pituitary/0397.jpg,train,pituitary,512,512,JPEG
train/pituitary/1020.jpg,train,pituitary,512,512,JPEG
train/pituitary/1095.jpg,train,pituitary,512,512,JPEG
train/pituitary/0664.jpg,train,pituitary,512,512,JPEG
train/pituitary/1195.jpg,train,pituitary,512,512,JPEG
train/pituitary/1635.jpg,train,pituitary,512,512,JPEG
train/pituitary/0841.jpg,train,pituitary,512,512,JPEG
train/pituitary/aug_68_1476.jpg,train,pituitary,512,512,JPEG
train/pituitary/1444.jpg,train,pituitary,512,512,JPEG
train/pituitary/0979.jpg,train,pituitary,512,512,JPEG
train/pituitary/0264.jpg,train,pituitary,512,512,JPEG
train/pituitary/1747.jpg,train,pituitary,512,512,JPEG
train/pituitary/1132.jpg,train,pituitary,512,512,JPEG
train/pituitary/aug_139_0375.jpg,train,pituitary,512,512,JPEG
train/pituitary/1355.jpg,train,pituitary,512,512,JPEG
train/pituitary/1169.jpg,train,pituitary,512,512,JPEG
train/pituitary/1394.jpg,train,pituitary,256,256,JPEG
train/pituitary/1569.jpg,train,pituitary,512,512,JPEG
train/pituitary/1537.jpg,train,pituitary,512,512,JPEG
train/pituitary/1608.jpg,train,pituitary,512,512,JPEG
train/pituitary/0832.jpg,train,pituitary,512,512,JPEG
train/pituitary/0446.jpg,train,pituitary,512,512,JPEG
train/pituitary/1742.jpg,train,pituitary,512,512,JPEG
train/pituitary/0926.jpg,train,pituitary,512,512,JPEG
train/pituitary/0579.jpg,train,pituitary,512,512,JPEG
train/pituitary/0834.jpg,train,pituitary,512,512,JPEG
train/pituitary/0284.jpg,train,pituitary,512,512,JPEG
train/pituitary/aug_17_0090.jpg,train,pituitary,512,512,JPEG
train/pituitary/0226.jpg,train,pituitary,512,512,JPEG
train/pituitary/0083.jpg,train,pituitary,512,512,JPEG
train/pituitary/0410.jpg,train,pituitary,512,512,JPEG
train/pituitary/0075.jpg,train,pituitary,512,512,JPEG
train/pituitary/0224.jpg,train,pituitary,512,512,JPEG
train/pituitary/aug_111_1712.jpg,train,pituitary,512,512,JPEG
train/pituitary/aug_162_1501.jpg,train,pituitary,512,512,JPEG
train/pituitary/1332.jpg,train,pituitary,512,512,JPEG
train/pituitary/0564.jpg,train,pituitary,512,512,JPEG
train/pituitary/0651.jpg,train,pituitary,512,512,JPEG
train/pituitary/1436.jpg,train,pituitary,512,512,JPEG
train/pituitary/0185.jpg,train,pituitary,512,512,JPEG
train/pituitary/0281.jpg,train,pituitary,512,512,JPEG
train/pituitary/0879.jpg,train,pituitary,512,512,JPEG
train/pituitary/0176.jpg,train,pituitary,512,512,JPEG
train/pituitary/1505.jpg,train,pituitary,512,512,JPEG
train/pituitary/0764.jpg,train,pituitary,512,512,JPEG
train/pituitary/1597.jpg,train,pituitary,512,512,JPEG
train/pituitary/1609.jpg,train,pituitary,512,512,JPEG
train/pituitary/1473.jpg,train,pituitary,512,512,JPEG
train/pituitary/1452.jpg,train,pituitary,512,512,JPEG
train/pituitary/0515.jpg,train,pituitary,512,512,JPEG
train/pituitary/0545.jpg,train,pituitary,512,512,JPEG
train/pituitary/1424.jpg,train,pituitary,512,512,JPEG
train/pituitary/1746.jpg,train,pituitary,512,512,JPEG
train/pituitary/1199.jpg,train,pituitary,512,512,JPEG
train/pituitary/0074.jpg,train,pituitary,512,512,JPEG
train/pituitary/0892.jpg,train,pituitary,512,512,JPEG
train/pituitary/1650.jpg,train,pituitary,512,512,JPEG
train/pituitary/1458.jpg,train,pituitary,512,512,JPEG
train/pituitary/1670.jpg,train,pituitary,512,512,JPEG
train/pituitary/1214.jpg,train,pituitary,512,512,JPEG
train/pituitary/1239.jpg,train,pituitary,512,512,JPEG
train/pituitary/0807.jpg,train,pituitary,512,512,JPEG
train/pituitary/0724.jpg,train,pituitary,512,512,JPEG
train/pituitary/0209.jpg,train,pituitary,512,512,JPEG
train/pituitary/0425.jpg,train,pituitary,512,512,JPEG
train/pituitary/1281.jpg,train,pituitary,512,512,JPEG
train/pituitary/0491.jpg,train,pituitary,512,512,JPEG
train/pituitary/0908.jpg,train,pituitary,512,512,JPEG
train/pituitary/aug_160_0638.jpg,train,pituitary,512,512,JPEG
train/pituitary/1030.jpg,train,pituitary,512,512,JPEG
train/pituitary/1450.jpg,train,pituitary,512,512,JPEG
train/pituitary/0593.jpg,train,pituitary,512,512,JPEG
train/pituitary/0723.jpg,train,pituitary,512,512,JPEG
train/pituitary/0136.jpg,train,pituitary,512,512,JPEG
train/pituitary/1318.jpg,train,pituitary,512,512,JPEG
train/pituitary/0050.jpg,train,pituitary,512,512,JPEG
train/pituitary/0771.jpg,train,pituitary,512,512,JPEG
train/pituitary/1392.jpg,train,pituitary,512,512,JPEG
train/pituitary/1010.jpg,train,pituitary,512,512,JPEG
train/pituitary/0403.jpg,train,pituitary,512,512,JPEG
train/pituitary/0510.jpg,train,pituitary,512,512,JPEG
train/pituitary/1580.jpg,train,pituitary,512,512,JPEG
train/pituitary/1277.jpg,train,pituitary,512,512,JPEG
train/pituitary/1637.jpg,train,pituitary,512,512,JPEG
train/pituitary/1309.jpg,train,pituitary,512,512,JPEG
train/pituitary/aug_157_0444.jpg,train,pituitary,512,512,JPEG
train/pituitary/1245.jpg,train,pituitary,512,512,JPEG
train/pituitary/0797.jpg,train,pituitary,512,512,JPEG
train/pituitary/1579.jpg,train,pituitary,256,256,JPEG
train/pituitary/1674.jpg,train,pituitary,512,512,JPEG
train/pituitary/0126.jpg,train,pituitary,512,512,JPEG
train/pituitary/0152.jpg,train,pituitary,512,512,JPEG
train/pituitary/1310.jpg,train,pituitary,512,512,JPEG
train/pituitary/1039.jpg,train,pituitary,512,512,JPEG
train/pituitary/1617.jpg,train,pituitary,512,512,JPEG
train/pituitary/aug_140_0410.jpg,train,pituitary,512,512,JPEG
train/pituitary/0101.jpg,train,pituitary,512,512,JPEG
train/pituitary/1300.jpg,train,pituitary,512,512,JPEG
train/pituitary/1152.jpg,train,pituitary,512,512,JPEG
train/pituitary/1404.jpg,train,pituitary,512,512,JPEG
train/pituitary/0452.jpg,train,pituitary,512,512,JPEG
train/pituitary/0130.jpg,train,pituitary,512,512,JPEG
train/pituitary/0430.jpg,train,pituitary,512,512,JPEG
train/pituitary/aug_44_1512.jpg,train,pituitary,512,512,JPEG
train/pituitary/0702.jpg,train,pituitary,512,512,JPEG
train/pituitary/1647.jpg,train,pituitary,512,512,JPEG
train/pituitary/0005.jpg,train,pituitary,512,512,JPEG
train/pituitary/0995.jpg,train,pituitary,512,512,JPEG
train/pituitary/aug_152_1750.jpg,train,pituitary,256,256,JPEG
train/pituitary/0877.jpg,train,pituitary,512,512,JPEG
train/pituitary/0305.jpg,train,pituitary,512,512,JPEG
train/pituitary/1209.jpg,train,pituitary,512,512,JPEG
train/pituitary/1575.jpg,train,pituitary,512,512,JPEG
train/pituitary/0848.jpg,train,pituitary,512,512,JPEG
train/pituitary/0788.jpg,train,pituitary,512,512,JPEG
train/pituitary/1407.jpg,train,pituitary,512,512,JPEG
train/pituitary/0272.jpg,train,pituitary,512,512,JPEG
train/pituitary/aug_123_0971.jpg,train,pituitary,512,512,JPEG
train/pituitary/1242.jpg,train,pituitary,512,512,JPEG
train/pituitary/1656.jpg,train,pituitary,512,512,JPEG
train/pituitary/0915.jpg,train,pituitary,512,512,JPEG
train/pituitary/0220.jpg,train,pituitary,512,512,JPEG
train/pituitary/0925.jpg,train,pituitary,512,512,JPEG
train/pituitary/1234.jpg,train,pituitary,512,512,JPEG
train/pituitary/1571.jpg,train,pituitary,512,512,JPEG
train/pituitary/0951.jpg,train,pituitary,512,512,JPEG
train/pituitary/aug_96_0739.jpg,train,pituitary,512,512,JPEG
train/pituitary/0835.jpg,train,pituitary,512,512,JPEG
train/pituitary/1439.jpg,train,pituitary,512,512,JPEG
train/pituitary/aug_58_1554.jpg,train,pituitary,512,512,JPEG
train/pituitary/aug_30_1640.jpg,train,pituitary,512,512,JPEG
train/pituitary/0431.jpg,train,pituitary,512,512,JPEG
train/pituitary/0303.jpg,train,pituitary,512,512,JPEG
train/pituitary/0740.jpg,train,pituitary,512,512,JPEG
train/pituitary/aug_134_1277.jpg,train,pituitary,512,512,JPEG
train/pituitary/aug_144_0372.jpg,train,pituitary,512,512,JPEG
train/pituitary/0368.jpg,train,pituitary,512,512,JPEG
train/pituitary/1680.jpg,train,pituitary,256,256,JPEG
train/pituitary/1089.jpg,train,pituitary,512,512,JPEG
train/pituitary/0974.jpg,train,pituitary,512,512,JPEG
train/pituitary/aug_22_1453.jpg,train,pituitary,512,512,JPEG
train/pituitary/0817.jpg,train,pituitary,512,512,JPEG
train/pituitary/0862.jpg,train,pituitary,512,512,JPEG
train/pituitary/1368.jpg,train,pituitary,512,512,JPEG
train/pituitary/aug_135_1058.jpg,train,pituitary,512,512,JPEG
train/pituitary/1153.jpg,train,pituitary,512,512,JPEG
train/pituitary/0899.jpg,train,pituitary,512,512,JPEG
train/pituitary/0094.jpg,train,pituitary,512,512,JPEG
train/pituitary/0494.jpg,train,pituitary,512,512,JPEG
train/pituitary/0962.jpg,train,pituitary,512,512,JPEG
train/pituitary/0821.jpg,train,pituitary,512,512,JPEG
train/pituitary/0367.jpg,train,pituitary,512,512,JPEG
train/pituitary/1143.jpg,train,pituitary,512,512,JPEG
train/pituitary/aug_148_0650.jpg,train,pituitary,512,512,JPEG
train/pituitary/0355.jpg,train,pituitary,512,512,JPEG
train/pituitary/1514.jpg,train,pituitary,512,512,JPEG
train/pituitary/0432.jpg,train,pituitary,512,512,JPEG
train/pituitary/1451.jpg,train,pituitary,512,512,JPEG
train/pituitary/0700.jpg,train,pituitary,512,512,JPEG
train/pituitary/0453.jpg,train,pituitary,512,512,JPEG
train/pituitary/1286.jpg,train,pituitary,512,512,JPEG
train/pituitary/0085.jpg,train,pituitary,512,512,JPEG
train/pituitary/0717.jpg,train,pituitary,512,512,JPEG
train/pituitary/0318.jpg,train,pituitary,512,512,JPEG
train/pituitary/0255.jpg,train,pituitary,512,512,JPEG
train/pituitary/1732.jpg,train,pituitary,512,512,JPEG
train/pituitary/1347.jpg,train,pituitary,512,512,JPEG
train/pituitary/0455.jpg,train,pituitary,512,512,JPEG
train/pituitary/aug_100_0724.jpg,train,pituitary,512,512,JPEG
train/pituitary/0881.jpg,train,pituitary,512,512,JPEG
train/pituitary/1117.jpg,train,pituitary,512,512,JPEG
train/pituitary/0416.jpg,train,pituitary,512,512,JPEG
train/pituitary/1210.jpg,train,pituitary,512,512,JPEG
train/pituitary/0692.jpg,train,pituitary,512,512,JPEG
train/pituitary/0464.jpg,train,pituitary,512,512,JPEG
train/pituitary/0656.jpg,train,pituitary,512,512,JPEG
train/pituitary/0546.jpg,train,pituitary,512,512,JPEG
train/pituitary/1668.jpg,train,pituitary,512,512,JPEG
train/pituitary/1156.jpg,train,pituitary,512,512,JPEG
train/pituitary/0266.jpg,train,pituitary,512,512,JPEG
train/pituitary/0640.jpg,train,pituitary,512,512,JPEG
train/pituitary/1320.jpg,train,pituitary,512,512,JPEG
train/pituitary/0376.jpg,train,pituitary,512,512,JPEG
train/pituitary/0033.jpg,train,pituitary,512,512,JPEG
train/pituitary/0295.jpg,train,pituitary,512,512,JPEG
train/pituitary/0846.jpg,train,pituitary,512,512,JPEG
train/pituitary/1497.jpg,train,pituitary,512,512,JPEG
train/pituitary/0811.jpg,train,pituitary,512,512,JPEG
train/pituitary/0229.jpg,train,pituitary,512,512,JPEG
train/pituitary/0143.jpg,train,pituitary,512,512,JPEG
train/pituitary/aug_0_0920.jpg,train,pituitary,512,512,JPEG
train/pituitary/aug_16_1717.jpg,train,pituitary,512,512,JPEG
train/pituitary/1389.jpg,train,pituitary,512,512,JPEG
train/pituitary/1745.jpg,train,pituitary,512,512,JPEG
train/pituitary/0077.jpg,train,pituitary,512,512,JPEG
train/pituitary/aug_74_1545.jpg,train,pituitary,512,512,JPEG
train/pituitary/0645.jpg,train,pituitary,512,512,JPEG
train/pituitary/1539.jpg,train,pituitary,512,512,JPEG
train/pituitary/1664.jpg,train,pituitary,512,512,JPEG
train/pituitary/0512.jpg,train,pituitary,512,512,JPEG
train/pituitary/1694.jpg,train,pituitary,512,512,JPEG
train/pituitary/aug_166_0924.jpg,train,pituitary,512,512,JPEG
train/pituitary/0598.jpg,train,pituitary,721,903,JPEG
train/pituitary/1158.jpg,train,pituitary,512,512,JPEG
train/pituitary/0469.jpg,train,pituitary,512,512,JPEG
train/pituitary/1707.jpg,train,pituitary,512,512,JPEG
train/pituitary/1327.jpg,train,pituitary,512,512,JPEG
train/pituitary/aug_124_1014.jpg,train,pituitary,512,512,JPEG
train/pituitary/0785.jpg,train,pituitary,512,512,JPEG
train/pituitary/0916.jpg,train,pituitary,512,512,JPEG
train/pituitary/1447.jpg,train,pituitary,512,512,JPEG
train/pituitary/1519.jpg,train,pituitary,512,512,JPEG
train/pituitary/0870.jpg,train,pituitary,512,512,JPEG
train/pituitary/0894.jpg,train,pituitary,512,512,JPEG
train/pituitary/0142.jpg,train,pituitary,512,512,JPEG
train/pituitary/0684.jpg,train,pituitary,512,512,JPEG
train/pituitary/0971.jpg,train,pituitary,512,512,JPEG
train/pituitary/1331.jpg,train,pituitary,512,512,JPEG
train/pituitary/1385.jpg,train,pituitary,512,512,JPEG
train/pituitary/0465.jpg,train,pituitary,512,512,JPEG
train/pituitary/1502.jpg,train,pituitary,512,512,JPEG
train/pituitary/1150.jpg,train,pituitary,512,512,JPEG
train/pituitary/0377.jpg,train,pituitary,512,512,JPEG
train/pituitary/0302.jpg,train,pituitary,512,512,JPEG
train/pituitary/0128.jpg,train,pituitary,512,512,JPEG
train/pituitary/0751.jpg,train,pituitary,512,512,JPEG
train/pituitary/aug_29_1100.jpg,train,pituitary,512,512,JPEG
train/pituitary/aug_109_1385.jpg,train,pituitary,512,512,JPEG
train/pituitary/1018.jpg,train,pituitary,512,512,JPEG
train/pituitary/aug_110_0062.jpg,train,pituitary,512,512,JPEG
train/pituitary/0869.jpg,train,pituitary,512,512,JPEG
train/pituitary/1319.jpg,train,pituitary,512,512,JPEG
train/pituitary/0038.jpg,train,pituitary,512,512,JPEG
train/pituitary/0210.jpg,train,pituitary,512,512,JPEG
train/pituitary/1174.jpg,train,pituitary,512,512,JPEG
train/pituitary/1013.jpg,train,pituitary,512,512,JPEG
train/pituitary/0566.jpg,train,pituitary,512,512,JPEG
train/pituitary/1543.jpg,train,pituitary,512,512,JPEG
train/pituitary/0719.jpg,train,pituitary,512,512,JPEG
train/pituitary/0506.jpg,train,pituitary,512,512,JPEG
train/pituitary/1506.jpg,train,pituitary,512,512,JPEG
train/pituitary/aug_79_0450.jpg,train,pituitary,512,512,JPEG
train/pituitary/aug_116_1158.jpg,train,pituitary,512,512,JPEG
train/pituitary/aug_91_1451.jpg,train,pituitary,512,512,JPEG
train/pituitary/0857.jpg,train,pituitary,512,512,JPEG
train/pituitary/0443.jpg,train,pituitary,512,512,JPEG
train/pituitary/aug_102_0728.jpg,train,pituitary,512,512,JPEG
train/pituitary/0294.jpg,train,pituitary,512,512,JPEG
train/pituitary/1638.jpg,train,pituitary,512,512,JPEG
train/pituitary/1085.jpg,train,pituitary,512,512,JPEG
train/pituitary/1323.jpg,train,pituitary,512,512,JPEG
train/pituitary/1527.jpg,train,pituitary,512,512,JPEG
train/pituitary/0759.jpg,train,pituitary,512,512,JPEG
train/pituitary/1582.jpg,train,pituitary,512,512,JPEG
train/pituitary/1255.jpg,train,pituitary,256,256,JPEG
train/pituitary/aug_165_0155.jpg,train,pituitary,512,512,JPEG
train/pituitary/1601.jpg,train,pituitary,512,512,JPEG
train/pituitary/0695.jpg,train,pituitary,512,512,JPEG
train/pituitary/0114.jpg,train,pituitary,512,512,JPEG
train/pituitary/aug_81_1068.jpg,train,pituitary,512,512,JPEG
train/pituitary/0347.jpg,train,pituitary,512,512,JPEG
train/pituitary/1415.jpg,train,pituitary,512,512,JPEG
train/pituitary/0090.jpg,train,pituitary,512,512,JPEG
train/pituitary/1312.jpg,train,pituitary,512,512,JPEG
train/pituitary/0836.jpg,train,pituitary,512,512,JPEG
train/pituitary/0223.jpg,train,pituitary,512,512,JPEG
train/pituitary/1115.jpg,train,pituitary,512,512,JPEG
train/pituitary/0547.jpg,train,pituitary,512,512,JPEG
train/pituitary/0803.jpg,train,pituitary,512,512,JPEG
train/pituitary/0140.jpg,train,pituitary,512,512,JPEG
train/pituitary/0427.jpg,train,pituitary,512,512,JPEG
train/pituitary/1549.jpg,train,pituitary,512,512,JPEG
train/pituitary/0108.jpg,train,pituitary,512,512,JPEG
train/pituitary/1285.jpg,train,pituitary,512,512,JPEG
train/pituitary/aug_10_1552.jpg,train,pituitary,512,512,JPEG
train/pituitary/0722.jpg,train,pituitary,512,512,JPEG
train/pituitary/aug_60_1500.jpg,train,pituitary,512,512,JPEG
train/pituitary/0680.jpg,train,pituitary,512,512,JPEG
train/pituitary/1349.jpg,train,pituitary,512,512,JPEG
train/pituitary/0750.jpg,train,pituitary,512,512,JPEG
train/pituitary/0333.jpg,train,pituitary,512,512,JPEG
train/pituitary/0708.jpg,train,pituitary,512,512,JPEG
train/pituitary/0325.jpg,train,pituitary,512,512,JPEG
train/pituitary/1114.jpg,train,pituitary,512,512,JPEG
train/pituitary/0999.jpg,train,pituitary,512,512,JPEG
train/pituitary/1626.jpg,train,pituitary,512,512,JPEG
train/pituitary/0911.jpg,train,pituitary,512,512,JPEG
train/pituitary/0914.jpg,train,pituitary,512,512,JPEG
train/pituitary/0681.jpg,train,pituitary,1280,1280,JPEG
train/pituitary/0076.jpg,train,pituitary,512,512,JPEG
train/pituitary/0147.jpg,train,pituitary,512,512,JPEG
train/pituitary/0317.jpg,train,pituitary,512,512,JPEG
train/pituitary/1548.jpg,train,pituitary,512,512,JPEG
train/pituitary/1070.jpg,train,pituitary,512,512,JPEG
train/pituitary/aug_78_0137.jpg,train,pituitary,512,512,JPEG
train/pituitary/0279.jpg,train,pituitary,512,512,JPEG
train/pituitary/0952.jpg,train,pituitary,512,512,JPEG
train/pituitary/0225.jpg,train,pituitary,512,512,JPEG
train/pituitary/0613.jpg,train,pituitary,512,512,JPEG
train/pituitary/0112.jpg,train,pituitary,512,512,JPEG
train/pituitary/1408.jpg,train,pituitary,512,512,JPEG
train/pituitary/1211.jpg,train,pituitary,512,512,JPEG
train/pituitary/0553.jpg,train,pituitary,512,512,JPEG
train/pituitary/1138.jpg,train,pituitary,512,512,JPEG
train/pituitary/0876.jpg,train,pituitary,512,512,JPEG
train/pituitary/1202.jpg,train,pituitary,512,512,JPEG
train/pituitary/aug_158_1295.jpg,train,pituitary,512,512,JPEG
train/pituitary/aug_18_0714.jpg,train,pituitary,512,512,JPEG
train/pituitary/aug_98_1439.jpg,train,pituitary,512,512,JPEG
train/pituitary/0960.jpg,train,pituitary,512,512,JPEG
train/pituitary/0098.jpg,train,pituitary,512,512,JPEG
train/pituitary/0473.jpg,train,pituitary,512,512,JPEG
train/pituitary/aug_6_0994.jpg,train,pituitary,512,512,JPEG
train/pituitary/1282.jpg,train,pituitary,512,512,JPEG
train/pituitary/0781.jpg,train,pituitary,512,512,JPEG
train/pituitary/0909.jpg,train,pituitary,512,512,JPEG
train/pituitary/1484.jpg,train,pituitary,512,512,JPEG
train/pituitary/0611.jpg,train,pituitary,512,512,JPEG
train/pituitary/1165.jpg,train,pituitary,512,512,JPEG
train/pituitary/0475.jpg,train,pituitary,512,512,JPEG
train/pituitary/0964.jpg,train,pituitary,512,512,JPEG
train/pituitary/0457.jpg,train,pituitary,512,512,JPEG
train/pituitary/1453.jpg,train,pituitary,512,512,JPEG
train/pituitary/1104.jpg,train,pituitary,512,512,JPEG
train/pituitary/0536.jpg,train,pituitary,512,512,JPEG
train/pituitary/0638.jpg,train,pituitary,512,512,JPEG
train/pituitary/1615.jpg,train,pituitary,512,512,JPEG
train/pituitary/1456.jpg,train,pituitary,512,512,JPEG
train/pituitary/0540.jpg,train,pituitary,512,512,JPEG
train/pituitary/0830.jpg,train,pituitary,512,512,JPEG
train/pituitary/aug_33_0097.jpg,train,pituitary,512,512,JPEG
train/pituitary/aug_2_0900.jpg,train,pituitary,512,512,JPEG
train/pituitary/aug_132_0722.jpg,train,pituitary,512,512,JPEG
train/pituitary/0871.jpg,train,pituitary,512,512,JPEG
train/pituitary/0369.jpg,train,pituitary,512,512,JPEG
train/pituitary/0806.jpg,train,pituitary,512,512,JPEG
train/pituitary/1198.jpg,train,pituitary,512,512,JPEG
train/pituitary/1641.jpg,train,pituitary,512,512,JPEG
train/pituitary/0433.jpg,train,pituitary,512,512,JPEG
train/pituitary/1224.jpg,train,pituitary,512,512,JPEG
train/pituitary/0865.jpg,train,pituitary,512,512,JPEG
train/pituitary/0099.jpg,train,pituitary,512,512,JPEG
train/pituitary/1365.jpg,train,pituitary,512,512,JPEG
train/pituitary/1021.jpg,train,pituitary,512,512,JPEG
train/pituitary/0093.jpg,train,pituitary,512,512,JPEG
train/pituitary/0560.jpg,train,pituitary,512,512,JPEG
train/pituitary/1241.jpg,train,pituitary,512,512,JPEG
train/pituitary/0945.jpg,train,pituitary,512,512,JPEG
train/pituitary/1304.jpg,train,pituitary,512,512,JPEG
train/pituitary/aug_97_1626.jpg,train,pituitary,512,512,JPEG
train/pituitary/0048.jpg,train,pituitary,1365,1365,JPEG
train/pituitary/0630.jpg,train,pituitary,512,512,JPEG
train/pituitary/aug_72_1615.jpg,train,pituitary,512,512,JPEG
train/pituitary/0168.jpg,train,pituitary,512,512,JPEG
train/pituitary/0934.jpg,train,pituitary,512,512,JPEG
train/pituitary/0880.jpg,train,pituitary,512,512,JPEG
train/pituitary/0321.jpg,train,pituitary,512,512,JPEG
train/pituitary/0644.jpg,train,pituitary,512,512,JPEG
train/pituitary/0167.jpg,train,pituitary,512,512,JPEG
train/pituitary/1291.jpg,train,pituitary,512,512,JPEG
train/pituitary/0429.jpg,train,pituitary,512,512,JPEG
train/pituitary/0741.jpg,train,pituitary,512,512,JPEG
train/pituitary/0395.jpg,train,pituitary,512,512,JPEG
train/pituitary/0195.jpg,train,pituitary,512,512,JPEG
train/pituitary/1200.jpg,train,pituitary,512,512,JPEG
train/pituitary/1395.jpg,train,pituitary,512,512,JPEG
train/pituitary/1003.jpg,train,pituitary,512,512,JPEG
train/pituitary/aug_69_0339.jpg,train,pituitary,512,512,JPEG
train/pituitary/1434.jpg,train,pituitary,512,512,JPEG
train/pituitary/0521.jpg,train,pituitary,512,512,JPEG
train/pituitary/1528.jpg,train,pituitary,512,512,JPEG
train/pituitary/0158.jpg,train,pituitary,512,512,JPEG
train/pituitary/0000.jpg,train,pituitary,512,512,JPEG
train/pituitary/aug_61_1150.jpg,train,pituitary,512,512,JPEG
train/pituitary/0905.jpg,train,pituitary,512,512,JPEG
train/pituitary/1128.jpg,train,pituitary,512,512,JPEG
train/pituitary/0941.jpg,train,pituitary,512,512,JPEG
train/pituitary/0936.jpg,train,pituitary,512,512,JPEG
train/pituitary/0124.jpg,train,pituitary,512,512,JPEG
train/pituitary/0151.jpg,train,pituitary,512,512,JPEG
train/pituitary/1660.jpg,train,pituitary,256,256,JPEG
train/pituitary/0424.jpg,train,pituitary,512,512,JPEG
train/pituitary/0662.jpg,train,pituitary,512,512,JPEG
train/pituitary/0022.jpg,train,pituitary,512,512,JPEG
train/pituitary/0907.jpg,train,pituitary,512,512,JPEG
train/pituitary/0777.jpg,train,pituitary,512,512,JPEG
train/pituitary/1024.jpg,train,pituitary,512,512,JPEG
train/pituitary/aug_76_0789.jpg,train,pituitary,512,512,JPEG
train/pituitary/0981.jpg,train,pituitary,512,512,JPEG
train/pituitary/1236.jpg,train,pituitary,512,512,JPEG
train/pituitary/0278.jpg,train,pituitary,512,512,JPEG
train/pituitary/0434.jpg,train,pituitary,512,512,JPEG
train/pituitary/aug_31_0392.jpg,train,pituitary,512,512,JPEG
train/pituitary/1583.jpg,train,pituitary,512,512,JPEG
train/pituitary/1147.jpg,train,pituitary,512,512,JPEG
train/pituitary/0584.jpg,train,pituitary,512,512,JPEG
train/pituitary/0155.jpg,train,pituitary,512,512,JPEG
train/pituitary/1526.jpg,train,pituitary,512,512,JPEG
train/pituitary/0271.jpg,train,pituitary,512,512,JPEG
train/pituitary/0588.jpg,train,pituitary,512,512,JPEG
train/pituitary/0352.jpg,train,pituitary,512,512,JPEG
train/pituitary/1051.jpg,train,pituitary,512,512,JPEG
train/pituitary/1029.jpg,train,pituitary,512,512,JPEG
train/pituitary/0929.jpg,train,pituitary,512,512,JPEG
train/pituitary/0612.jpg,train,pituitary,512,512,JPEG
train/pituitary/1043.jpg,train,pituitary,512,512,JPEG
train/pituitary/0737.jpg,train,pituitary,512,512,JPEG
train/pituitary/1717.jpg,train,pituitary,512,512,JPEG
train/pituitary/aug_40_1282.jpg,train,pituitary,512,512,JPEG
train/pituitary/0138.jpg,train,pituitary,512,512,JPEG
train/pituitary/0282.jpg,train,pituitary,512,512,JPEG
train/pituitary/aug_107_0415.jpg,train,pituitary,512,512,JPEG
train/pituitary/0671.jpg,train,pituitary,512,512,JPEG
train/pituitary/0822.jpg,train,pituitary,512,512,JPEG
train/pituitary/0296.jpg,train,pituitary,512,512,JPEG
train/pituitary/0407.jpg,train,pituitary,512,512,JPEG
train/pituitary/1311.jpg,train,pituitary,512,512,JPEG
train/pituitary/0571.jpg,train,pituitary,512,512,JPEG
train/pituitary/aug_164_0624.jpg,train,pituitary,512,512,JPEG
train/pituitary/0248.jpg,train,pituitary,512,512,JPEG
train/pituitary/1640.jpg,train,pituitary,512,512,JPEG
train/pituitary/0850.jpg,train,pituitary,512,512,JPEG
train/pituitary/aug_19_0904.jpg,train,pituitary,512,512,JPEG
train/pituitary/0978.jpg,train,pituitary,512,512,JPEG
train/pituitary/1591.jpg,train,pituitary,512,512,JPEG
train/pituitary/1050.jpg,train,pituitary,512,512,JPEG
train/pituitary/0524.jpg,train,pituitary,512,512,JPEG
train/pituitary/0287.jpg,train,pituitary,900,741,JPEG
train/pituitary/0787.jpg,train,pituitary,512,512,JPEG
train/pituitary/0697.jpg,train,pituitary,512,512,JPEG
train/pituitary/1558.jpg,train,pituitary,512,512,JPEG
train/pituitary/aug_120_0707.jpg,train,pituitary,474,474,JPEG
train/pituitary/1709.jpg,train,pituitary,512,512,JPEG
train/pituitary/0438.jpg,train,pituitary,512,512,JPEG
train/pituitary/1700.jpg,train,pituitary,512,512,JPEG
train/pituitary/0742.jpg,train,pituitary,512,512,JPEG
train/pituitary/0586.jpg,train,pituitary,512,512,JPEG
train/pituitary/1131.jpg,train,pituitary,512,512,JPEG
train/pituitary/1661.jpg,train,pituitary,512,512,JPEG
train/pituitary/0471.jpg,train,pituitary,442,442,JPEG
train/pituitary/0106.jpg,train,pituitary,256,256,JPEG
train/pituitary/aug_149_1644.jpg,train,pituitary,512,512,JPEG
train/pituitary/0008.jpg,train,pituitary,512,512,JPEG
train/pituitary/0543.jpg,train,pituitary,512,512,JPEG
train/pituitary/0228.jpg,train,pituitary,512,512,JPEG
train/pituitary/0825.jpg,train,pituitary,512,512,JPEG
train/pituitary/1033.jpg,train,pituitary,256,256,JPEG
train/pituitary/aug_92_0208.jpg,train,pituitary,512,512,JPEG
train/pituitary/0219.jpg,train,pituitary,512,512,JPEG
train/pituitary/0888.jpg,train,pituitary,512,512,JPEG
train/pituitary/1411.jpg,train,pituitary,512,512,JPEG
train/pituitary/0904.jpg,train,pituitary,512,512,JPEG
train/pituitary/0182.jpg,train,pituitary,512,512,JPEG
train/pituitary/1068.jpg,train,pituitary,512,512,JPEG
train/pituitary/0102.jpg,train,pituitary,512,512,JPEG
train/pituitary/aug_51_0014.jpg,train,pituitary,512,512,JPEG
train/pituitary/0873.jpg,train,pituitary,512,512,JPEG
train/pituitary/aug_163_1228.jpg,train,pituitary,512,512,JPEG
train/pituitary/0508.jpg,train,pituitary,512,512,JPEG
train/pituitary/0637.jpg,train,pituitary,512,512,JPEG
train/pituitary/1201.jpg,train,pituitary,512,512,JPEG
train/pituitary/aug_112_0565.jpg,train,pituitary,512,512,JPEG
train/pituitary/1515.jpg,train,pituitary,512,512,JPEG
train/pituitary/1401.jpg,train,pituitary,512,512,JPEG
train/pituitary/0402.jpg,train,pituitary,512,512,JPEG
train/pituitary/0328.jpg,train,pituitary,512,512,JPEG
train/pituitary/0948.jpg,train,pituitary,512,512,JPEG
train/pituitary/0537.jpg,train,pituitary,512,512,JPEG
train/pituitary/0071.jpg,train,pituitary,512,512,JPEG
train/pituitary/0026.jpg,train,pituitary,512,512,JPEG
train/pituitary/1507.jpg,train,pituitary,512,512,JPEG
train/pituitary/1488.jpg,train,pituitary,512,512,JPEG
train/pituitary/0958.jpg,train,pituitary,512,512,JPEG
train/pituitary/0097.jpg,train,pituitary,512,512,JPEG
train/pituitary/0390.jpg,train,pituitary,512,512,JPEG
train/pituitary/1412.jpg,train,pituitary,512,512,JPEG
train/pituitary/0394.jpg,train,pituitary,512,512,JPEG
train/pituitary/0793.jpg,train,pituitary,512,512,JPEG
train/pituitary/0396.jpg,train,pituitary,512,512,JPEG
train/pituitary/1649.jpg,train,pituitary,512,512,JPEG
train/pituitary/1254.jpg,train,pituitary,512,512,JPEG
train/pituitary/0790.jpg,train,pituitary,512,512,JPEG
train/pituitary/0327.jpg,train,pituitary,512,512,JPEG
train/pituitary/aug_63_0771.jpg,train,pituitary,512,512,JPEG
train/pituitary/0977.jpg,train,pituitary,512,512,JPEG
train/pituitary/0087.jpg,train,pituitary,512,512,JPEG
train/pituitary/1294.jpg,train,pituitary,512,512,JPEG
train/pituitary/1041.jpg,train,pituitary,512,512,JPEG
train/pituitary/aug_73_0397.jpg,train,pituitary,512,512,JPEG
train/pituitary/1485.jpg,train,pituitary,512,512,JPEG
train/pituitary/0643.jpg,train,pituitary,512,512,JPEG
train/pituitary/1012.jpg,train,pituitary,512,512,JPEG
train/pituitary/aug_86_1649.jpg,train,pituitary,512,512,JPEG
train/pituitary/1570.jpg,train,pituitary,512,512,JPEG
train/pituitary/0081.jpg,train,pituitary,512,512,JPEG
train/pituitary/1061.jpg,train,pituitary,512,512,JPEG
train/pituitary/0766.jpg,train,pituitary,512,512,JPEG
train/pituitary/0582.jpg,train,pituitary,512,512,JPEG
train/pituitary/1728.jpg,train,pituitary,512,512,JPEG
train/pituitary/0053.jpg,train,pituitary,512,512,JPEG
train/pituitary/0360.jpg,train,pituitary,512,512,JPEG
train/pituitary/0642.jpg,train,pituitary,512,512,JPEG
train/pituitary/0244.jpg,train,pituitary,512,512,JPEG
train/pituitary/0872.jpg,train,pituitary,512,512,JPEG
train/pituitary/0896.jpg,train,pituitary,512,512,JPEG
train/pituitary/0585.jpg,train,pituitary,512,512,JPEG
train/pituitary/1642.jpg,train,pituitary,512,512,JPEG
train/pituitary/1134.jpg,train,pituitary,512,512,JPEG
train/pituitary/0011.jpg,train,pituitary,512,512,JPEG
train/pituitary/1610.jpg,train,pituitary,512,512,JPEG
train/pituitary/0298.jpg,train,pituitary,512,512,JPEG
train/pituitary/1247.jpg,train,pituitary,512,512,JPEG
train/pituitary/0731.jpg,train,pituitary,512,512,JPEG
train/pituitary/aug_133_0925.jpg,train,pituitary,512,512,JPEG
train/pituitary/0744.jpg,train,pituitary,512,512,JPEG
train/pituitary/0059.jpg,train,pituitary,512,512,JPEG
train/pituitary/0897.jpg,train,pituitary,512,512,JPEG
train/pituitary/0930.jpg,train,pituitary,512,512,JPEG
train/pituitary/1442.jpg,train,pituitary,512,512,JPEG
train/pituitary/1262.jpg,train,pituitary,502,502,JPEG
train/pituitary/0619.jpg,train,pituitary,512,512,JPEG
train/pituitary/0031.jpg,train,pituitary,512,512,JPEG
train/pituitary/aug_43_1675.jpg,train,pituitary,512,512,JPEG
train/pituitary/0500.jpg,train,pituitary,512,512,JPEG
train/pituitary/1071.jpg,train,pituitary,512,512,JPEG
train/pituitary/0884.jpg,train,pituitary,512,512,JPEG
train/pituitary/1552.jpg,train,pituitary,512,512,JPEG
train/pituitary/aug_142_0934.jpg,train,pituitary,512,512,JPEG
train/pituitary/0794.jpg,train,pituitary,512,512,JPEG
train/pituitary/aug_4_0377.jpg,train,pituitary,512,512,JPEG
train/pituitary/0324.jpg,train,pituitary,512,512,JPEG
train/pituitary/0505.jpg,train,pituitary,512,512,JPEG
train/pituitary/0049.jpg,train,pituitary,512,512,JPEG
train/pituitary/0153.jpg,train,pituitary,512,512,JPEG
train/pituitary/1596.jpg,train,pituitary,512,512,JPEG
train/pituitary/1503.jpg,train,pituitary,512,512,JPEG
train/pituitary/1081.jpg,train,pituitary,512,512,JPEG
train/pituitary/0414.jpg,train,pituitary,512,512,JPEG
train/pituitary/0062.jpg,train,pituitary,512,512,JPEG
train/pituitary/aug_168_0314.jpg,train,pituitary,512,512,JPEG
train/pituitary/0313.jpg,train,pituitary,512,512,JPEG
train/pituitary/1162.jpg,train,pituitary,512,512,JPEG
train/pituitary/1644.jpg,train,pituitary,512,512,JPEG
train/pituitary/1682.jpg,train,pituitary,512,512,JPEG
train/pituitary/1654.jpg,train,pituitary,512,512,JPEG
train/pituitary/1237.jpg,train,pituitary,512,512,JPEG
train/pituitary/1748.jpg,train,pituitary,512,512,JPEG
train/pituitary/aug_15_1440.jpg,train,pituitary,512,512,JPEG
train/pituitary/aug_25_0549.jpg,train,pituitary,512,512,JPEG
train/pituitary/0371.jpg,train,pituitary,512,512,JPEG
train/pituitary/aug_55_0402.jpg,train,pituitary,512,512,JPEG
train/pituitary/aug_34_1731.jpg,train,pituitary,512,512,JPEG
train/pituitary/0616.jpg,train,pituitary,512,512,JPEG
train/pituitary/1217.jpg,train,pituitary,512,512,JPEG
train/pituitary/1508.jpg,train,pituitary,512,512,JPEG
train/pituitary/aug_71_0272.jpg,train,pituitary,512,512,JPEG
train/pituitary/0273.jpg,train,pituitary,512,512,JPEG
train/pituitary/0133.jpg,train,pituitary,512,512,JPEG
train/pituitary/1391.jpg,train,pituitary,512,512,JPEG
train/pituitary/0711.jpg,train,pituitary,512,512,JPEG
train/pituitary/1634.jpg,train,pituitary,512,512,JPEG
train/pituitary/1590.jpg,train,pituitary,512,512,JPEG
train/pituitary/1388.jpg,train,pituitary,512,512,JPEG
train/pituitary/0230.jpg,train,pituitary,512,512,JPEG
train/pituitary/1334.jpg,train,pituitary,512,512,JPEG
train/pituitary/0944.jpg,train,pituitary,512,512,JPEG
train/pituitary/1696.jpg,train,pituitary,512,512,JPEG
train/pituitary/0752.jpg,train,pituitary,512,512,JPEG
train/pituitary/aug_3_0990.jpg,train,pituitary,512,512,JPEG
train/pituitary/1287.jpg,train,pituitary,512,512,JPEG
train/pituitary/1675.jpg,train,pituitary,512,512,JPEG
train/pituitary/1620.jpg,train,pituitary,512,512,JPEG
train/pituitary/1653.jpg,train,pituitary,512,512,JPEG
train/pituitary/1233.jpg,train,pituitary,512,512,JPEG
train/pituitary/0304.jpg,train,pituitary,512,512,JPEG
train/pituitary/1384.jpg,train,pituitary,512,512,JPEG
train/pituitary/1023.jpg,train,pituitary,512,512,JPEG
train/pituitary/0698.jpg,train,pituitary,512,512,JPEG
train/pituitary/1555.jpg,train,pituitary,512,512,JPEG
train/pituitary/1687.jpg,train,pituitary,512,512,JPEG
train/pituitary/0520.jpg,train,pituitary,512,512,JPEG
train/pituitary/0311.jpg,train,pituitary,512,512,JPEG
train/pituitary/aug_170_0101.jpg,train,pituitary,512,512,JPEG
train/pituitary/aug_104_1658.jpg,train,pituitary,512,512,JPEG
train/pituitary/1357.jpg,train,pituitary,512,512,JPEG
train/pituitary/0208.jpg,train,pituitary,512,512,JPEG
train/pituitary/1324.jpg,train,pituitary,512,512,JPEG
train/pituitary/1057.jpg,train,pituitary,512,512,JPEG
train/pituitary/0073.jpg,train,pituitary,512,512,JPEG
train/pituitary/1370.jpg,train,pituitary,512,512,JPEG
train/pituitary/0107.jpg,train,pituitary,512,512,JPEG
train/pituitary/0137.jpg,train,pituitary,512,512,JPEG
train/pituitary/0442.jpg,train,pituitary,512,512,JPEG
train/pituitary/1164.jpg,train,pituitary,512,512,JPEG
train/pituitary/1688.jpg,train,pituitary,512,512,JPEG
train/pituitary/1636.jpg,train,pituitary,512,512,JPEG
train/pituitary/1616.jpg,train,pituitary,512,512,JPEG
train/pituitary/0982.jpg,train,pituitary,512,512,JPEG
train/pituitary/0903.jpg,train,pituitary,512,512,JPEG
train/pituitary/0413.jpg,train,pituitary,512,512,JPEG
train/pituitary/0507.jpg,train,pituitary,512,512,JPEG
train/pituitary/aug_13_0256.jpg,train,pituitary,512,512,JPEG
train/pituitary/1288.jpg,train,pituitary,512,512,JPEG
train/pituitary/1509.jpg,train,pituitary,512,512,JPEG
train/pituitary/0773.jpg,train,pituitary,512,512,JPEG
train/pituitary/1500.jpg,train,pituitary,512,512,JPEG
train/pituitary/1595.jpg,train,pituitary,512,512,JPEG
train/pituitary/0345.jpg,train,pituitary,512,512,JPEG
train/pituitary/0104.jpg,train,pituitary,512,512,JPEG
train/pituitary/1279.jpg,train,pituitary,512,512,JPEG
train/pituitary/0240.jpg,train,pituitary,512,512,JPEG
train/pituitary/0802.jpg,train,pituitary,512,512,JPEG
train/pituitary/0696.jpg,train,pituitary,512,512,JPEG
train/pituitary/0984.jpg,train,pituitary,512,512,JPEG
train/pituitary/0667.jpg,train,pituitary,512,512,JPEG
train/pituitary/0690.jpg,train,pituitary,512,512,JPEG
train/pituitary/0010.jpg,train,pituitary,512,512,JPEG
train/pituitary/1544.jpg,train,pituitary,512,512,JPEG
train/pituitary/aug_1_1431.jpg,train,pituitary,512,512,JPEG
train/pituitary/0549.jpg,train,pituitary,512,512,JPEG
train/pituitary/0828.jpg,train,pituitary,512,512,JPEG
train/pituitary/aug_42_0938.jpg,train,pituitary,512,512,JPEG
train/pituitary/1504.jpg,train,pituitary,512,512,JPEG
train/pituitary/1240.jpg,train,pituitary,512,512,JPEG
train/pituitary/aug_45_0491.jpg,train,pituitary,512,512,JPEG
train/pituitary/0375.jpg,train,pituitary,512,512,JPEG
train/pituitary/1093.jpg,train,pituitary,512,512,JPEG
train/pituitary/0732.jpg,train,pituitary,512,512,JPEG
train/pituitary/1140.jpg,train,pituitary,512,512,JPEG
train/pituitary/0194.jpg,train,pituitary,512,512,JPEG
train/pituitary/0439.jpg,train,pituitary,512,512,JPEG
train/pituitary/1551.jpg,train,pituitary,512,512,JPEG
train/pituitary/0496.jpg,train,pituitary,512,512,JPEG
train/pituitary/1557.jpg,train,pituitary,512,512,JPEG
train/pituitary/0687.jpg,train,pituitary,512,512,JPEG
train/pituitary/0618.jpg,train,pituitary,512,512,JPEG
train/pituitary/0125.jpg,train,pituitary,512,512,JPEG
train/pituitary/0920.jpg,train,pituitary,512,512,JPEG
train/pituitary/0174.jpg,train,pituitary,512,512,JPEG
train/pituitary/1744.jpg,train,pituitary,512,512,JPEG
train/pituitary/1077.jpg,train,pituitary,512,512,JPEG
train/pituitary/0275.jpg,train,pituitary,512,512,JPEG
train/pituitary/1067.jpg,train,pituitary,512,512,JPEG
train/pituitary/0956.jpg,train,pituitary,512,512,JPEG
train/pituitary/1397.jpg,train,pituitary,512,512,JPEG
train/pituitary/1009.jpg,train,pituitary,512,512,JPEG
train/pituitary/1297.jpg,train,pituitary,512,512,JPEG
train/pituitary/0261.jpg,train,pituitary,512,512,JPEG
train/pituitary/0309.jpg,train,pituitary,512,512,JPEG
train/pituitary/aug_20_1237.jpg,train,pituitary,512,512,JPEG
train/pituitary/0998.jpg,train,pituitary,512,512,JPEG
train/pituitary/0458.jpg,train,pituitary,512,512,JPEG
train/pituitary/1706.jpg,train,pituitary,512,512,JPEG
train/pituitary/0096.jpg,train,pituitary,512,512,JPEG
train/pituitary/1172.jpg,train,pituitary,512,512,JPEG
train/pituitary/aug_37_0757.jpg,train,pituitary,512,512,JPEG
train/pituitary/aug_84_0649.jpg,train,pituitary,512,512,JPEG
train/pituitary/0027.jpg,train,pituitary,512,512,JPEG
train/pituitary/1535.jpg,train,pituitary,512,512,JPEG
train/pituitary/1369.jpg,train,pituitary,512,512,JPEG
train/pituitary/aug_94_0036.jpg,train,pituitary,512,512,JPEG
train/pituitary/0365.jpg,train,pituitary,512,512,JPEG
train/pituitary/0860.jpg,train,pituitary,512,512,JPEG
train/pituitary/0480.jpg,train,pituitary,512,512,JPEG
train/pituitary/0316.jpg,train,pituitary,512,512,JPEG
train/pituitary/1179.jpg,train,pituitary,512,512,JPEG
train/pituitary/1176.jpg,train,pituitary,512,512,JPEG
train/pituitary/0218.jpg,train,pituitary,256,256,JPEG
train/pituitary/0499.jpg,train,pituitary,256,256,JPEG
train/pituitary/1096.jpg,train,pituitary,512,512,JPEG
train/pituitary/0482.jpg,train,pituitary,512,512,JPEG
train/pituitary/aug_9_0907.jpg,train,pituitary,512,512,JPEG
train/pituitary/0199.jpg,train,pituitary,512,512,JPEG
train/pituitary/aug_27_0813.jpg,train,pituitary,512,512,JPEG
train/pituitary/0665.jpg,train,pituitary,512,512,JPEG
train/pituitary/1619.jpg,train,pituitary,512,512,JPEG
train/pituitary/1339.jpg,train,pituitary,512,512,JPEG
train/pituitary/0666.jpg,train,pituitary,512,512,JPEG
train/pituitary/1454.jpg,train,pituitary,474,474,JPEG
train/pituitary/0493.jpg,train,pituitary,512,512,JPEG
train/pituitary/0456.jpg,train,pituitary,512,512,JPEG
train/pituitary/0326.jpg,train,pituitary,512,512,JPEG
train/pituitary/0149.jpg,train,pituitary,512,512,JPEG
train/pituitary/0758.jpg,train,pituitary,512,512,JPEG
train/pituitary/0238.jpg,train,pituitary,512,512,JPEG
train/pituitary/0131.jpg,train,pituitary,512,512,JPEG
train/pituitary/1015.jpg,train,pituitary,512,512,JPEG
train/pituitary/0622.jpg,train,pituitary,512,512,JPEG
train/pituitary/0912.jpg,train,pituitary,512,512,JPEG
train/pituitary/0918.jpg,train,pituitary,512,512,JPEG
train/pituitary/0525.jpg,train,pituitary,512,512,JPEG
train/pituitary/0943.jpg,train,pituitary,512,512,JPEG
train/pituitary/0831.jpg,train,pituitary,512,512,JPEG
train/pituitary/1470.jpg,train,pituitary,512,512,JPEG
train/pituitary/1213.jpg,train,pituitary,512,512,JPEG
train/pituitary/0265.jpg,train,pituitary,512,512,JPEG
train/pituitary/0572.jpg,train,pituitary,512,512,JPEG
train/pituitary/1065.jpg,train,pituitary,512,512,JPEG
train/pituitary/0398.jpg,train,pituitary,512,512,JPEG
train/pituitary/1492.jpg,train,pituitary,512,512,JPEG
train/pituitary/1562.jpg,train,pituitary,512,512,JPEG
train/pituitary/0533.jpg,train,pituitary,512,512,JPEG
train/pituitary/0625.jpg,train,pituitary,512,512,JPEG
train/pituitary/1366.jpg,train,pituitary,512,512,JPEG
train/pituitary/0339.jpg,train,pituitary,512,512,JPEG
train/pituitary/0312.jpg,train,pituitary,512,512,JPEG
train/pituitary/0323.jpg,train,pituitary,512,512,JPEG
train/pituitary/0161.jpg,train,pituitary,512,512,JPEG
train/pituitary/aug_52_0332.jpg,train,pituitary,512,512,JPEG
train/pituitary/1019.jpg,train,pituitary,512,512,JPEG
train/pituitary/1111.jpg,train,pituitary,512,512,JPEG
train/pituitary/0673.jpg,train,pituitary,512,512,JPEG
train/pituitary/1082.jpg,train,pituitary,512,512,JPEG
train/pituitary/0013.jpg,train,pituitary,512,512,JPEG
train/pituitary/1266.jpg,train,pituitary,512,512,JPEG
train/pituitary/0044.jpg,train,pituitary,512,512,JPEG
train/pituitary/0629.jpg,train,pituitary,512,512,JPEG
train/pituitary/0718.jpg,train,pituitary,512,512,JPEG
train/pituitary/1466.jpg,train,pituitary,512,512,JPEG
train/pituitary/0091.jpg,train,pituitary,512,512,JPEG
train/pituitary/0705.jpg,train,pituitary,512,512,JPEG
train/pituitary/0307.jpg,train,pituitary,512,512,JPEG
train/pituitary/1481.jpg,train,pituitary,512,512,JPEG
train/pituitary/0910.jpg,train,pituitary,512,512,JPEG
train/pituitary/aug_114_1294.jpg,train,pituitary,512,512,JPEG
train/pituitary/0299.jpg,train,pituitary,512,512,JPEG
train/pituitary/1048.jpg,train,pituitary,512,512,JPEG
train/pituitary/0889.jpg,train,pituitary,512,512,JPEG
train/pituitary/0118.jpg,train,pituitary,512,512,JPEG
train/pituitary/1538.jpg,train,pituitary,512,512,JPEG
train/pituitary/0522.jpg,train,pituitary,512,512,JPEG
train/pituitary/0932.jpg,train,pituitary,512,512,JPEG
train/pituitary/0842.jpg,train,pituitary,512,512,JPEG
train/pituitary/0703.jpg,train,pituitary,512,512,JPEG
train/pituitary/0975.jpg,train,pituitary,512,512,JPEG
train/pituitary/0891.jpg,train,pituitary,512,512,JPEG
train/pituitary/1076.jpg,train,pituitary,512,512,JPEG
train/pituitary/0330.jpg,train,pituitary,512,512,JPEG
train/pituitary/0150.jpg,train,pituitary,512,512,JPEG
train/pituitary/1035.jpg,train,pituitary,512,512,JPEG
train/pituitary/0575.jpg,train,pituitary,512,512,JPEG
train/pituitary/0029.jpg,train,pituitary,512,512,JPEG
train/pituitary/0967.jpg,train,pituitary,512,512,JPEG
train/pituitary/aug_146_1298.jpg,train,pituitary,512,512,JPEG
train/pituitary/0054.jpg,train,pituitary,512,512,JPEG
train/pituitary/1292.jpg,train,pituitary,512,512,JPEG
train/pituitary/0467.jpg,train,pituitary,512,512,JPEG
train/pituitary/aug_137_1723.jpg,train,pituitary,512,512,JPEG
train/pituitary/1725.jpg,train,pituitary,512,512,JPEG
train/pituitary/aug_41_0725.jpg,train,pituitary,512,512,JPEG
train/pituitary/1480.jpg,train,pituitary,512,512,JPEG
train/pituitary/1724.jpg,train,pituitary,512,512,JPEG
train/pituitary/1740.jpg,train,pituitary,512,512,JPEG
train/pituitary/1157.jpg,train,pituitary,512,512,JPEG
train/pituitary/0058.jpg,train,pituitary,512,512,JPEG
train/pituitary/1225.jpg,train,pituitary,512,512,JPEG
train/pituitary/0454.jpg,train,pituitary,512,512,JPEG
train/pituitary/0768.jpg,train,pituitary,512,512,JPEG
train/pituitary/0567.jpg,train,pituitary,512,512,JPEG
train/pituitary/0015.jpg,train,pituitary,512,512,JPEG
train/pituitary/0654.jpg,train,pituitary,512,512,JPEG
train/pituitary/aug_153_1694.jpg,train,pituitary,512,512,JPEG
train/pituitary/1566.jpg,train,pituitary,512,512,JPEG
train/pituitary/1435.jpg,train,pituitary,512,512,JPEG
train/pituitary/0214.jpg,train,pituitary,512,512,JPEG
train/pituitary/aug_56_0771.jpg,train,pituitary,512,512,JPEG
train/pituitary/1546.jpg,train,pituitary,512,512,JPEG
train/pituitary/1467.jpg,train,pituitary,512,512,JPEG
train/pituitary/0336.jpg,train,pituitary,512,512,JPEG
train/pituitary/1677.jpg,train,pituitary,512,512,JPEG
train/pituitary/0068.jpg,train,pituitary,512,512,JPEG
train/pituitary/0885.jpg,train,pituitary,512,512,JPEG
train/pituitary/0315.jpg,train,pituitary,512,512,JPEG
train/pituitary/0127.jpg,train,pituitary,512,512,JPEG
train/pituitary/0652.jpg,train,pituitary,512,512,JPEG
train/pituitary/1685.jpg,train,pituitary,512,512,JPEG
train/pituitary/1244.jpg,train,pituitary,512,512,JPEG
train/pituitary/1163.jpg,train,pituitary,512,512,JPEG
train/pituitary/aug_145_0347.jpg,train,pituitary,512,512,JPEG
train/pituitary/0156.jpg,train,pituitary,512,512,JPEG
train/pituitary/aug_138_1089.jpg,train,pituitary,512,512,JPEG
train/pituitary/1130.jpg,train,pituitary,512,512,JPEG
train/pituitary/1191.jpg,train,pituitary,512,512,JPEG
train/pituitary/1151.jpg,train,pituitary,512,512,JPEG
train/pituitary/0134.jpg,train,pituitary,512,512,JPEG
train/pituitary/1396.jpg,train,pituitary,512,512,JPEG
train/pituitary/1723.jpg,train,pituitary,512,512,JPEG
train/pituitary/1212.jpg,train,pituitary,512,512,JPEG
train/pituitary/1142.jpg,train,pituitary,512,512,JPEG
train/pituitary/aug_128_1440.jpg,train,pituitary,512,512,JPEG
train/pituitary/1004.jpg,train,pituitary,512,512,JPEG
train/pituitary/0253.jpg,train,pituitary,512,512,JPEG
train/pituitary/0887.jpg,train,pituitary,512,512,JPEG
train/pituitary/0940.jpg,train,pituitary,512,512,JPEG
train/pituitary/1274.jpg,train,pituitary,512,512,JPEG
train/pituitary/1501.jpg,train,pituitary,512,512,JPEG
train/pituitary/0649.jpg,train,pituitary,512,512,JPEG
train/pituitary/aug_103_0873.jpg,train,pituitary,512,512,JPEG
train/pituitary/1469.jpg,train,pituitary,512,512,JPEG
train/pituitary/1001.jpg,train,pituitary,512,512,JPEG
train/pituitary/0231.jpg,train,pituitary,512,512,JPEG
train/pituitary/0233.jpg,train,pituitary,512,512,JPEG
train/pituitary/1594.jpg,train,pituitary,512,512,JPEG
train/pituitary/0985.jpg,train,pituitary,512,512,JPEG
train/pituitary/0204.jpg,train,pituitary,512,512,JPEG
train/pituitary/0607.jpg,train,pituitary,512,512,JPEG
train/pituitary/aug_130_1451.jpg,train,pituitary,512,512,JPEG
train/pituitary/1141.jpg,train,pituitary,512,512,JPEG
train/pituitary/1520.jpg,train,pituitary,512,512,JPEG
train/pituitary/1207.jpg,train,pituitary,512,512,JPEG
train/pituitary/0392.jpg,train,pituitary,512,512,JPEG
train/pituitary/0946.jpg,train,pituitary,512,512,JPEG
train/pituitary/1270.jpg,train,pituitary,512,512,JPEG
train/pituitary/0332.jpg,train,pituitary,512,512,JPEG
train/pituitary/1524.jpg,train,pituitary,512,512,JPEG
train/pituitary/1716.jpg,train,pituitary,512,512,JPEG
train/pituitary/0070.jpg,train,pituitary,512,512,JPEG
train/pituitary/1223.jpg,train,pituitary,512,512,JPEG
train/pituitary/0379.jpg,train,pituitary,512,512,JPEG
train/pituitary/1554.jpg,train,pituitary,512,512,JPEG
train/pituitary/0735.jpg,train,pituitary,512,512,JPEG
train/pituitary/0726.jpg,train,pituitary,512,512,JPEG
train/pituitary/0121.jpg,train,pituitary,512,512,JPEG
train/pituitary/0290.jpg,train,pituitary,512,512,JPEG
train/pituitary/1025.jpg,train,pituitary,512,512,JPEG
train/pituitary/0913.jpg,train,pituitary,512,512,JPEG
train/pituitary/0942.jpg,train,pituitary,512,512,JPEG
train/pituitary/aug_46_0701.jpg,train,pituitary,512,512,JPEG
train/pituitary/1250.jpg,train,pituitary,512,512,JPEG
train/pituitary/1578.jpg,train,pituitary,512,512,JPEG
train/pituitary/1648.jpg,train,pituitary,512,512,JPEG
train/pituitary/0987.jpg,train,pituitary,512,512,JPEG
train/pituitary/0961.jpg,train,pituitary,512,512,JPEG
train/pituitary/1667.jpg,train,pituitary,512,512,JPEG
train/pituitary/1720.jpg,train,pituitary,512,512,JPEG
train/pituitary/1377.jpg,train,pituitary,512,512,JPEG
train/pituitary/1553.jpg,train,pituitary,512,512,JPEG
train/pituitary/0164.jpg,train,pituitary,512,512,JPEG
train/pituitary/1474.jpg,train,pituitary,512,512,JPEG
train/pituitary/0263.jpg,train,pituitary,512,512,JPEG
train/pituitary/0710.jpg,train,pituitary,512,512,JPEG
train/pituitary/1662.jpg,train,pituitary,512,512,JPEG
train/pituitary/1381.jpg,train,pituitary,512,512,JPEG
train/pituitary/0938.jpg,train,pituitary,512,512,JPEG
train/pituitary/1393.jpg,train,pituitary,512,512,JPEG
train/pituitary/1046.jpg,train,pituitary,512,512,JPEG
train/pituitary/1075.jpg,train,pituitary,512,512,JPEG
train/pituitary/1222.jpg,train,pituitary,512,512,JPEG
train/pituitary/1468.jpg,train,pituitary,512,512,JPEG
train/pituitary/0772.jpg,train,pituitary,512,512,JPEG
train/pituitary/0444.jpg,train,pituitary,512,512,JPEG
train/pituitary/1119.jpg,train,pituitary,512,512,JPEG
train/pituitary/aug_66_1179.jpg,train,pituitary,512,512,JPEG
train/pituitary/0063.jpg,train,pituitary,512,512,JPEG
train/pituitary/aug_38_0133.jpg,train,pituitary,512,512,JPEG
train/pituitary/0353.jpg,train,pituitary,512,512,JPEG
train/pituitary/aug_89_1661.jpg,train,pituitary,512,512,JPEG
train/pituitary/0322.jpg,train,pituitary,512,512,JPEG
train/pituitary/1598.jpg,train,pituitary,512,512,JPEG
train/pituitary/1618.jpg,train,pituitary,512,512,JPEG
train/pituitary/0207.jpg,train,pituitary,512,512,JPEG
train/pituitary/1052.jpg,train,pituitary,512,512,JPEG
train/pituitary/0679.jpg,train,pituitary,512,512,JPEG
train/pituitary/1625.jpg,train,pituitary,512,512,JPEG
train/pituitary/1139.jpg,train,pituitary,512,512,JPEG
train/pituitary/1559.jpg,train,pituitary,512,512,JPEG
val/glioma/0783.jpg,val,glioma,512,512,JPEG
val/glioma/1607.jpg,val,glioma,512,512,JPEG
val/glioma/0227.jpg,val,glioma,512,512,JPEG
val/glioma/0921.jpg,val,glioma,512,512,JPEG
val/glioma/0578.jpg,val,glioma,512,512,JPEG
val/glioma/0078.jpg,val,glioma,512,512,JPEG
val/glioma/0615.jpg,val,glioma,512,512,JPEG
val/glioma/0373.jpg,val,glioma,512,512,JPEG
val/glioma/0738.jpg,val,glioma,512,512,JPEG
val/glioma/0592.jpg,val,glioma,512,512,JPEG
val/glioma/0192.jpg,val,glioma,512,512,JPEG
val/glioma/0006.jpg,val,glioma,512,512,JPEG
val/glioma/1227.jpg,val,glioma,512,512,JPEG
val/glioma/1486.jpg,val,glioma,512,512,JPEG
val/glioma/0704.jpg,val,glioma,512,512,JPEG
val/glioma/0782.jpg,val,glioma,512,512,JPEG
val/glioma/0635.jpg,val,glioma,512,512,JPEG
val/glioma/0211.jpg,val,glioma,512,512,JPEG
val/glioma/0799.jpg,val,glioma,512,512,JPEG
val/glioma/0949.jpg,val,glioma,512,512,JPEG
val/glioma/1094.jpg,val,glioma,512,512,JPEG
val/glioma/0334.jpg,val,glioma,512,512,JPEG
val/glioma/0895.jpg,val,glioma,512,512,JPEG
val/glioma/0148.jpg,val,glioma,512,512,JPEG
val/glioma/0620.jpg,val,glioma,512,512,JPEG
val/glioma/0021.jpg,val,glioma,512,512,JPEG
val/glioma/0561.jpg,val,glioma,512,512,JPEG
val/glioma/1416.jpg,val,glioma,512,512,JPEG
val/glioma/1313.jpg,val,glioma,512,512,JPEG
val/glioma/0743.jpg,val,glioma,512,512,JPEG
val/glioma/1283.jpg,val,glioma,512,512,JPEG
val/glioma/1530.jpg,val,glioma,512,512,JPEG
val/glioma/0682.jpg,val,glioma,512,512,JPEG
val/glioma/1038.jpg,val,glioma,512,512,JPEG
val/glioma/1265.jpg,val,glioma,512,512,JPEG
val/glioma/0269.jpg,val,glioma,512,512,JPEG
val/glioma/0706.jpg,val,glioma,512,512,JPEG
val/glioma/0181.jpg,val,glioma,512,512,JPEG
val/glioma/1006.jpg,val,glioma,512,512,JPEG
val/glioma/0014.jpg,val,glioma,512,512,JPEG
val/glioma/0551.jpg,val,glioma,512,512,JPEG
val/glioma/0320.jpg,val,glioma,512,512,JPEG
val/glioma/0725.jpg,val,glioma,512,512,JPEG
val/glioma/0388.jpg,val,glioma,512,512,JPEG
val/glioma/1440.jpg,val,glioma,512,512,JPEG
val/glioma/0778.jpg,val,glioma,512,512,JPEG
val/glioma/1441.jpg,val,glioma,512,512,JPEG
val/glioma/0088.jpg,val,glioma,512,512,JPEG
val/glioma/0419.jpg,val,glioma,512,512,JPEG
val/glioma/0755.jpg,val,glioma,512,512,JPEG
val/glioma/1446.jpg,val,glioma,512,512,JPEG
val/glioma/0502.jpg,val,glioma,512,512,JPEG
val/glioma/1123.jpg,val,glioma,512,512,JPEG
val/glioma/0426.jpg,val,glioma,512,512,JPEG
val/glioma/1305.jpg,val,glioma,512,512,JPEG
val/glioma/1489.jpg,val,glioma,512,512,JPEG
val/glioma/0924.jpg,val,glioma,512,512,JPEG
val/glioma/0784.jpg,val,glioma,512,512,JPEG
val/glioma/0847.jpg,val,glioma,512,512,JPEG
val/glioma/0163.jpg,val,glioma,512,512,JPEG
val/glioma/1418.jpg,val,glioma,512,512,JPEG
val/glioma/1611.jpg,val,glioma,512,512,JPEG
val/glioma/1301.jpg,val,glioma,512,512,JPEG
val/glioma/0065.jpg,val,glioma,512,512,JPEG
val/glioma/0338.jpg,val,glioma,512,512,JPEG
val/glioma/0878.jpg,val,glioma,512,512,JPEG
val/glioma/0503.jpg,val,glioma,512,512,JPEG
val/glioma/1445.jpg,val,glioma,512,512,JPEG
val/glioma/0844.jpg,val,glioma,512,512,JPEG
val/glioma/1402.jpg,val,glioma,512,512,JPEG
val/glioma/0809.jpg,val,glioma,512,512,JPEG
val/glioma/1122.jpg,val,glioma,512,512,JPEG
val/glioma/1064.jpg,val,glioma,512,512,JPEG
val/glioma/0661.jpg,val,glioma,512,512,JPEG
val/glioma/0927.jpg,val,glioma,512,512,JPEG
val/glioma/0513.jpg,val,glioma,512,512,JPEG
val/glioma/1113.jpg,val,glioma,512,512,JPEG
val/glioma/0604.jpg,val,glioma,512,512,JPEG
val/glioma/0762.jpg,val,glioma,512,512,JPEG
val/glioma/1361.jpg,val,glioma,512,512,JPEG
val/glioma/1290.jpg,val,glioma,512,512,JPEG
val/glioma/0120.jpg,val,glioma,512,512,JPEG
val/glioma/0179.jpg,val,glioma,512,512,JPEG
val/glioma/0476.jpg,val,glioma,512,512,JPEG
val/glioma/1260.jpg,val,glioma,512,512,JPEG
val/glioma/1275.jpg,val,glioma,512,512,JPEG
val/glioma/0084.jpg,val,glioma,512,512,JPEG
val/glioma/0514.jpg,val,glioma,512,512,JPEG
val/glioma/0001.jpg,val,glioma,512,512,JPEG
val/glioma/0756.jpg,val,glioma,512,512,JPEG
val/glioma/0753.jpg,val,glioma,512,512,JPEG
val/glioma/1302.jpg,val,glioma,512,512,JPEG
val/glioma/0670.jpg,val,glioma,512,512,JPEG
val/glioma/1478.jpg,val,glioma,512,512,JPEG
val/glioma/0890.jpg,val,glioma,512,512,JPEG
val/glioma/0122.jpg,val,glioma,512,512,JPEG
val/glioma/1129.jpg,val,glioma,512,512,JPEG
val/glioma/0362.jpg,val,glioma,512,512,JPEG
val/glioma/0855.jpg,val,glioma,512,512,JPEG
val/glioma/0262.jpg,val,glioma,512,512,JPEG
val/glioma/0627.jpg,val,glioma,512,512,JPEG
val/glioma/1137.jpg,val,glioma,512,512,JPEG
val/glioma/0713.jpg,val,glioma,512,512,JPEG
val/glioma/0581.jpg,val,glioma,512,512,JPEG
val/glioma/0461.jpg,val,glioma,512,512,JPEG
val/glioma/1298.jpg,val,glioma,512,512,JPEG
val/glioma/1295.jpg,val,glioma,512,512,JPEG
val/glioma/0970.jpg,val,glioma,512,512,JPEG
val/glioma/1498.jpg,val,glioma,512,512,JPEG
val/glioma/1264.jpg,val,glioma,512,512,JPEG
val/glioma/0198.jpg,val,glioma,512,512,JPEG
val/glioma/0498.jpg,val,glioma,512,512,JPEG
val/glioma/1045.jpg,val,glioma,512,512,JPEG
val/glioma/0241.jpg,val,glioma,512,512,JPEG
val/glioma/0730.jpg,val,glioma,512,512,JPEG
val/glioma/0626.jpg,val,glioma,512,512,JPEG
val/glioma/0686.jpg,val,glioma,512,512,JPEG
val/glioma/0674.jpg,val,glioma,512,512,JPEG
val/glioma/0110.jpg,val,glioma,512,512,JPEG
val/glioma/0412.jpg,val,glioma,512,512,JPEG
val/glioma/1512.jpg,val,glioma,512,512,JPEG
val/glioma/0489.jpg,val,glioma,512,512,JPEG
val/glioma/0045.jpg,val,glioma,512,512,JPEG
val/glioma/0252.jpg,val,glioma,512,512,JPEG
val/glioma/0541.jpg,val,glioma,512,512,JPEG
val/glioma/0301.jpg,val,glioma,512,512,JPEG
val/glioma/0483.jpg,val,glioma,512,512,JPEG
val/glioma/1020.jpg,val,glioma,512,512,JPEG
val/glioma/0979.jpg,val,glioma,512,512,JPEG
val/glioma/1406.jpg,val,glioma,512,512,JPEG
val/glioma/1394.jpg,val,glioma,512,512,JPEG
val/glioma/1569.jpg,val,glioma,512,512,JPEG
val/glioma/0749.jpg,val,glioma,512,512,JPEG
val/glioma/1577.jpg,val,glioma,512,512,JPEG
val/glioma/0075.jpg,val,glioma,512,512,JPEG
val/glioma/1332.jpg,val,glioma,512,512,JPEG
val/glioma/0176.jpg,val,glioma,512,512,JPEG
val/glioma/1597.jpg,val,glioma,512,512,JPEG
val/glioma/1609.jpg,val,glioma,512,512,JPEG
val/glioma/1452.jpg,val,glioma,512,512,JPEG
val/glioma/1092.jpg,val,glioma,512,512,JPEG
val/glioma/0040.jpg,val,glioma,512,512,JPEG
val/glioma/0593.jpg,val,glioma,512,512,JPEG
val/glioma/0723.jpg,val,glioma,512,512,JPEG
val/glioma/1448.jpg,val,glioma,512,512,JPEG
val/glioma/0050.jpg,val,glioma,512,512,JPEG
val/glioma/0510.jpg,val,glioma,512,512,JPEG
val/glioma/1277.jpg,val,glioma,512,512,JPEG
val/glioma/0126.jpg,val,glioma,512,512,JPEG
val/glioma/0101.jpg,val,glioma,512,512,JPEG
val/glioma/1404.jpg,val,glioma,512,512,JPEG
val/glioma/0130.jpg,val,glioma,512,512,JPEG
val/glioma/0702.jpg,val,glioma,512,512,JPEG
val/glioma/0877.jpg,val,glioma,512,512,JPEG
val/glioma/0736.jpg,val,glioma,512,512,JPEG
val/glioma/0082.jpg,val,glioma,512,512,JPEG
val/glioma/0951.jpg,val,glioma,512,512,JPEG
val/glioma/1439.jpg,val,glioma,512,512,JPEG
val/glioma/1089.jpg,val,glioma,512,512,JPEG
val/glioma/1153.jpg,val,glioma,512,512,JPEG
val/glioma/1317.jpg,val,glioma,512,512,JPEG
val/glioma/0197.jpg,val,glioma,512,512,JPEG
val/glioma/0700.jpg,val,glioma,512,512,JPEG
val/glioma/0692.jpg,val,glioma,512,512,JPEG
val/glioma/1497.jpg,val,glioma,512,512,JPEG
val/glioma/0229.jpg,val,glioma,512,512,JPEG
val/glioma/0645.jpg,val,glioma,512,512,JPEG
val/glioma/1461.jpg,val,glioma,512,512,JPEG
val/glioma/1027.jpg,val,glioma,512,512,JPEG
val/glioma/1327.jpg,val,glioma,512,512,JPEG
val/glioma/0870.jpg,val,glioma,512,512,JPEG
val/glioma/0142.jpg,val,glioma,512,512,JPEG
val/glioma/0823.jpg,val,glioma,512,512,JPEG
val/glioma/0751.jpg,val,glioma,512,512,JPEG
val/glioma/0566.jpg,val,glioma,512,512,JPEG
val/glioma/1315.jpg,val,glioma,512,512,JPEG
val/glioma/0443.jpg,val,glioma,512,512,JPEG
val/glioma/0759.jpg,val,glioma,512,512,JPEG
val/glioma/1255.jpg,val,glioma,512,512,JPEG
val/glioma/0347.jpg,val,glioma,512,512,JPEG
val/glioma/1415.jpg,val,glioma,512,512,JPEG
val/glioma/0836.jpg,val,glioma,512,512,JPEG
val/glioma/0803.jpg,val,glioma,512,512,JPEG
val/glioma/1549.jpg,val,glioma,512,512,JPEG
val/glioma/0485.jpg,val,glioma,512,512,JPEG
val/glioma/1568.jpg,val,glioma,512,512,JPEG
val/glioma/0914.jpg,val,glioma,512,512,JPEG
val/glioma/1548.jpg,val,glioma,512,512,JPEG
val/glioma/0279.jpg,val,glioma,512,512,JPEG
val/glioma/1408.jpg,val,glioma,512,512,JPEG
val/glioma/0553.jpg,val,glioma,512,512,JPEG
val/glioma/0960.jpg,val,glioma,512,512,JPEG
val/glioma/0922.jpg,val,glioma,512,512,JPEG
val/glioma/1165.jpg,val,glioma,512,512,JPEG
val/glioma/1104.jpg,val,glioma,512,512,JPEG
val/glioma/1615.jpg,val,glioma,512,512,JPEG
val/glioma/0540.jpg,val,glioma,512,512,JPEG
val/glioma/0830.jpg,val,glioma,512,512,JPEG
val/glioma/0092.jpg,val,glioma,512,512,JPEG
val/glioma/0560.jpg,val,glioma,512,512,JPEG
val/glioma/1241.jpg,val,glioma,512,512,JPEG
val/glioma/0945.jpg,val,glioma,512,512,JPEG
val/glioma/0168.jpg,val,glioma,512,512,JPEG
val/glioma/0000.jpg,val,glioma,512,512,JPEG
val/glioma/0608.jpg,val,glioma,512,512,JPEG
val/glioma/0285.jpg,val,glioma,512,512,JPEG
val/glioma/0662.jpg,val,glioma,512,512,JPEG
val/glioma/0504.jpg,val,glioma,512,512,JPEG
val/glioma/0907.jpg,val,glioma,512,512,JPEG
val/glioma/1236.jpg,val,glioma,512,512,JPEG
val/glioma/0584.jpg,val,glioma,512,512,JPEG
val/glioma/0588.jpg,val,glioma,512,512,JPEG
val/glioma/1272.jpg,val,glioma,512,512,JPEG
val/glioma/1311.jpg,val,glioma,512,512,JPEG
val/glioma/1581.jpg,val,glioma,512,512,JPEG
val/glioma/1591.jpg,val,glioma,512,512,JPEG
val/glioma/0524.jpg,val,glioma,512,512,JPEG
val/glioma/0742.jpg,val,glioma,512,512,JPEG
val/glioma/1131.jpg,val,glioma,512,512,JPEG
val/glioma/0603.jpg,val,glioma,512,512,JPEG
val/glioma/0106.jpg,val,glioma,512,512,JPEG
val/glioma/0170.jpg,val,glioma,512,512,JPEG
val/glioma/0228.jpg,val,glioma,512,512,JPEG
val/glioma/0182.jpg,val,glioma,512,512,JPEG
val/glioma/0349.jpg,val,glioma,512,512,JPEG
val/glioma/0873.jpg,val,glioma,512,512,JPEG
val/glioma/0508.jpg,val,glioma,512,512,JPEG
val/glioma/1533.jpg,val,glioma,512,512,JPEG
val/glioma/0637.jpg,val,glioma,512,512,JPEG
val/glioma/1515.jpg,val,glioma,512,512,JPEG
val/glioma/1604.jpg,val,glioma,512,512,JPEG
val/glioma/0948.jpg,val,glioma,512,512,JPEG
val/glioma/0071.jpg,val,glioma,512,512,JPEG
val/glioma/0958.jpg,val,glioma,512,512,JPEG
val/glioma/0394.jpg,val,glioma,512,512,JPEG
val/glioma/0977.jpg,val,glioma,512,512,JPEG
val/glioma/1294.jpg,val,glioma,512,512,JPEG
val/glioma/0582.jpg,val,glioma,512,512,JPEG
val/glioma/0244.jpg,val,glioma,512,512,JPEG
val/glioma/0872.jpg,val,glioma,512,512,JPEG
val/glioma/1610.jpg,val,glioma,512,512,JPEG
val/glioma/1247.jpg,val,glioma,512,512,JPEG
val/glioma/1442.jpg,val,glioma,512,512,JPEG
val/glioma/1262.jpg,val,glioma,512,512,JPEG
val/glioma/0792.jpg,val,glioma,512,512,JPEG
val/glioma/0505.jpg,val,glioma,512,512,JPEG
val/glioma/0678.jpg,val,glioma,512,512,JPEG
val/glioma/0720.jpg,val,glioma,512,512,JPEG
val/glioma/1185.jpg,val,glioma,512,512,JPEG
val/glioma/0273.jpg,val,glioma,512,512,JPEG
val/glioma/0711.jpg,val,glioma,512,512,JPEG
val/glioma/0752.jpg,val,glioma,512,512,JPEG
val/glioma/0304.jpg,val,glioma,512,512,JPEG
val/glioma/0698.jpg,val,glioma,512,512,JPEG
val/glioma/1588.jpg,val,glioma,512,512,JPEG
val/glioma/0838.jpg,val,glioma,512,512,JPEG
val/glioma/0037.jpg,val,glioma,512,512,JPEG
val/glioma/1057.jpg,val,glioma,512,512,JPEG
val/glioma/0137.jpg,val,glioma,512,512,JPEG
val/glioma/1616.jpg,val,glioma,512,512,JPEG
val/glioma/1509.jpg,val,glioma,512,512,JPEG
val/glioma/0240.jpg,val,glioma,512,512,JPEG
val/glioma/0667.jpg,val,glioma,512,512,JPEG
val/glioma/1504.jpg,val,glioma,512,512,JPEG
val/glioma/1240.jpg,val,glioma,512,512,JPEG
val/glioma/0375.jpg,val,glioma,512,512,JPEG
val/glioma/0496.jpg,val,glioma,512,512,JPEG
val/glioma/1557.jpg,val,glioma,512,512,JPEG
val/glioma/0687.jpg,val,glioma,512,512,JPEG
val/glioma/0920.jpg,val,glioma,512,512,JPEG
val/glioma/0217.jpg,val,glioma,512,512,JPEG
val/glioma/1009.jpg,val,glioma,512,512,JPEG
val/glioma/0261.jpg,val,glioma,512,512,JPEG
val/glioma/0436.jpg,val,glioma,512,512,JPEG
val/glioma/0027.jpg,val,glioma,512,512,JPEG
val/glioma/1293.jpg,val,glioma,512,512,JPEG
val/glioma/0516.jpg,val,glioma,512,512,JPEG
val/glioma/0316.jpg,val,glioma,512,512,JPEG
val/glioma/0218.jpg,val,glioma,512,512,JPEG
val/glioma/0340.jpg,val,glioma,512,512,JPEG
val/glioma/0378.jpg,val,glioma,512,512,JPEG
val/glioma/0495.jpg,val,glioma,512,512,JPEG
val/glioma/0912.jpg,val,glioma,512,512,JPEG
val/glioma/0356.jpg,val,glioma,512,512,JPEG
val/glioma/0689.jpg,val,glioma,512,512,JPEG
val/glioma/1111.jpg,val,glioma,512,512,JPEG
val/glioma/0039.jpg,val,glioma,512,512,JPEG
val/glioma/0718.jpg,val,glioma,512,512,JPEG
val/glioma/1466.jpg,val,glioma,512,512,JPEG
val/glioma/1481.jpg,val,glioma,512,512,JPEG
val/glioma/1048.jpg,val,glioma,512,512,JPEG
val/glioma/0647.jpg,val,glioma,512,512,JPEG
val/glioma/0171.jpg,val,glioma,512,512,JPEG
val/glioma/0932.jpg,val,glioma,512,512,JPEG
val/glioma/0346.jpg,val,glioma,512,512,JPEG
val/glioma/1076.jpg,val,glioma,512,512,JPEG
val/glioma/1035.jpg,val,glioma,512,512,JPEG
val/glioma/1292.jpg,val,glioma,512,512,JPEG
val/glioma/0409.jpg,val,glioma,512,512,JPEG
val/glioma/1243.jpg,val,glioma,512,512,JPEG
val/glioma/0567.jpg,val,glioma,512,512,JPEG
val/glioma/1546.jpg,val,glioma,512,512,JPEG
val/glioma/0300.jpg,val,glioma,512,512,JPEG
val/glioma/1160.jpg,val,glioma,512,512,JPEG
val/glioma/0253.jpg,val,glioma,512,512,JPEG
val/glioma/1464.jpg,val,glioma,512,512,JPEG
val/glioma/0812.jpg,val,glioma,512,512,JPEG
val/glioma/0231.jpg,val,glioma,512,512,JPEG
val/glioma/1207.jpg,val,glioma,512,512,JPEG
val/glioma/0332.jpg,val,glioma,512,512,JPEG
val/glioma/1524.jpg,val,glioma,512,512,JPEG
val/glioma/1554.jpg,val,glioma,512,512,JPEG
val/glioma/0726.jpg,val,glioma,512,512,JPEG
val/glioma/1025.jpg,val,glioma,512,512,JPEG
val/glioma/0942.jpg,val,glioma,512,512,JPEG
val/glioma/0055.jpg,val,glioma,512,512,JPEG
val/glioma/0987.jpg,val,glioma,512,512,JPEG
val/glioma/0961.jpg,val,glioma,512,512,JPEG
val/glioma/0466.jpg,val,glioma,512,512,JPEG
val/glioma/1381.jpg,val,glioma,512,512,JPEG
val/glioma/1379.jpg,val,glioma,512,512,JPEG
val/glioma/0444.jpg,val,glioma,512,512,JPEG
val/glioma/1618.jpg,val,glioma,512,512,JPEG
val/glioma/1586.jpg,val,glioma,512,512,JPEG
val/healthy/0292.jpg,val,healthy,225,225,JPEG
val/healthy/0568.jpg,val,healthy,235,214,JPEG
val/healthy/0531.jpg,val,healthy,232,217,JPEG
val/healthy/1417.jpg,val,healthy,192,192,JPEG
val/healthy/1109.jpg,val,healthy,420,280,JPEG
val/healthy/1545.jpg,val,healthy,300,168,JPEG
val/healthy/0192.jpg,val,healthy,228,221,JPEG
val/healthy/1721.jpg,val,healthy,504,540,JPEG
val/healthy/1227.jpg,val,healthy,442,454,JPEG
val/healthy/1702.jpg,val,healthy,236,300,JPEG
val/healthy/0646.jpg,val,healthy,416,512,JPEG
val/healthy/1486.jpg,val,healthy,630,630,JPEG
val/healthy/0459.jpg,val,healthy,232,217,JPEG
val/healthy/0080.jpg,val,healthy,442,442,JPEG
val/healthy/0663.jpg,val,healthy,220,275,JPEG
val/healthy/0635.jpg,val,healthy,228,221,JPEG
val/healthy/0989.jpg,val,healthy,600,519,JPEG
val/healthy/0668.jpg,val,healthy,196,257,JPEG
val/healthy/1752.jpg,val,healthy,150,198,JPEG
val/healthy/1830.jpg,val,healthy,234,225,JPEG
val/healthy/1536.jpg,val,healthy,512,512,JPEG
val/healthy/0148.jpg,val,healthy,225,225,JPEG
val/healthy/1756.jpg,val,healthy,236,236,JPEG
val/healthy/0620.jpg,val,healthy,300,168,JPEG
val/healthy/0021.jpg,val,healthy,630,630,JPEG
val/healthy/1476.jpg,val,healthy,215,234,JPEG
val/healthy/1459.jpg,val,healthy,356,474,JPEG
val/healthy/1028.jpg,val,healthy,420,280,JPEG
val/healthy/1530.jpg,val,healthy,225,225,JPEG
val/healthy/1265.jpg,val,healthy,630,630,JPEG
val/healthy/1699.jpg,val,healthy,380,530,JPEG
val/healthy/0468.jpg,val,healthy,236,236,JPEG
val/healthy/0269.jpg,val,healthy,207,243,JPEG
val/healthy/1229.jpg,val,healthy,630,630,JPEG
val/healthy/0215.jpg,val,healthy,150,198,JPEG
val/healthy/0933.jpg,val,healthy,262,244,JPEG
val/healthy/0014.jpg,val,healthy,550,664,JPEG
val/healthy/1587.jpg,val,healthy,630,630,JPEG
val/healthy/1495.jpg,val,healthy,208,217,JPEG
val/healthy/0931.jpg,val,healthy,442,442,JPEG
val/healthy/0393.jpg,val,healthy,227,222,JPEG
val/healthy/0277.jpg,val,healthy,275,301,JPEG
val/healthy/0388.jpg,val,healthy,218,231,JPEG
val/healthy/1083.jpg,val,healthy,356,474,JPEG
val/healthy/0088.jpg,val,healthy,200,252,JPEG
val/healthy/0337.jpg,val,healthy,339,340,JPEG
val/healthy/0419.jpg,val,healthy,236,309,JPEG
val/healthy/1460.jpg,val,healthy,236,240,JPEG
val/healthy/1446.jpg,val,healthy,201,250,JPEG
val/healthy/1121.jpg,val,healthy,201,251,JPEG
val/healthy/0992.jpg,val,healthy,201,250,JPEG
val/healthy/0659.jpg,val,healthy,227,262,JPEG
val/healthy/1216.jpg,val,healthy,230,282,JPEG
val/healthy/1148.jpg,val,healthy,215,234,JPEG
val/healthy/1420.jpg,val,healthy,800,693,JPEG
val/healthy/0866.jpg,val,healthy,350,350,JPEG
val/healthy/0632.jpg,val,healthy,173,201,JPEG
val/healthy/0064.jpg,val,healthy,225,225,JPEG
val/healthy/0162.jpg,val,healthy,300,168,JPEG
val/healthy/0639.jpg,val,healthy,300,168,JPEG
val/healthy/0574.jpg,val,healthy,225,225,JPEG
val/healthy/0655.jpg,val,healthy,225,225,JPEG
val/healthy/1946.jpg,val,healthy,276,326,JPEG
val/healthy/1301.jpg,val,healthy,236,300,JPEG
val/healthy/1645.jpg,val,healthy,214,236,JPEG
val/healthy/0587.jpg,val,healthy,206,244,JPEG
val/healthy/1763.jpg,val,healthy,235,228,JPEG
val/healthy/1958.jpg,val,healthy,225,225,JPEG
val/healthy/1624.jpg,val,healthy,236,251,JPEG
val/healthy/0361.jpg,val,healthy,259,194,JPEG
val/healthy/0878.jpg,val,healthy,442,454,JPEG
val/healthy/1673.jpg,val,healthy,220,275,JPEG
val/healthy/0343.jpg,val,healthy,201,251,JPEG
val/healthy/0829.jpg,val,healthy,1000,583,JPEG
val/healthy/0418.jpg,val,healthy,400,442,JPEG
val/healthy/1284.jpg,val,healthy,192,192,JPEG
val/healthy/1924.jpg,val,healthy,225,259,JPEG
val/healthy/0354.jpg,val,healthy,234,225,JPEG
val/healthy/0844.jpg,val,healthy,336,380,JPEG
val/healthy/0809.jpg,val,healthy,225,225,JPEG
val/healthy/1053.jpg,val,healthy,201,251,JPEG
val/healthy/0927.jpg,val,healthy,409,442,JPEG
val/healthy/0513.jpg,val,healthy,630,630,JPEG
val/healthy/1113.jpg,val,healthy,206,244,JPEG
val/healthy/1794.jpg,val,healthy,630,630,JPEG
val/healthy/1518.jpg,val,healthy,225,225,JPEG
val/healthy/1750.jpg,val,healthy,206,244,JPEG
val/healthy/0819.jpg,val,healthy,228,221,JPEG
val/healthy/0609.jpg,val,healthy,225,225,JPEG
val/healthy/0023.jpg,val,healthy,225,225,JPEG
val/healthy/1275.jpg,val,healthy,225,225,JPEG
val/healthy/1306.jpg,val,healthy,428,417,JPEG
val/healthy/0769.jpg,val,healthy,300,168,JPEG
val/healthy/0389.jpg,val,healthy,201,251,JPEG
val/healthy/0562.jpg,val,healthy,200,243,JPEG
val/healthy/0184.jpg,val,healthy,630,630,JPEG
val/healthy/0867.jpg,val,healthy,232,217,JPEG
val/healthy/0084.jpg,val,healthy,225,225,JPEG
val/healthy/0518.jpg,val,healthy,225,225,JPEG
val/healthy/0463.jpg,val,healthy,225,225,JPEG
val/healthy/1956.jpg,val,healthy,212,238,JPEG
val/healthy/1815.jpg,val,healthy,218,231,JPEG
val/healthy/1643.jpg,val,healthy,201,251,JPEG
val/healthy/1767.jpg,val,healthy,225,225,JPEG
val/healthy/0122.jpg,val,healthy,225,225,JPEG
val/healthy/0034.jpg,val,healthy,235,214,JPEG
val/healthy/1189.jpg,val,healthy,235,261,JPEG
val/healthy/0362.jpg,val,healthy,232,217,JPEG
val/healthy/0025.jpg,val,healthy,512,512,JPEG
val/healthy/1137.jpg,val,healthy,225,225,JPEG
val/healthy/0221.jpg,val,healthy,220,212,JPEG
val/healthy/0350.jpg,val,healthy,225,225,JPEG
val/healthy/1775.jpg,val,healthy,234,218,JPEG
val/healthy/0069.jpg,val,healthy,225,225,JPEG
val/healthy/0713.jpg,val,healthy,228,221,JPEG
val/healthy/1766.jpg,val,healthy,236,236,JPEG
val/healthy/1298.jpg,val,healthy,225,225,JPEG
val/healthy/0235.jpg,val,healthy,225,225,JPEG
val/healthy/0970.jpg,val,healthy,468,444,JPEG
val/healthy/1959.jpg,val,healthy,236,251,JPEG
val/healthy/0366.jpg,val,healthy,225,225,JPEG
val/healthy/1008.jpg,val,healthy,192,192,JPEG
val/healthy/0786.jpg,val,healthy,218,231,JPEG
val/healthy/0400.jpg,val,healthy,442,442,JPEG
val/healthy/0344.jpg,val,healthy,201,250,JPEG
val/healthy/1378.jpg,val,healthy,177,197,JPEG
val/healthy/0591.jpg,val,healthy,225,225,JPEG
val/healthy/0686.jpg,val,healthy,225,225,JPEG
val/healthy/1238.jpg,val,healthy,200,252,JPEG
val/healthy/1299.jpg,val,healthy,630,630,JPEG
val/healthy/1126.jpg,val,healthy,236,236,JPEG
val/healthy/1633.jpg,val,healthy,207,243,JPEG
val/healthy/0994.jpg,val,healthy,336,380,JPEG
val/healthy/0996.jpg,val,healthy,225,225,JPEG
val/healthy/0205.jpg,val,healthy,206,244,JPEG
val/healthy/0042.jpg,val,healthy,441,442,JPEG
val/healthy/1801.jpg,val,healthy,236,236,JPEG
val/healthy/0541.jpg,val,healthy,502,513,JPEG
val/healthy/1962.jpg,val,healthy,227,222,JPEG
val/healthy/0270.jpg,val,healthy,630,630,JPEG
val/healthy/0041.jpg,val,healthy,728,725,JPEG
val/healthy/1666.jpg,val,healthy,300,168,JPEG
val/healthy/1195.jpg,val,healthy,420,280,JPEG
val/healthy/0979.jpg,val,healthy,200,252,JPEG
val/healthy/1747.jpg,val,healthy,201,251,JPEG
val/healthy/1355.jpg,val,healthy,215,234,JPEG
val/healthy/1569.jpg,val,healthy,428,417,JPEG
val/healthy/1927.jpg,val,healthy,218,231,JPEG
val/healthy/1537.jpg,val,healthy,275,301,JPEG
val/healthy/1608.jpg,val,healthy,428,417,JPEG
val/healthy/1786.jpg,val,healthy,234,225,JPEG
val/healthy/0579.jpg,val,healthy,236,201,JPEG
val/healthy/0834.jpg,val,healthy,212,238,JPEG
val/healthy/0284.jpg,val,healthy,212,222,JPEG
val/healthy/1991.jpg,val,healthy,236,236,JPEG
val/healthy/0226.jpg,val,healthy,206,244,JPEG
val/healthy/0224.jpg,val,healthy,227,222,JPEG
val/healthy/1697.jpg,val,healthy,314,260,JPEG
val/healthy/1831.jpg,val,healthy,208,242,JPEG
val/healthy/1609.jpg,val,healthy,227,222,JPEG
val/healthy/0487.jpg,val,healthy,550,664,JPEG
val/healthy/1541.jpg,val,healthy,230,282,JPEG
val/healthy/0213.jpg,val,healthy,208,242,JPEG
val/healthy/1842.jpg,val,healthy,177,197,JPEG
val/healthy/1908.jpg,val,healthy,205,214,JPEG
val/healthy/1670.jpg,val,healthy,228,221,JPEG
val/healthy/1239.jpg,val,healthy,225,225,JPEG
val/healthy/1450.jpg,val,healthy,236,236,JPEG
val/healthy/0771.jpg,val,healthy,218,231,JPEG
val/healthy/0510.jpg,val,healthy,441,442,JPEG
val/healthy/1637.jpg,val,healthy,630,630,JPEG
val/healthy/1245.jpg,val,healthy,622,777,JPEG
val/healthy/0018.jpg,val,healthy,236,223,JPEG
val/healthy/1310.jpg,val,healthy,225,225,JPEG
val/healthy/1883.jpg,val,healthy,420,280,JPEG
val/healthy/1617.jpg,val,healthy,228,221,JPEG
val/healthy/1248.jpg,val,healthy,680,680,JPEG
val/healthy/0995.jpg,val,healthy,468,444,JPEG
val/healthy/0305.jpg,val,healthy,227,222,JPEG
val/healthy/1575.jpg,val,healthy,227,262,JPEG
val/healthy/1783.jpg,val,healthy,225,225,JPEG
val/healthy/0220.jpg,val,healthy,173,201,JPEG
val/healthy/1571.jpg,val,healthy,200,210,JPEG
val/healthy/0951.jpg,val,healthy,400,442,JPEG
val/healthy/1439.jpg,val,healthy,387,469,JPEG
val/healthy/1937.jpg,val,healthy,201,251,JPEG
val/healthy/1829.jpg,val,healthy,228,221,JPEG
val/healthy/0817.jpg,val,healthy,227,262,JPEG
val/healthy/0862.jpg,val,healthy,208,242,JPEG
val/healthy/0494.jpg,val,healthy,235,214,JPEG
val/healthy/1514.jpg,val,healthy,206,244,JPEG
val/healthy/0700.jpg,val,healthy,200,252,JPEG
val/healthy/1286.jpg,val,healthy,215,234,JPEG
val/healthy/1117.jpg,val,healthy,225,225,JPEG
val/healthy/0692.jpg,val,healthy,201,250,JPEG
val/healthy/1827.jpg,val,healthy,173,201,JPEG
val/healthy/0295.jpg,val,healthy,232,217,JPEG
val/healthy/1745.jpg,val,healthy,218,231,JPEG
val/healthy/1159.jpg,val,healthy,201,250,JPEG
val/healthy/0512.jpg,val,healthy,236,260,JPEG
val/healthy/0469.jpg,val,healthy,411,501,JPEG
val/healthy/1027.jpg,val,healthy,216,293,JPEG
val/healthy/0894.jpg,val,healthy,225,225,JPEG
val/healthy/1502.jpg,val,healthy,428,417,JPEG
val/healthy/1150.jpg,val,healthy,236,270,JPEG
val/healthy/1356.jpg,val,healthy,218,231,JPEG
val/healthy/0128.jpg,val,healthy,236,236,JPEG
val/healthy/0869.jpg,val,healthy,359,449,JPEG
val/healthy/0210.jpg,val,healthy,428,417,JPEG
val/healthy/0555.jpg,val,healthy,206,244,JPEG
val/healthy/0443.jpg,val,healthy,630,630,JPEG
val/healthy/1774.jpg,val,healthy,208,242,JPEG
val/healthy/1874.jpg,val,healthy,208,248,JPEG
val/healthy/1998.jpg,val,healthy,236,236,JPEG
val/healthy/1255.jpg,val,healthy,629,585,JPEG
val/healthy/0114.jpg,val,healthy,225,259,JPEG
val/healthy/0836.jpg,val,healthy,232,217,JPEG
val/healthy/0140.jpg,val,healthy,225,225,JPEG
val/healthy/1483.jpg,val,healthy,420,280,JPEG
val/healthy/1564.jpg,val,healthy,227,222,JPEG
val/healthy/1549.jpg,val,healthy,201,250,JPEG
val/healthy/0420.jpg,val,healthy,235,227,JPEG
val/healthy/0708.jpg,val,healthy,630,630,JPEG
val/healthy/0914.jpg,val,healthy,300,168,JPEG
val/healthy/1693.jpg,val,healthy,428,417,JPEG
val/healthy/1897.jpg,val,healthy,208,217,JPEG
val/healthy/0922.jpg,val,healthy,1024,830,JPEG
val/healthy/0611.jpg,val,healthy,215,234,JPEG
val/healthy/1165.jpg,val,healthy,276,326,JPEG
val/healthy/0638.jpg,val,healthy,215,234,JPEG
val/healthy/1615.jpg,val,healthy,234,218,JPEG
val/healthy/1040.jpg,val,healthy,278,253,JPEG
val/healthy/0865.jpg,val,healthy,215,234,JPEG
val/healthy/0099.jpg,val,healthy,208,242,JPEG
val/healthy/0168.jpg,val,healthy,225,225,JPEG
val/healthy/0331.jpg,val,healthy,350,350,JPEG
val/healthy/0429.jpg,val,healthy,207,243,JPEG
val/healthy/0395.jpg,val,healthy,393,400,JPEG
val/healthy/1395.jpg,val,healthy,356,474,JPEG
val/healthy/1944.jpg,val,healthy,225,225,JPEG
val/healthy/1528.jpg,val,healthy,235,244,JPEG
val/healthy/0662.jpg,val,healthy,630,630,JPEG
val/healthy/0584.jpg,val,healthy,504,488,JPEG
val/healthy/0929.jpg,val,healthy,227,222,JPEG
val/healthy/1622.jpg,val,healthy,428,417,JPEG
val/healthy/0849.jpg,val,healthy,350,350,JPEG
val/healthy/0602.jpg,val,healthy,150,198,JPEG
val/healthy/1272.jpg,val,healthy,196,257,JPEG
val/healthy/1923.jpg,val,healthy,504,540,JPEG
val/healthy/1857.jpg,val,healthy,206,244,JPEG
val/healthy/0571.jpg,val,healthy,225,225,JPEG
val/healthy/1050.jpg,val,healthy,350,393,JPEG
val/healthy/0524.jpg,val,healthy,225,225,JPEG
val/healthy/0287.jpg,val,healthy,201,251,JPEG
val/healthy/0438.jpg,val,healthy,275,183,JPEG
val/healthy/1867.jpg,val,healthy,225,225,JPEG
val/healthy/1700.jpg,val,healthy,192,192,JPEG
val/healthy/0586.jpg,val,healthy,225,225,JPEG
val/healthy/0827.jpg,val,healthy,227,300,JPEG
val/healthy/1770.jpg,val,healthy,400,442,JPEG
val/healthy/0170.jpg,val,healthy,225,225,JPEG
val/healthy/0481.jpg,val,healthy,225,225,JPEG
val/healthy/0888.jpg,val,healthy,225,225,JPEG
val/healthy/0182.jpg,val,healthy,227,222,JPEG
val/healthy/1068.jpg,val,healthy,630,630,JPEG
val/healthy/0102.jpg,val,healthy,225,225,JPEG
val/healthy/1734.jpg,val,healthy,642,361,JPEG
val/healthy/1533.jpg,val,healthy,500,500,JPEG
val/healthy/0537.jpg,val,healthy,236,295,JPEG
val/healthy/0071.jpg,val,healthy,227,222,JPEG
val/healthy/0097.jpg,val,healthy,926,649,JPEG
val/healthy/0390.jpg,val,healthy,680,680,JPEG
val/healthy/1513.jpg,val,healthy,225,225,JPEG
val/healthy/0327.jpg,val,healthy,442,442,JPEG
val/healthy/1294.jpg,val,healthy,201,251,JPEG
val/healthy/1570.jpg,val,healthy,630,630,JPEG
val/healthy/1061.jpg,val,healthy,215,234,JPEG
val/healthy/0360.jpg,val,healthy,201,250,JPEG
val/healthy/0872.jpg,val,healthy,225,225,JPEG
val/healthy/0896.jpg,val,healthy,442,442,JPEG
val/healthy/0585.jpg,val,healthy,225,225,JPEG
val/healthy/1642.jpg,val,healthy,442,442,JPEG
val/healthy/1657.jpg,val,healthy,227,262,JPEG
val/healthy/1610.jpg,val,healthy,200,252,JPEG
val/healthy/0731.jpg,val,healthy,504,540,JPEG
val/healthy/1552.jpg,val,healthy,236,232,JPEG
val/healthy/0324.jpg,val,healthy,227,222,JPEG
val/healthy/1596.jpg,val,healthy,393,400,JPEG
val/healthy/0678.jpg,val,healthy,232,217,JPEG
val/healthy/1256.jpg,val,healthy,232,217,JPEG
val/healthy/0371.jpg,val,healthy,232,217,JPEG
val/healthy/1185.jpg,val,healthy,206,244,JPEG
val/healthy/1590.jpg,val,healthy,225,225,JPEG
val/healthy/1816.jpg,val,healthy,235,227,JPEG
val/healthy/0944.jpg,val,healthy,652,600,JPEG
val/healthy/0752.jpg,val,healthy,225,225,JPEG
val/healthy/1675.jpg,val,healthy,420,280,JPEG
val/healthy/0490.jpg,val,healthy,442,442,JPEG
val/healthy/1333.jpg,val,healthy,468,444,JPEG
val/healthy/0267.jpg,val,healthy,236,220,JPEG
val/healthy/1588.jpg,val,healthy,225,225,JPEG
val/healthy/1555.jpg,val,healthy,630,630,JPEG
val/healthy/0838.jpg,val,healthy,630,630,JPEG
val/healthy/1872.jpg,val,healthy,208,242,JPEG
val/healthy/0137.jpg,val,healthy,320,344,JPEG
val/healthy/0539.jpg,val,healthy,236,257,JPEG
val/healthy/1164.jpg,val,healthy,331,406,JPEG
val/healthy/0413.jpg,val,healthy,201,251,JPEG
val/healthy/1595.jpg,val,healthy,236,218,JPEG
val/healthy/0240.jpg,val,healthy,236,228,JPEG
val/healthy/1614.jpg,val,healthy,236,236,JPEG
val/healthy/1557.jpg,val,healthy,206,244,JPEG
val/healthy/0217.jpg,val,healthy,192,192,JPEG
val/healthy/1280.jpg,val,healthy,227,222,JPEG
val/healthy/1297.jpg,val,healthy,225,225,JPEG
val/healthy/0261.jpg,val,healthy,208,242,JPEG
val/healthy/0436.jpg,val,healthy,150,198,JPEG
val/healthy/1296.jpg,val,healthy,400,442,JPEG
val/healthy/1303.jpg,val,healthy,225,225,JPEG
val/healthy/1778.jpg,val,healthy,235,227,JPEG
val/healthy/0027.jpg,val,healthy,225,225,JPEG
val/healthy/0860.jpg,val,healthy,225,225,JPEG
val/healthy/0246.jpg,val,healthy,225,225,JPEG
val/healthy/0516.jpg,val,healthy,512,512,JPEG
val/healthy/0316.jpg,val,healthy,200,200,JPEG
val/healthy/0479.jpg,val,healthy,236,257,JPEG
val/healthy/1176.jpg,val,healthy,1000,583,JPEG
val/healthy/0482.jpg,val,healthy,173,201,JPEG
val/healthy/0199.jpg,val,healthy,393,400,JPEG
val/healthy/0378.jpg,val,healthy,359,449,JPEG
val/healthy/0421.jpg,val,healthy,208,242,JPEG
val/healthy/0495.jpg,val,healthy,225,225,JPEG
val/healthy/0758.jpg,val,healthy,825,832,JPEG
val/healthy/0131.jpg,val,healthy,225,225,JPEG
val/healthy/0622.jpg,val,healthy,235,257,JPEG
val/healthy/0356.jpg,val,healthy,225,225,JPEG
val/healthy/1135.jpg,val,healthy,468,444,JPEG
val/healthy/0831.jpg,val,healthy,225,225,JPEG
val/healthy/0265.jpg,val,healthy,233,210,JPEG
val/healthy/0398.jpg,val,healthy,200,252,JPEG
val/healthy/0013.jpg,val,healthy,205,214,JPEG
val/healthy/1466.jpg,val,healthy,630,630,JPEG
val/healthy/0307.jpg,val,healthy,300,168,JPEG
val/healthy/1481.jpg,val,healthy,201,251,JPEG
val/healthy/0150.jpg,val,healthy,236,357,JPEG
val/healthy/0029.jpg,val,healthy,227,262,JPEG
val/healthy/1480.jpg,val,healthy,393,400,JPEG
val/healthy/0058.jpg,val,healthy,442,442,JPEG
val/healthy/1225.jpg,val,healthy,600,605,JPEG
val/healthy/0779.jpg,val,healthy,234,224,JPEG
val/healthy/0454.jpg,val,healthy,225,225,JPEG
val/healthy/1435.jpg,val,healthy,194,259,JPEG
val/healthy/1467.jpg,val,healthy,225,225,JPEG
val/healthy/0336.jpg,val,healthy,201,251,JPEG
val/healthy/1677.jpg,val,healthy,468,444,JPEG
val/healthy/0068.jpg,val,healthy,225,225,JPEG
val/healthy/1348.jpg,val,healthy,212,238,JPEG
val/healthy/1382.jpg,val,healthy,416,512,JPEG
val/healthy/0652.jpg,val,healthy,225,225,JPEG
val/healthy/1685.jpg,val,healthy,442,442,JPEG
val/healthy/0156.jpg,val,healthy,220,275,JPEG
val/healthy/1191.jpg,val,healthy,234,225,JPEG
val/healthy/1987.jpg,val,healthy,194,259,JPEG
val/healthy/1992.jpg,val,healthy,200,243,JPEG
val/healthy/0300.jpg,val,healthy,359,449,JPEG
val/healthy/1142.jpg,val,healthy,224,262,JPEG
val/healthy/0289.jpg,val,healthy,208,242,JPEG
val/healthy/1160.jpg,val,healthy,225,225,JPEG
val/healthy/1274.jpg,val,healthy,256,256,JPEG
val/healthy/0003.jpg,val,healthy,192,192,JPEG
val/healthy/0633.jpg,val,healthy,321,351,JPEG
val/healthy/1945.jpg,val,healthy,275,183,JPEG
val/healthy/0141.jpg,val,healthy,227,262,JPEG
val/healthy/1464.jpg,val,healthy,680,680,JPEG
val/healthy/0812.jpg,val,healthy,235,215,JPEG
val/healthy/1001.jpg,val,healthy,630,630,JPEG
val/healthy/1594.jpg,val,healthy,225,225,JPEG
val/healthy/1889.jpg,val,healthy,173,201,JPEG
val/healthy/0985.jpg,val,healthy,442,454,JPEG
val/healthy/0204.jpg,val,healthy,236,236,JPEG
val/healthy/0607.jpg,val,healthy,355,452,JPEG
val/healthy/1141.jpg,val,healthy,206,244,JPEG
val/healthy/1524.jpg,val,healthy,212,238,JPEG
val/healthy/0735.jpg,val,healthy,236,236,JPEG
val/healthy/0942.jpg,val,healthy,225,225,JPEG
val/healthy/1250.jpg,val,healthy,233,208,JPEG
val/healthy/1578.jpg,val,healthy,232,217,JPEG
val/healthy/1648.jpg,val,healthy,201,251,JPEG
val/healthy/1667.jpg,val,healthy,225,225,JPEG
val/healthy/1963.jpg,val,healthy,225,225,JPEG
val/healthy/1075.jpg,val,healthy,380,530,JPEG
val/healthy/1468.jpg,val,healthy,236,213,JPEG
val/healthy/0444.jpg,val,healthy,853,480,JPEG
val/healthy/0353.jpg,val,healthy,220,275,JPEG
val/healthy/0322.jpg,val,healthy,428,417,JPEG
val/healthy/1052.jpg,val,healthy,380,530,JPEG
val/healthy/1625.jpg,val,healthy,150,198,JPEG
val/healthy/1559.jpg,val,healthy,201,250,JPEG
val/healthy/0733.jpg,val,healthy,212,280,JPEG
val/meningioma/0783.jpg,val,meningioma,374,370,JPEG
val/meningioma/0292.jpg,val,meningioma,512,512,JPEG
val/meningioma/1438.jpg,val,meningioma,512,512,JPEG
val/meningioma/0004.jpg,val,meningioma,512,512,JPEG
val/meningioma/0078.jpg,val,meningioma,512,512,JPEG
val/meningioma/0615.jpg,val,meningioma,512,512,JPEG
val/meningioma/0738.jpg,val,meningioma,512,512,JPEG
val/meningioma/0472.jpg,val,meningioma,512,512,JPEG
val/meningioma/1336.jpg,val,meningioma,512,512,JPEG
val/meningioma/0192.jpg,val,meningioma,264,336,JPEG
val/meningioma/1592.jpg,val,meningioma,512,512,JPEG
val/meningioma/0423.jpg,val,meningioma,554,554,JPEG
val/meningioma/0196.jpg,val,meningioma,512,512,JPEG
val/meningioma/1603.jpg,val,meningioma,512,512,JPEG
val/meningioma/0577.jpg,val,meningioma,512,512,JPEG
val/meningioma/1186.jpg,val,meningioma,512,512,JPEG
val/meningioma/1602.jpg,val,meningioma,512,512,JPEG
val/meningioma/0668.jpg,val,meningioma,512,512,JPEG
val/meningioma/1572.jpg,val,meningioma,512,512,JPEG
val/meningioma/0949.jpg,val,meningioma,512,512,JPEG
val/meningioma/0016.jpg,val,meningioma,512,512,JPEG
val/meningioma/1102.jpg,val,meningioma,512,512,JPEG
val/meningioma/1094.jpg,val,meningioma,512,512,JPEG
val/meningioma/0258.jpg,val,meningioma,512,512,JPEG
val/meningioma/1499.jpg,val,meningioma,512,512,JPEG
val/meningioma/1523.jpg,val,meningioma,512,512,JPEG
val/meningioma/0314.jpg,val,meningioma,512,512,JPEG
val/meningioma/0561.jpg,val,meningioma,225,225,JPEG
val/meningioma/1313.jpg,val,meningioma,512,512,JPEG
val/meningioma/1341.jpg,val,meningioma,512,512,JPEG
val/meningioma/0900.jpg,val,meningioma,512,512,JPEG
val/meningioma/0805.jpg,val,meningioma,512,512,JPEG
val/meningioma/0297.jpg,val,meningioma,512,512,JPEG
val/meningioma/1283.jpg,val,meningioma,512,512,JPEG
val/meningioma/1038.jpg,val,meningioma,512,512,JPEG
val/meningioma/1229.jpg,val,meningioma,512,512,JPEG
val/meningioma/1547.jpg,val,meningioma,512,512,JPEG
val/meningioma/0212.jpg,val,meningioma,416,395,JPEG
val/meningioma/0973.jpg,val,meningioma,512,512,JPEG
val/meningioma/0200.jpg,val,meningioma,234,216,JPEG
val/meningioma/1374.jpg,val,meningioma,200,223,JPEG
val/meningioma/1145.jpg,val,meningioma,512,512,JPEG
val/meningioma/0428.jpg,val,meningioma,512,512,JPEG
val/meningioma/0180.jpg,val,meningioma,512,512,JPEG
val/meningioma/0035.jpg,val,meningioma,512,512,JPEG
val/meningioma/1144.jpg,val,meningioma,512,512,JPEG
val/meningioma/1108.jpg,val,meningioma,512,512,JPEG
val/meningioma/0191.jpg,val,meningioma,512,512,JPEG
val/meningioma/0451.jpg,val,meningioma,512,512,JPEG
val/meningioma/0159.jpg,val,meningioma,254,325,JPEG
val/meningioma/1083.jpg,val,meningioma,512,512,JPEG
val/meningioma/1472.jpg,val,meningioma,314,195,JPEG
val/meningioma/1036.jpg,val,meningioma,512,512,JPEG
val/meningioma/0902.jpg,val,meningioma,512,512,JPEG
val/meningioma/0502.jpg,val,meningioma,512,512,JPEG
val/meningioma/0116.jpg,val,meningioma,512,512,JPEG
val/meningioma/0372.jpg,val,meningioma,512,512,JPEG
val/meningioma/1556.jpg,val,meningioma,455,500,JPEG
val/meningioma/0685.jpg,val,meningioma,512,512,JPEG
val/meningioma/0924.jpg,val,meningioma,512,512,JPEG
val/meningioma/0526.jpg,val,meningioma,512,512,JPEG
val/meningioma/0163.jpg,val,meningioma,512,512,JPEG
val/meningioma/1345.jpg,val,meningioma,512,512,JPEG
val/meningioma/0587.jpg,val,meningioma,512,512,JPEG
val/meningioma/1086.jpg,val,meningioma,512,512,JPEG
val/meningioma/1047.jpg,val,meningioma,512,512,JPEG
val/meningioma/0089.jpg,val,meningioma,369,395,JPEG
val/meningioma/0789.jpg,val,meningioma,512,512,JPEG
val/meningioma/0988.jpg,val,meningioma,512,512,JPEG
val/meningioma/1363.jpg,val,meningioma,512,512,JPEG
val/meningioma/1073.jpg,val,meningioma,512,512,JPEG
val/meningioma/1445.jpg,val,meningioma,512,512,JPEG
val/meningioma/0829.jpg,val,meningioma,512,512,JPEG
val/meningioma/1187.jpg,val,meningioma,512,512,JPEG
val/meningioma/1053.jpg,val,meningioma,512,512,JPEG
val/meningioma/1612.jpg,val,meningioma,257,307,JPEG
val/meningioma/0036.jpg,val,meningioma,512,512,JPEG
val/meningioma/1246.jpg,val,meningioma,512,512,JPEG
val/meningioma/1518.jpg,val,meningioma,512,512,JPEG
val/meningioma/0707.jpg,val,meningioma,512,512,JPEG
val/meningioma/1034.jpg,val,meningioma,512,512,JPEG
val/meningioma/0762.jpg,val,meningioma,206,249,JPEG
val/meningioma/0251.jpg,val,meningioma,512,512,JPEG
val/meningioma/0023.jpg,val,meningioma,512,512,JPEG
val/meningioma/1000.jpg,val,meningioma,512,512,JPEG
val/meningioma/1306.jpg,val,meningioma,512,512,JPEG
val/meningioma/0389.jpg,val,meningioma,512,512,JPEG
val/meningioma/0562.jpg,val,meningioma,512,512,JPEG
val/meningioma/0184.jpg,val,meningioma,512,512,JPEG
val/meningioma/0084.jpg,val,meningioma,512,512,JPEG
val/meningioma/0554.jpg,val,meningioma,512,512,JPEG
val/meningioma/0986.jpg,val,meningioma,507,605,JPEG
val/meningioma/0715.jpg,val,meningioma,512,512,JPEG
val/meningioma/1478.jpg,val,meningioma,512,512,JPEG
val/meningioma/0890.jpg,val,meningioma,512,512,JPEG
val/meningioma/1129.jpg,val,meningioma,512,512,JPEG
val/meningioma/1014.jpg,val,meningioma,512,512,JPEG
val/meningioma/0747.jpg,val,meningioma,512,512,JPEG
val/meningioma/1189.jpg,val,meningioma,512,512,JPEG
val/meningioma/0855.jpg,val,meningioma,512,512,JPEG
val/meningioma/0259.jpg,val,meningioma,512,512,JPEG
val/meningioma/1137.jpg,val,meningioma,512,512,JPEG
val/meningioma/1116.jpg,val,meningioma,512,512,JPEG
val/meningioma/0221.jpg,val,meningioma,306,306,JPEG
val/meningioma/1091.jpg,val,meningioma,512,512,JPEG
val/meningioma/0713.jpg,val,meningioma,256,256,JPEG
val/meningioma/1005.jpg,val,meningioma,512,512,JPEG
val/meningioma/1101.jpg,val,meningioma,455,500,JPEG
val/meningioma/1479.jpg,val,meningioma,512,512,JPEG
val/meningioma/0056.jpg,val,meningioma,512,512,JPEG
val/meningioma/1249.jpg,val,meningioma,200,223,JPEG
val/meningioma/0498.jpg,val,meningioma,210,240,JPEG
val/meningioma/0216.jpg,val,meningioma,512,512,JPEG
val/meningioma/1097.jpg,val,meningioma,512,512,JPEG
val/meningioma/0728.jpg,val,meningioma,512,512,JPEG
val/meningioma/1314.jpg,val,meningioma,512,512,JPEG
val/meningioma/0110.jpg,val,meningioma,512,512,JPEG
val/meningioma/0450.jpg,val,meningioma,295,394,JPEG
val/meningioma/1221.jpg,val,meningioma,512,512,JPEG
val/meningioma/0558.jpg,val,meningioma,512,512,JPEG
val/meningioma/1512.jpg,val,meningioma,209,241,JPEG
val/meningioma/0489.jpg,val,meningioma,512,512,JPEG
val/meningioma/0445.jpg,val,meningioma,512,512,JPEG
val/meningioma/0042.jpg,val,meningioma,512,512,JPEG
val/meningioma/1088.jpg,val,meningioma,512,512,JPEG
val/meningioma/0041.jpg,val,meningioma,512,512,JPEG
val/meningioma/0154.jpg,val,meningioma,512,512,JPEG
val/meningioma/0841.jpg,val,meningioma,512,512,JPEG
val/meningioma/1406.jpg,val,meningioma,204,249,JPEG
val/meningioma/1537.jpg,val,meningioma,512,512,JPEG
val/meningioma/1608.jpg,val,meningioma,512,512,JPEG
val/meningioma/0834.jpg,val,meningioma,323,342,JPEG
val/meningioma/1639.jpg,val,meningioma,512,512,JPEG
val/meningioma/0284.jpg,val,meningioma,512,512,JPEG
val/meningioma/0410.jpg,val,meningioma,512,512,JPEG
val/meningioma/0185.jpg,val,meningioma,512,512,JPEG
val/meningioma/0879.jpg,val,meningioma,512,512,JPEG
val/meningioma/0764.jpg,val,meningioma,208,243,JPEG
val/meningioma/1609.jpg,val,meningioma,411,396,JPEG
val/meningioma/1541.jpg,val,meningioma,313,393,JPEG
val/meningioma/1452.jpg,val,meningioma,206,245,JPEG
val/meningioma/1007.jpg,val,meningioma,512,512,JPEG
val/meningioma/0515.jpg,val,meningioma,512,512,JPEG
val/meningioma/0545.jpg,val,meningioma,512,512,JPEG
val/meningioma/0745.jpg,val,meningioma,512,512,JPEG
val/meningioma/1458.jpg,val,meningioma,219,234,JPEG
val/meningioma/1239.jpg,val,meningioma,512,512,JPEG
val/meningioma/1092.jpg,val,meningioma,512,512,JPEG
val/meningioma/0908.jpg,val,meningioma,512,512,JPEG
val/meningioma/1318.jpg,val,meningioma,512,512,JPEG
val/meningioma/1072.jpg,val,meningioma,512,512,JPEG
val/meningioma/1309.jpg,val,meningioma,512,512,JPEG
val/meningioma/0797.jpg,val,meningioma,512,512,JPEG
val/meningioma/1300.jpg,val,meningioma,645,439,JPEG
val/meningioma/0452.jpg,val,meningioma,512,512,JPEG
val/meningioma/1316.jpg,val,meningioma,512,512,JPEG
val/meningioma/0702.jpg,val,meningioma,512,512,JPEG
val/meningioma/0005.jpg,val,meningioma,512,512,JPEG
val/meningioma/0288.jpg,val,meningioma,512,512,JPEG
val/meningioma/0877.jpg,val,meningioma,512,512,JPEG
val/meningioma/0736.jpg,val,meningioma,512,512,JPEG
val/meningioma/0305.jpg,val,meningioma,512,512,JPEG
val/meningioma/1575.jpg,val,meningioma,512,512,JPEG
val/meningioma/0915.jpg,val,meningioma,512,512,JPEG
val/meningioma/0047.jpg,val,meningioma,512,512,JPEG
val/meningioma/1177.jpg,val,meningioma,512,512,JPEG
val/meningioma/0835.jpg,val,meningioma,512,512,JPEG
val/meningioma/1439.jpg,val,meningioma,512,512,JPEG
val/meningioma/0740.jpg,val,meningioma,209,241,JPEG
val/meningioma/0917.jpg,val,meningioma,512,512,JPEG
val/meningioma/1089.jpg,val,meningioma,512,512,JPEG
val/meningioma/1368.jpg,val,meningioma,205,251,JPEG
val/meningioma/1153.jpg,val,meningioma,512,512,JPEG
val/meningioma/0057.jpg,val,meningioma,512,512,JPEG
val/meningioma/0367.jpg,val,meningioma,512,512,JPEG
val/meningioma/1286.jpg,val,meningioma,512,512,JPEG
val/meningioma/0881.jpg,val,meningioma,512,512,JPEG
val/meningioma/0519.jpg,val,meningioma,512,512,JPEG
val/meningioma/1210.jpg,val,meningioma,512,512,JPEG
val/meningioma/0464.jpg,val,meningioma,512,512,JPEG
val/meningioma/1560.jpg,val,meningioma,512,512,JPEG
val/meningioma/1320.jpg,val,meningioma,512,512,JPEG
val/meningioma/0376.jpg,val,meningioma,512,512,JPEG
val/meningioma/0229.jpg,val,meningioma,512,512,JPEG
val/meningioma/0511.jpg,val,meningioma,512,512,JPEG
val/meningioma/0598.jpg,val,meningioma,512,512,JPEG
val/meningioma/0916.jpg,val,meningioma,512,512,JPEG
val/meningioma/0894.jpg,val,meningioma,278,306,JPEG
val/meningioma/1331.jpg,val,meningioma,205,251,JPEG
val/meningioma/1385.jpg,val,meningioma,512,512,JPEG
val/meningioma/0210.jpg,val,meningioma,250,270,JPEG
val/meningioma/0294.jpg,val,meningioma,512,512,JPEG
val/meningioma/1323.jpg,val,meningioma,257,320,JPEG
val/meningioma/1255.jpg,val,meningioma,225,225,JPEG
val/meningioma/0547.jpg,val,meningioma,512,512,JPEG
val/meningioma/1483.jpg,val,meningioma,300,258,JPEG
val/meningioma/0420.jpg,val,meningioma,512,512,JPEG
val/meningioma/1349.jpg,val,meningioma,512,512,JPEG
val/meningioma/0750.jpg,val,meningioma,512,512,JPEG
val/meningioma/0333.jpg,val,meningioma,512,512,JPEG
val/meningioma/0325.jpg,val,meningioma,512,512,JPEG
val/meningioma/1626.jpg,val,meningioma,512,512,JPEG
val/meningioma/0681.jpg,val,meningioma,512,512,JPEG
val/meningioma/0279.jpg,val,meningioma,512,512,JPEG
val/meningioma/0225.jpg,val,meningioma,512,512,JPEG
val/meningioma/0112.jpg,val,meningioma,512,512,JPEG
val/meningioma/1211.jpg,val,meningioma,512,512,JPEG
val/meningioma/1138.jpg,val,meningioma,512,512,JPEG
val/meningioma/1202.jpg,val,meningioma,512,512,JPEG
val/meningioma/1484.jpg,val,meningioma,512,512,JPEG
val/meningioma/0791.jpg,val,meningioma,512,512,JPEG
val/meningioma/1615.jpg,val,meningioma,512,512,JPEG
val/meningioma/0576.jpg,val,meningioma,512,512,JPEG
val/meningioma/0871.jpg,val,meningioma,512,512,JPEG
val/meningioma/0634.jpg,val,meningioma,512,512,JPEG
val/meningioma/0099.jpg,val,meningioma,512,512,JPEG
val/meningioma/0093.jpg,val,meningioma,512,512,JPEG
val/meningioma/0560.jpg,val,meningioma,512,512,JPEG
val/meningioma/0945.jpg,val,meningioma,512,512,JPEG
val/meningioma/0167.jpg,val,meningioma,512,512,JPEG
val/meningioma/1200.jpg,val,meningioma,512,512,JPEG
val/meningioma/1375.jpg,val,meningioma,512,512,JPEG
val/meningioma/1128.jpg,val,meningioma,512,512,JPEG
val/meningioma/0936.jpg,val,meningioma,512,512,JPEG
val/meningioma/0662.jpg,val,meningioma,512,512,JPEG
val/meningioma/1344.jpg,val,meningioma,239,224,JPEG
val/meningioma/0434.jpg,val,meningioma,512,512,JPEG
val/meningioma/0352.jpg,val,meningioma,257,307,JPEG
val/meningioma/1051.jpg,val,meningioma,512,512,JPEG
val/meningioma/1029.jpg,val,meningioma,512,512,JPEG
val/meningioma/0737.jpg,val,meningioma,180,218,JPEG
val/meningioma/0602.jpg,val,meningioma,512,512,JPEG
val/meningioma/0671.jpg,val,meningioma,343,367,JPEG
val/meningioma/1311.jpg,val,meningioma,512,512,JPEG
val/meningioma/0287.jpg,val,meningioma,512,512,JPEG
val/meningioma/0523.jpg,val,meningioma,512,512,JPEG
val/meningioma/0697.jpg,val,meningioma,512,512,JPEG
val/meningioma/0417.jpg,val,meningioma,512,512,JPEG
val/meningioma/0742.jpg,val,meningioma,512,512,JPEG
val/meningioma/0471.jpg,val,meningioma,512,512,JPEG
val/meningioma/1206.jpg,val,meningioma,512,512,JPEG
val/meningioma/1398.jpg,val,meningioma,351,398,JPEG
val/meningioma/1033.jpg,val,meningioma,512,512,JPEG
val/meningioma/0709.jpg,val,meningioma,512,512,JPEG
val/meningioma/0529.jpg,val,meningioma,512,512,JPEG
val/meningioma/1401.jpg,val,meningioma,442,442,JPEG
val/meningioma/0328.jpg,val,meningioma,512,512,JPEG
val/meningioma/1106.jpg,val,meningioma,512,512,JPEG
val/meningioma/1488.jpg,val,meningioma,369,398,JPEG
val/meningioma/0394.jpg,val,meningioma,512,512,JPEG
val/meningioma/1399.jpg,val,meningioma,512,512,JPEG
val/meningioma/1254.jpg,val,meningioma,512,512,JPEG
val/meningioma/1485.jpg,val,meningioma,367,395,JPEG
val/meningioma/1570.jpg,val,meningioma,534,674,JPEG
val/meningioma/1061.jpg,val,meningioma,512,512,JPEG
val/meningioma/0766.jpg,val,meningioma,512,512,JPEG
val/meningioma/0538.jpg,val,meningioma,512,512,JPEG
val/meningioma/1610.jpg,val,meningioma,512,512,JPEG
val/meningioma/0969.jpg,val,meningioma,512,512,JPEG
val/meningioma/0059.jpg,val,meningioma,512,512,JPEG
val/meningioma/0930.jpg,val,meningioma,512,512,JPEG
val/meningioma/1426.jpg,val,meningioma,300,345,JPEG
val/meningioma/0594.jpg,val,meningioma,512,512,JPEG
val/meningioma/0324.jpg,val,meningioma,512,512,JPEG
val/meningioma/1237.jpg,val,meningioma,512,512,JPEG
val/meningioma/1590.jpg,val,meningioma,512,512,JPEG
val/meningioma/1388.jpg,val,meningioma,512,512,JPEG
val/meningioma/0534.jpg,val,meningioma,512,512,JPEG
val/meningioma/0490.jpg,val,meningioma,512,512,JPEG
val/meningioma/0304.jpg,val,meningioma,512,512,JPEG
val/meningioma/0267.jpg,val,meningioma,512,512,JPEG
val/meningioma/1588.jpg,val,meningioma,341,377,JPEG
val/meningioma/0520.jpg,val,meningioma,512,512,JPEG
val/meningioma/0135.jpg,val,meningioma,512,512,JPEG
val/meningioma/0073.jpg,val,meningioma,512,512,JPEG
val/meningioma/0160.jpg,val,meningioma,512,512,JPEG
val/meningioma/1636.jpg,val,meningioma,512,512,JPEG
val/meningioma/1279.jpg,val,meningioma,512,512,JPEG
val/meningioma/0828.jpg,val,meningioma,512,512,JPEG
val/meningioma/0375.jpg,val,meningioma,512,512,JPEG
val/meningioma/0496.jpg,val,meningioma,512,512,JPEG
val/meningioma/1203.jpg,val,meningioma,512,512,JPEG
val/meningioma/0920.jpg,val,meningioma,512,512,JPEG
val/meningioma/0174.jpg,val,meningioma,512,512,JPEG
val/meningioma/0275.jpg,val,meningioma,212,238,JPEG
val/meningioma/0956.jpg,val,meningioma,512,512,JPEG
val/meningioma/0458.jpg,val,meningioma,512,512,JPEG
val/meningioma/1296.jpg,val,meningioma,512,512,JPEG
val/meningioma/1303.jpg,val,meningioma,512,512,JPEG
val/meningioma/0027.jpg,val,meningioma,512,512,JPEG
val/meningioma/1535.jpg,val,meningioma,512,512,JPEG
val/meningioma/0456.jpg,val,meningioma,512,512,JPEG
val/meningioma/0326.jpg,val,meningioma,512,512,JPEG
val/meningioma/0943.jpg,val,meningioma,512,512,JPEG
val/meningioma/1213.jpg,val,meningioma,512,512,JPEG
val/meningioma/1562.jpg,val,meningioma,512,512,JPEG
val/meningioma/0625.jpg,val,meningioma,512,512,JPEG
val/meningioma/0339.jpg,val,meningioma,512,512,JPEG
val/meningioma/0348.jpg,val,meningioma,512,512,JPEG
val/meningioma/0161.jpg,val,meningioma,324,284,JPEG
val/meningioma/1019.jpg,val,meningioma,512,512,JPEG
val/meningioma/0044.jpg,val,meningioma,512,512,JPEG
val/meningioma/0718.jpg,val,meningioma,512,512,JPEG
val/meningioma/0932.jpg,val,meningioma,512,512,JPEG
val/meningioma/0346.jpg,val,meningioma,512,512,JPEG
val/meningioma/0891.jpg,val,meningioma,512,512,JPEG
val/meningioma/1192.jpg,val,meningioma,512,512,JPEG
val/meningioma/1035.jpg,val,meningioma,512,512,JPEG
val/meningioma/0054.jpg,val,meningioma,512,512,JPEG
val/meningioma/0467.jpg,val,meningioma,512,512,JPEG
val/meningioma/1517.jpg,val,meningioma,512,512,JPEG
val/meningioma/0657.jpg,val,meningioma,512,512,JPEG
val/meningioma/1225.jpg,val,meningioma,512,512,JPEG
val/meningioma/0779.jpg,val,meningioma,512,512,JPEG
val/meningioma/0567.jpg,val,meningioma,512,512,JPEG
val/meningioma/1348.jpg,val,meningioma,341,395,JPEG
val/meningioma/0590.jpg,val,meningioma,512,512,JPEG
val/meningioma/0985.jpg,val,meningioma,512,512,JPEG
val/meningioma/1207.jpg,val,meningioma,512,512,JPEG
val/meningioma/0123.jpg,val,meningioma,512,512,JPEG
val/meningioma/0290.jpg,val,meningioma,512,512,JPEG
val/meningioma/0164.jpg,val,meningioma,512,512,JPEG
val/meningioma/1390.jpg,val,meningioma,491,624,JPEG
val/meningioma/0263.jpg,val,meningioma,512,512,JPEG
val/meningioma/0710.jpg,val,meningioma,512,512,JPEG
val/meningioma/0444.jpg,val,meningioma,512,512,JPEG
val/meningioma/0353.jpg,val,meningioma,512,512,JPEG
val/meningioma/0679.jpg,val,meningioma,512,512,JPEG
val/meningioma/0694.jpg,val,meningioma,512,512,JPEG
val/pituitary/0610.jpg,val,pituitary,512,512,JPEG
val/pituitary/0292.jpg,val,pituitary,512,512,JPEG
val/pituitary/0623.jpg,val,pituitary,512,512,JPEG
val/pituitary/1432.jpg,val,pituitary,512,512,JPEG
val/pituitary/0004.jpg,val,pituitary,512,512,JPEG
val/pituitary/0383.jpg,val,pituitary,360,378,JPEG
val/pituitary/0373.jpg,val,pituitary,512,512,JPEG
val/pituitary/1417.jpg,val,pituitary,512,512,JPEG
val/pituitary/1336.jpg,val,pituitary,512,512,JPEG
val/pituitary/1120.jpg,val,pituitary,512,512,JPEG
val/pituitary/1486.jpg,val,pituitary,512,512,JPEG
val/pituitary/0243.jpg,val,pituitary,512,512,JPEG
val/pituitary/0704.jpg,val,pituitary,512,512,JPEG
val/pituitary/0663.jpg,val,pituitary,512,512,JPEG
val/pituitary/1125.jpg,val,pituitary,512,512,JPEG
val/pituitary/1186.jpg,val,pituitary,512,512,JPEG
val/pituitary/0111.jpg,val,pituitary,512,512,JPEG
val/pituitary/0949.jpg,val,pituitary,512,512,JPEG
val/pituitary/1102.jpg,val,pituitary,512,512,JPEG
val/pituitary/1231.jpg,val,pituitary,512,512,JPEG
val/pituitary/0148.jpg,val,pituitary,512,512,JPEG
val/pituitary/0411.jpg,val,pituitary,512,512,JPEG
val/pituitary/1663.jpg,val,pituitary,512,512,JPEG
val/pituitary/0573.jpg,val,pituitary,512,512,JPEG
val/pituitary/1028.jpg,val,pituitary,512,512,JPEG
val/pituitary/0269.jpg,val,pituitary,512,512,JPEG
val/pituitary/1229.jpg,val,pituitary,512,512,JPEG
val/pituitary/1547.jpg,val,pituitary,512,512,JPEG
val/pituitary/0569.jpg,val,pituitary,512,512,JPEG
val/pituitary/0839.jpg,val,pituitary,512,512,JPEG
val/pituitary/0276.jpg,val,pituitary,512,512,JPEG
val/pituitary/1178.jpg,val,pituitary,512,512,JPEG
val/pituitary/1374.jpg,val,pituitary,512,512,JPEG
val/pituitary/1495.jpg,val,pituitary,512,512,JPEG
val/pituitary/0931.jpg,val,pituitary,512,512,JPEG
val/pituitary/0180.jpg,val,pituitary,512,512,JPEG
val/pituitary/1144.jpg,val,pituitary,512,512,JPEG
val/pituitary/0191.jpg,val,pituitary,512,512,JPEG
val/pituitary/0965.jpg,val,pituitary,512,512,JPEG
val/pituitary/0159.jpg,val,pituitary,512,512,JPEG
val/pituitary/0557.jpg,val,pituitary,512,512,JPEG
val/pituitary/0502.jpg,val,pituitary,512,512,JPEG
val/pituitary/1123.jpg,val,pituitary,512,512,JPEG
val/pituitary/1121.jpg,val,pituitary,512,512,JPEG
val/pituitary/0947.jpg,val,pituitary,512,512,JPEG
val/pituitary/0116.jpg,val,pituitary,512,512,JPEG
val/pituitary/0250.jpg,val,pituitary,512,512,JPEG
val/pituitary/1556.jpg,val,pituitary,512,512,JPEG
val/pituitary/0526.jpg,val,pituitary,512,512,JPEG
val/pituitary/0780.jpg,val,pituitary,512,512,JPEG
val/pituitary/1671.jpg,val,pituitary,512,512,JPEG
val/pituitary/1345.jpg,val,pituitary,512,512,JPEG
val/pituitary/1425.jpg,val,pituitary,512,512,JPEG
val/pituitary/1047.jpg,val,pituitary,512,512,JPEG
val/pituitary/1624.jpg,val,pituitary,512,512,JPEG
val/pituitary/0144.jpg,val,pituitary,512,512,JPEG
val/pituitary/0878.jpg,val,pituitary,512,512,JPEG
val/pituitary/0335.jpg,val,pituitary,512,512,JPEG
val/pituitary/1044.jpg,val,pituitary,512,512,JPEG
val/pituitary/0418.jpg,val,pituitary,512,512,JPEG
val/pituitary/0391.jpg,val,pituitary,512,512,JPEG
val/pituitary/0354.jpg,val,pituitary,512,512,JPEG
val/pituitary/1710.jpg,val,pituitary,512,512,JPEG
val/pituitary/0601.jpg,val,pituitary,512,512,JPEG
val/pituitary/1122.jpg,val,pituitary,512,512,JPEG
val/pituitary/1726.jpg,val,pituitary,512,512,JPEG
val/pituitary/0968.jpg,val,pituitary,512,512,JPEG
val/pituitary/0189.jpg,val,pituitary,512,512,JPEG
val/pituitary/0249.jpg,val,pituitary,256,256,JPEG
val/pituitary/1646.jpg,val,pituitary,512,512,JPEG
val/pituitary/1246.jpg,val,pituitary,512,512,JPEG
val/pituitary/1208.jpg,val,pituitary,512,512,JPEG
val/pituitary/0186.jpg,val,pituitary,512,512,JPEG
val/pituitary/0023.jpg,val,pituitary,512,512,JPEG
val/pituitary/1000.jpg,val,pituitary,512,512,JPEG
val/pituitary/1087.jpg,val,pituitary,512,512,JPEG
val/pituitary/1737.jpg,val,pituitary,512,512,JPEG
val/pituitary/0476.jpg,val,pituitary,512,512,JPEG
val/pituitary/1260.jpg,val,pituitary,512,512,JPEG
val/pituitary/1055.jpg,val,pituitary,512,512,JPEG
val/pituitary/0867.jpg,val,pituitary,512,512,JPEG
val/pituitary/0514.jpg,val,pituitary,512,512,JPEG
val/pituitary/1252.jpg,val,pituitary,512,512,JPEG
val/pituitary/1278.jpg,val,pituitary,512,512,JPEG
val/pituitary/0518.jpg,val,pituitary,512,512,JPEG
val/pituitary/0715.jpg,val,pituitary,512,512,JPEG
val/pituitary/1343.jpg,val,pituitary,512,512,JPEG
val/pituitary/0247.jpg,val,pituitary,512,512,JPEG
val/pituitary/1478.jpg,val,pituitary,512,512,JPEG
val/pituitary/0890.jpg,val,pituitary,512,512,JPEG
val/pituitary/1112.jpg,val,pituitary,512,512,JPEG
val/pituitary/0262.jpg,val,pituitary,512,512,JPEG
val/pituitary/1194.jpg,val,pituitary,512,512,JPEG
val/pituitary/0627.jpg,val,pituitary,512,512,JPEG
val/pituitary/0359.jpg,val,pituitary,512,512,JPEG
val/pituitary/0221.jpg,val,pituitary,512,512,JPEG
val/pituitary/1105.jpg,val,pituitary,512,512,JPEG
val/pituitary/1329.jpg,val,pituitary,512,512,JPEG
val/pituitary/1066.jpg,val,pituitary,512,512,JPEG
val/pituitary/1180.jpg,val,pituitary,512,512,JPEG
val/pituitary/1101.jpg,val,pituitary,512,512,JPEG
val/pituitary/0970.jpg,val,pituitary,512,512,JPEG
val/pituitary/1258.jpg,val,pituitary,512,512,JPEG
val/pituitary/0400.jpg,val,pituitary,512,512,JPEG
val/pituitary/1099.jpg,val,pituitary,512,512,JPEG
val/pituitary/0983.jpg,val,pituitary,512,512,JPEG
val/pituitary/0488.jpg,val,pituitary,512,512,JPEG
val/pituitary/0686.jpg,val,pituitary,512,512,JPEG
val/pituitary/1314.jpg,val,pituitary,512,512,JPEG
val/pituitary/0110.jpg,val,pituitary,512,512,JPEG
val/pituitary/1146.jpg,val,pituitary,512,512,JPEG
val/pituitary/0412.jpg,val,pituitary,512,512,JPEG
val/pituitary/1633.jpg,val,pituitary,512,512,JPEG
val/pituitary/1496.jpg,val,pituitary,512,512,JPEG
val/pituitary/1016.jpg,val,pituitary,512,512,JPEG
val/pituitary/1406.jpg,val,pituitary,512,512,JPEG
val/pituitary/0795.jpg,val,pituitary,512,512,JPEG
val/pituitary/1697.jpg,val,pituitary,512,512,JPEG
val/pituitary/1652.jpg,val,pituitary,512,512,JPEG
val/pituitary/1576.jpg,val,pituitary,512,512,JPEG
val/pituitary/0487.jpg,val,pituitary,512,512,JPEG
val/pituitary/1541.jpg,val,pituitary,512,512,JPEG
val/pituitary/0213.jpg,val,pituitary,512,512,JPEG
val/pituitary/1007.jpg,val,pituitary,512,512,JPEG
val/pituitary/0745.jpg,val,pituitary,512,512,JPEG
val/pituitary/1449.jpg,val,pituitary,512,512,JPEG
val/pituitary/0329.jpg,val,pituitary,512,512,JPEG
val/pituitary/1092.jpg,val,pituitary,512,512,JPEG
val/pituitary/1269.jpg,val,pituitary,512,512,JPEG
val/pituitary/1448.jpg,val,pituitary,512,512,JPEG
val/pituitary/1567.jpg,val,pituitary,512,512,JPEG
val/pituitary/1072.jpg,val,pituitary,512,512,JPEG
val/pituitary/0462.jpg,val,pituitary,512,512,JPEG
val/pituitary/0018.jpg,val,pituitary,512,512,JPEG
val/pituitary/1743.jpg,val,pituitary,512,512,JPEG
val/pituitary/1248.jpg,val,pituitary,512,512,JPEG
val/pituitary/0115.jpg,val,pituitary,512,512,JPEG
val/pituitary/0628.jpg,val,pituitary,512,512,JPEG
val/pituitary/1719.jpg,val,pituitary,512,512,JPEG
val/pituitary/1259.jpg,val,pituitary,512,512,JPEG
val/pituitary/1316.jpg,val,pituitary,512,512,JPEG
val/pituitary/0570.jpg,val,pituitary,512,512,JPEG
val/pituitary/0288.jpg,val,pituitary,512,512,JPEG
val/pituitary/0736.jpg,val,pituitary,512,512,JPEG
val/pituitary/0239.jpg,val,pituitary,512,512,JPEG
val/pituitary/0082.jpg,val,pituitary,512,512,JPEG
val/pituitary/1177.jpg,val,pituitary,512,512,JPEG
val/pituitary/1364.jpg,val,pituitary,512,512,JPEG
val/pituitary/1718.jpg,val,pituitary,512,512,JPEG
val/pituitary/1360.jpg,val,pituitary,512,512,JPEG
val/pituitary/0552.jpg,val,pituitary,512,512,JPEG
val/pituitary/0917.jpg,val,pituitary,512,512,JPEG
val/pituitary/1627.jpg,val,pituitary,512,512,JPEG
val/pituitary/0172.jpg,val,pituitary,512,512,JPEG
val/pituitary/0501.jpg,val,pituitary,512,512,JPEG
val/pituitary/1317.jpg,val,pituitary,512,512,JPEG
val/pituitary/0404.jpg,val,pituitary,512,512,JPEG
val/pituitary/1362.jpg,val,pituitary,512,512,JPEG
val/pituitary/0057.jpg,val,pituitary,512,512,JPEG
val/pituitary/0197.jpg,val,pituitary,512,512,JPEG
val/pituitary/1651.jpg,val,pituitary,512,512,JPEG
val/pituitary/0370.jpg,val,pituitary,512,512,JPEG
val/pituitary/0721.jpg,val,pituitary,512,512,JPEG
val/pituitary/0364.jpg,val,pituitary,512,512,JPEG
val/pituitary/0519.jpg,val,pituitary,512,512,JPEG
val/pituitary/1560.jpg,val,pituitary,512,512,JPEG
val/pituitary/0291.jpg,val,pituitary,512,512,JPEG
val/pituitary/0856.jpg,val,pituitary,512,512,JPEG
val/pituitary/0020.jpg,val,pituitary,512,512,JPEG
val/pituitary/1263.jpg,val,pituitary,512,512,JPEG
val/pituitary/1461.jpg,val,pituitary,512,512,JPEG
val/pituitary/1159.jpg,val,pituitary,512,512,JPEG
val/pituitary/1027.jpg,val,pituitary,512,512,JPEG
val/pituitary/0815.jpg,val,pituitary,512,512,JPEG
val/pituitary/0823.jpg,val,pituitary,512,512,JPEG
val/pituitary/0363.jpg,val,pituitary,512,512,JPEG
val/pituitary/1356.jpg,val,pituitary,512,512,JPEG
val/pituitary/1623.jpg,val,pituitary,512,512,JPEG
val/pituitary/1676.jpg,val,pituitary,512,512,JPEG
val/pituitary/0002.jpg,val,pituitary,256,256,JPEG
val/pituitary/0614.jpg,val,pituitary,512,512,JPEG
val/pituitary/1715.jpg,val,pituitary,512,512,JPEG
val/pituitary/0019.jpg,val,pituitary,512,512,JPEG
val/pituitary/1483.jpg,val,pituitary,512,512,JPEG
val/pituitary/0810.jpg,val,pituitary,512,512,JPEG
val/pituitary/0485.jpg,val,pituitary,512,512,JPEG
val/pituitary/0420.jpg,val,pituitary,512,512,JPEG
val/pituitary/1063.jpg,val,pituitary,512,512,JPEG
val/pituitary/1693.jpg,val,pituitary,512,512,JPEG
val/pituitary/0966.jpg,val,pituitary,512,512,JPEG
val/pituitary/0804.jpg,val,pituitary,512,512,JPEG
val/pituitary/1422.jpg,val,pituitary,512,512,JPEG
val/pituitary/0677.jpg,val,pituitary,512,512,JPEG
val/pituitary/0763.jpg,val,pituitary,512,512,JPEG
val/pituitary/0791.jpg,val,pituitary,512,512,JPEG
val/pituitary/0576.jpg,val,pituitary,512,512,JPEG
val/pituitary/0187.jpg,val,pituitary,512,512,JPEG
val/pituitary/1074.jpg,val,pituitary,256,256,JPEG
val/pituitary/1672.jpg,val,pituitary,512,512,JPEG
val/pituitary/1563.jpg,val,pituitary,512,512,JPEG
val/pituitary/1511.jpg,val,pituitary,512,512,JPEG
val/pituitary/0384.jpg,val,pituitary,512,512,JPEG
val/pituitary/0193.jpg,val,pituitary,512,512,JPEG
val/pituitary/0634.jpg,val,pituitary,512,512,JPEG
val/pituitary/0092.jpg,val,pituitary,512,512,JPEG
val/pituitary/1040.jpg,val,pituitary,512,512,JPEG
val/pituitary/0236.jpg,val,pituitary,512,512,JPEG
val/pituitary/0331.jpg,val,pituitary,512,512,JPEG
val/pituitary/0796.jpg,val,pituitary,512,512,JPEG
val/pituitary/1605.jpg,val,pituitary,512,512,JPEG
val/pituitary/0636.jpg,val,pituitary,512,512,JPEG
val/pituitary/0608.jpg,val,pituitary,512,512,JPEG
val/pituitary/1344.jpg,val,pituitary,512,512,JPEG
val/pituitary/1352.jpg,val,pituitary,512,512,JPEG
val/pituitary/1629.jpg,val,pituitary,512,512,JPEG
val/pituitary/1133.jpg,val,pituitary,256,256,JPEG
val/pituitary/1409.jpg,val,pituitary,512,512,JPEG
val/pituitary/0976.jpg,val,pituitary,512,512,JPEG
val/pituitary/1622.jpg,val,pituitary,512,512,JPEG
val/pituitary/0849.jpg,val,pituitary,512,512,JPEG
val/pituitary/0602.jpg,val,pituitary,512,512,JPEG
val/pituitary/1358.jpg,val,pituitary,512,512,JPEG
val/pituitary/1730.jpg,val,pituitary,512,512,JPEG
val/pituitary/1581.jpg,val,pituitary,512,512,JPEG
val/pituitary/0177.jpg,val,pituitary,512,512,JPEG
val/pituitary/0523.jpg,val,pituitary,512,512,JPEG
val/pituitary/0863.jpg,val,pituitary,512,512,JPEG
val/pituitary/0086.jpg,val,pituitary,512,512,JPEG
val/pituitary/0550.jpg,val,pituitary,512,512,JPEG
val/pituitary/0603.jpg,val,pituitary,512,512,JPEG
val/pituitary/1206.jpg,val,pituitary,512,512,JPEG
val/pituitary/0170.jpg,val,pituitary,512,512,JPEG
val/pituitary/0260.jpg,val,pituitary,512,512,JPEG
val/pituitary/0653.jpg,val,pituitary,512,512,JPEG
val/pituitary/1708.jpg,val,pituitary,512,512,JPEG
val/pituitary/0405.jpg,val,pituitary,512,512,JPEG
val/pituitary/0709.jpg,val,pituitary,512,512,JPEG
val/pituitary/1386.jpg,val,pituitary,512,512,JPEG
val/pituitary/1734.jpg,val,pituitary,512,512,JPEG
val/pituitary/1533.jpg,val,pituitary,512,512,JPEG
val/pituitary/0529.jpg,val,pituitary,512,512,JPEG
val/pituitary/1457.jpg,val,pituitary,512,512,JPEG
val/pituitary/1703.jpg,val,pituitary,512,512,JPEG
val/pituitary/1257.jpg,val,pituitary,512,512,JPEG
val/pituitary/1106.jpg,val,pituitary,512,512,JPEG
val/pituitary/0935.jpg,val,pituitary,512,512,JPEG
val/pituitary/1733.jpg,val,pituitary,512,512,JPEG
val/pituitary/1399.jpg,val,pituitary,512,512,JPEG
val/pituitary/0175.jpg,val,pituitary,512,512,JPEG
val/pituitary/1183.jpg,val,pituitary,512,512,JPEG
val/pituitary/1107.jpg,val,pituitary,512,512,JPEG
val/pituitary/0969.jpg,val,pituitary,512,512,JPEG
val/pituitary/1429.jpg,val,pituitary,512,512,JPEG
val/pituitary/0030.jpg,val,pituitary,512,512,JPEG
val/pituitary/1433.jpg,val,pituitary,512,512,JPEG
val/pituitary/1426.jpg,val,pituitary,512,512,JPEG
val/pituitary/0594.jpg,val,pituitary,512,512,JPEG
val/pituitary/1268.jpg,val,pituitary,512,512,JPEG
val/pituitary/1049.jpg,val,pituitary,512,512,JPEG
val/pituitary/0678.jpg,val,pituitary,512,512,JPEG
val/pituitary/0720.jpg,val,pituitary,512,512,JPEG
val/pituitary/1423.jpg,val,pituitary,512,512,JPEG
val/pituitary/1261.jpg,val,pituitary,512,512,JPEG
val/pituitary/1149.jpg,val,pituitary,512,512,JPEG
val/pituitary/1689.jpg,val,pituitary,512,512,JPEG
val/pituitary/0816.jpg,val,pituitary,512,512,JPEG
val/pituitary/1727.jpg,val,pituitary,512,512,JPEG
val/pituitary/0534.jpg,val,pituitary,512,512,JPEG
val/pituitary/1494.jpg,val,pituitary,512,512,JPEG
val/pituitary/1387.jpg,val,pituitary,512,512,JPEG
val/pituitary/0267.jpg,val,pituitary,512,512,JPEG
val/pituitary/1588.jpg,val,pituitary,512,512,JPEG
val/pituitary/1403.jpg,val,pituitary,512,512,JPEG
val/pituitary/0838.jpg,val,pituitary,512,512,JPEG
val/pituitary/0037.jpg,val,pituitary,256,256,JPEG
val/pituitary/0160.jpg,val,pituitary,512,512,JPEG
val/pituitary/0621.jpg,val,pituitary,512,512,JPEG
val/pituitary/1267.jpg,val,pituitary,512,512,JPEG
val/pituitary/0539.jpg,val,pituitary,512,512,JPEG
val/pituitary/0826.jpg,val,pituitary,512,512,JPEG
val/pituitary/1421.jpg,val,pituitary,512,512,JPEG
val/pituitary/1371.jpg,val,pituitary,202,202,JPEG
val/pituitary/0448.jpg,val,pituitary,512,512,JPEG
val/pituitary/1614.jpg,val,pituitary,512,512,JPEG
val/pituitary/0374.jpg,val,pituitary,512,512,JPEG
val/pituitary/0032.jpg,val,pituitary,512,512,JPEG
val/pituitary/1203.jpg,val,pituitary,512,512,JPEG
val/pituitary/0217.jpg,val,pituitary,512,512,JPEG
val/pituitary/1738.jpg,val,pituitary,512,512,JPEG
val/pituitary/0436.jpg,val,pituitary,512,512,JPEG
val/pituitary/0583.jpg,val,pituitary,512,512,JPEG
val/pituitary/0477.jpg,val,pituitary,512,512,JPEG
val/pituitary/1296.jpg,val,pituitary,512,512,JPEG
val/pituitary/1303.jpg,val,pituitary,512,512,JPEG
val/pituitary/1350.jpg,val,pituitary,512,512,JPEG
val/pituitary/1293.jpg,val,pituitary,512,512,JPEG
val/pituitary/0024.jpg,val,pituitary,512,512,JPEG
val/pituitary/0479.jpg,val,pituitary,512,512,JPEG
val/pituitary/1475.jpg,val,pituitary,512,512,JPEG
val/pituitary/0474.jpg,val,pituitary,512,512,JPEG
val/pituitary/1516.jpg,val,pituitary,512,512,JPEG
val/pituitary/0495.jpg,val,pituitary,512,512,JPEG
val/pituitary/1735.jpg,val,pituitary,512,512,JPEG
val/pituitary/0356.jpg,val,pituitary,512,512,JPEG
val/pituitary/1135.jpg,val,pituitary,512,512,JPEG
val/pituitary/1110.jpg,val,pituitary,512,512,JPEG
val/pituitary/0746.jpg,val,pituitary,512,512,JPEG
val/pituitary/0689.jpg,val,pituitary,512,512,JPEG
val/pituitary/0845.jpg,val,pituitary,512,512,JPEG
val/pituitary/0039.jpg,val,pituitary,512,512,JPEG
val/pituitary/0509.jpg,val,pituitary,512,512,JPEG
val/pituitary/0497.jpg,val,pituitary,512,512,JPEG
val/pituitary/0559.jpg,val,pituitary,512,512,JPEG
val/pituitary/1695.jpg,val,pituitary,512,512,JPEG
val/pituitary/1410.jpg,val,pituitary,512,512,JPEG
val/pituitary/0647.jpg,val,pituitary,512,512,JPEG
val/pituitary/0171.jpg,val,pituitary,512,512,JPEG
val/pituitary/1192.jpg,val,pituitary,512,512,JPEG
val/pituitary/0675.jpg,val,pituitary,512,512,JPEG
val/pituitary/1659.jpg,val,pituitary,512,512,JPEG
val/pituitary/1517.jpg,val,pituitary,512,512,JPEG
val/pituitary/0657.jpg,val,pituitary,512,512,JPEG
val/pituitary/0409.jpg,val,pituitary,512,512,JPEG
val/pituitary/1243.jpg,val,pituitary,512,512,JPEG
val/pituitary/1056.jpg,val,pituitary,512,512,JPEG
val/pituitary/1054.jpg,val,pituitary,512,512,JPEG
val/pituitary/0814.jpg,val,pituitary,512,512,JPEG
val/pituitary/0779.jpg,val,pituitary,512,512,JPEG
val/pituitary/0861.jpg,val,pituitary,512,512,JPEG
val/pituitary/1382.jpg,val,pituitary,512,512,JPEG
val/pituitary/1084.jpg,val,pituitary,512,512,JPEG
val/pituitary/0385.jpg,val,pituitary,512,512,JPEG
val/pituitary/1215.jpg,val,pituitary,512,512,JPEG
val/pituitary/0300.jpg,val,pituitary,512,512,JPEG
val/pituitary/0289.jpg,val,pituitary,512,512,JPEG
val/pituitary/1160.jpg,val,pituitary,512,512,JPEG
val/pituitary/0669.jpg,val,pituitary,512,512,JPEG
val/pituitary/0003.jpg,val,pituitary,512,512,JPEG
val/pituitary/0633.jpg,val,pituitary,512,512,JPEG
val/pituitary/0590.jpg,val,pituitary,512,512,JPEG
val/pituitary/0141.jpg,val,pituitary,512,512,JPEG
val/pituitary/1464.jpg,val,pituitary,512,512,JPEG
val/pituitary/0812.jpg,val,pituitary,512,512,JPEG
val/pituitary/0631.jpg,val,pituitary,512,512,JPEG
val/pituitary/1390.jpg,val,pituitary,512,512,JPEG
val/pituitary/0466.jpg,val,pituitary,512,512,JPEG
val/pituitary/1197.jpg,val,pituitary,512,512,JPEG
val/pituitary/1628.jpg,val,pituitary,512,512,JPEG
val/pituitary/0843.jpg,val,pituitary,512,512,JPEG
val/pituitary/0694.jpg,val,pituitary,512,512,JPEG
val/pituitary/1586.jpg,val,pituitary,512,512,JPEG
val/pituitary/0733.jpg,val,pituitary,512,512,JPEG
test/glioma/0004.jpg,test,glioma,512,512,JPEG
test/glioma/0245.jpg,test,glioma,512,512,JPEG
test/glioma/1273.jpg,test,glioma,512,512,JPEG
test/glioma/1120.jpg,test,glioma,512,512,JPEG
test/glioma/1170.jpg,test,glioma,512,512,JPEG
test/glioma/0459.jpg,test,glioma,512,512,JPEG
test/glioma/0955.jpg,test,glioma,512,512,JPEG
test/glioma/0016.jpg,test,glioma,512,512,JPEG
test/glioma/0145.jpg,test,glioma,512,512,JPEG
test/glioma/0314.jpg,test,glioma,512,512,JPEG
test/glioma/1476.jpg,test,glioma,512,512,JPEG
test/glioma/1022.jpg,test,glioma,512,512,JPEG
test/glioma/0009.jpg,test,glioma,512,512,JPEG
test/glioma/0274.jpg,test,glioma,512,512,JPEG
test/glioma/0528.jpg,test,glioma,512,512,JPEG
test/glioma/0839.jpg,test,glioma,512,512,JPEG
test/glioma/1145.jpg,test,glioma,512,512,JPEG
test/glioma/0650.jpg,test,glioma,512,512,JPEG
test/glioma/1108.jpg,test,glioma,512,512,JPEG
test/glioma/1487.jpg,test,glioma,512,512,JPEG
test/glioma/0965.jpg,test,glioma,512,512,JPEG
test/glioma/0051.jpg,test,glioma,512,512,JPEG
test/glioma/1472.jpg,test,glioma,512,512,JPEG
test/glioma/1121.jpg,test,glioma,512,512,JPEG
test/glioma/1103.jpg,test,glioma,512,512,JPEG
test/glioma/0659.jpg,test,glioma,512,512,JPEG
test/glioma/1338.jpg,test,glioma,512,512,JPEG
test/glioma/1437.jpg,test,glioma,512,512,JPEG
test/glioma/1098.jpg,test,glioma,512,512,JPEG
test/glioma/1058.jpg,test,glioma,512,512,JPEG
test/glioma/1477.jpg,test,glioma,512,512,JPEG
test/glioma/1606.jpg,test,glioma,512,512,JPEG
test/glioma/0117.jpg,test,glioma,512,512,JPEG
test/glioma/1062.jpg,test,glioma,512,512,JPEG
test/glioma/1335.jpg,test,glioma,512,512,JPEG
test/glioma/0105.jpg,test,glioma,512,512,JPEG
test/glioma/1181.jpg,test,glioma,512,512,JPEG
test/glioma/0800.jpg,test,glioma,512,512,JPEG
test/glioma/0867.jpg,test,glioma,512,512,JPEG
test/glioma/1343.jpg,test,glioma,512,512,JPEG
test/glioma/1413.jpg,test,glioma,512,512,JPEG
test/glioma/0247.jpg,test,glioma,512,512,JPEG
test/glioma/0658.jpg,test,glioma,512,512,JPEG
test/glioma/1079.jpg,test,glioma,512,512,JPEG
test/glioma/1235.jpg,test,glioma,512,512,JPEG
test/glioma/1443.jpg,test,glioma,512,512,JPEG
test/glioma/1032.jpg,test,glioma,512,512,JPEG
test/glioma/0382.jpg,test,glioma,512,512,JPEG
test/glioma/0357.jpg,test,glioma,512,512,JPEG
test/glioma/0350.jpg,test,glioma,512,512,JPEG
test/glioma/0306.jpg,test,glioma,512,512,JPEG
test/glioma/0132.jpg,test,glioma,512,512,JPEG
test/glioma/0767.jpg,test,glioma,512,512,JPEG
test/glioma/1314.jpg,test,glioma,512,512,JPEG
test/glioma/1146.jpg,test,glioma,512,512,JPEG
test/glioma/0484.jpg,test,glioma,512,512,JPEG
test/glioma/0959.jpg,test,glioma,512,512,JPEG
test/glioma/0450.jpg,test,glioma,512,512,JPEG
test/glioma/1299.jpg,test,glioma,512,512,JPEG
test/glioma/1078.jpg,test,glioma,512,512,JPEG
test/glioma/0042.jpg,test,glioma,512,512,JPEG
test/glioma/0169.jpg,test,glioma,512,512,JPEG
test/glioma/1017.jpg,test,glioma,512,512,JPEG
test/glioma/0487.jpg,test,glioma,512,512,JPEG
test/glioma/1473.jpg,test,glioma,512,512,JPEG
test/glioma/1269.jpg,test,glioma,512,512,JPEG
test/glioma/1072.jpg,test,glioma,512,512,JPEG
test/glioma/1414.jpg,test,glioma,512,512,JPEG
test/glioma/1310.jpg,test,glioma,512,512,JPEG
test/glioma/1209.jpg,test,glioma,512,512,JPEG
test/glioma/1242.jpg,test,glioma,512,512,JPEG
test/glioma/1234.jpg,test,glioma,512,512,JPEG
test/glioma/1571.jpg,test,glioma,512,512,JPEG
test/glioma/0729.jpg,test,glioma,512,512,JPEG
test/glioma/0817.jpg,test,glioma,512,512,JPEG
test/glioma/1143.jpg,test,glioma,512,512,JPEG
test/glioma/1550.jpg,test,glioma,512,512,JPEG
test/glioma/0355.jpg,test,glioma,512,512,JPEG
test/glioma/0432.jpg,test,glioma,512,512,JPEG
test/glioma/0318.jpg,test,glioma,512,512,JPEG
test/glioma/1320.jpg,test,glioma,512,512,JPEG
test/glioma/0811.jpg,test,glioma,512,512,JPEG
test/glioma/1389.jpg,test,glioma,512,512,JPEG
test/glioma/1018.jpg,test,glioma,512,512,JPEG
test/glioma/1174.jpg,test,glioma,512,512,JPEG
test/glioma/1013.jpg,test,glioma,512,512,JPEG
test/glioma/1085.jpg,test,glioma,512,512,JPEG
test/glioma/0937.jpg,test,glioma,512,512,JPEG
test/glioma/0317.jpg,test,glioma,512,512,JPEG
test/glioma/1138.jpg,test,glioma,512,512,JPEG
test/glioma/0876.jpg,test,glioma,512,512,JPEG
test/glioma/0966.jpg,test,glioma,512,512,JPEG
test/glioma/0475.jpg,test,glioma,512,512,JPEG
test/glioma/0741.jpg,test,glioma,512,512,JPEG
test/glioma/0521.jpg,test,glioma,512,512,JPEG
test/glioma/0424.jpg,test,glioma,512,512,JPEG
test/glioma/1471.jpg,test,glioma,512,512,JPEG
test/glioma/1002.jpg,test,glioma,512,512,JPEG
test/glioma/0787.jpg,test,glioma,512,512,JPEG
test/glioma/0438.jpg,test,glioma,512,512,JPEG
test/glioma/0854.jpg,test,glioma,512,512,JPEG
test/glioma/0827.jpg,test,glioma,512,512,JPEG
test/glioma/0543.jpg,test,glioma,512,512,JPEG
test/glioma/0405.jpg,test,glioma,512,512,JPEG
test/glioma/1386.jpg,test,glioma,512,512,JPEG
test/glioma/1401.jpg,test,glioma,512,512,JPEG
test/glioma/0026.jpg,test,glioma,512,512,JPEG
test/glioma/1399.jpg,test,glioma,512,512,JPEG
test/glioma/0538.jpg,test,glioma,512,512,JPEG
test/glioma/0298.jpg,test,glioma,512,512,JPEG
test/glioma/0731.jpg,test,glioma,512,512,JPEG
test/glioma/0619.jpg,test,glioma,512,512,JPEG
test/glioma/0853.jpg,test,glioma,512,512,JPEG
test/glioma/0049.jpg,test,glioma,512,512,JPEG
test/glioma/0153.jpg,test,glioma,512,512,JPEG
test/glioma/1162.jpg,test,glioma,512,512,JPEG
test/glioma/1256.jpg,test,glioma,512,512,JPEG
test/glioma/1391.jpg,test,glioma,512,512,JPEG
test/glioma/1023.jpg,test,glioma,512,512,JPEG
test/glioma/0621.jpg,test,glioma,512,512,JPEG
test/glioma/1230.jpg,test,glioma,512,512,JPEG
test/glioma/1500.jpg,test,glioma,512,512,JPEG
test/glioma/1595.jpg,test,glioma,512,512,JPEG
test/glioma/0802.jpg,test,glioma,512,512,JPEG
test/glioma/0696.jpg,test,glioma,512,512,JPEG
test/glioma/0549.jpg,test,glioma,512,512,JPEG
test/glioma/0732.jpg,test,glioma,512,512,JPEG
test/glioma/0439.jpg,test,glioma,512,512,JPEG
test/glioma/1077.jpg,test,glioma,512,512,JPEG
test/glioma/0458.jpg,test,glioma,512,512,JPEG
test/glioma/1179.jpg,test,glioma,512,512,JPEG
test/glioma/1339.jpg,test,glioma,512,512,JPEG
test/glioma/0456.jpg,test,glioma,512,512,JPEG
test/glioma/0597.jpg,test,glioma,512,512,JPEG
test/glioma/0883.jpg,test,glioma,512,512,JPEG
test/glioma/1015.jpg,test,glioma,512,512,JPEG
test/glioma/0943.jpg,test,glioma,512,512,JPEG
test/glioma/0323.jpg,test,glioma,512,512,JPEG
test/glioma/0673.jpg,test,glioma,512,512,JPEG
test/glioma/0509.jpg,test,glioma,512,512,JPEG
test/glioma/0044.jpg,test,glioma,512,512,JPEG
test/glioma/0840.jpg,test,glioma,512,512,JPEG
test/glioma/0891.jpg,test,glioma,512,512,JPEG
test/glioma/0330.jpg,test,glioma,512,512,JPEG
test/glioma/0814.jpg,test,glioma,512,512,JPEG
test/glioma/1225.jpg,test,glioma,512,512,JPEG
test/glioma/0068.jpg,test,glioma,512,512,JPEG
test/glioma/1244.jpg,test,glioma,512,512,JPEG
test/glioma/1163.jpg,test,glioma,512,512,JPEG
test/glioma/0156.jpg,test,glioma,512,512,JPEG
test/glioma/0631.jpg,test,glioma,512,512,JPEG
test/glioma/0946.jpg,test,glioma,512,512,JPEG
test/glioma/0735.jpg,test,glioma,512,512,JPEG
test/glioma/1250.jpg,test,glioma,512,512,JPEG
test/glioma/0774.jpg,test,glioma,512,512,JPEG
test/glioma/1393.jpg,test,glioma,512,512,JPEG
test/glioma/1468.jpg,test,glioma,512,512,JPEG
test/glioma/1197.jpg,test,glioma,512,512,JPEG
test/glioma/0063.jpg,test,glioma,512,512,JPEG
test/glioma/0843.jpg,test,glioma,512,512,JPEG
test/glioma/1598.jpg,test,glioma,512,512,JPEG
test/glioma/0207.jpg,test,glioma,512,512,JPEG
test/glioma/0679.jpg,test,glioma,512,512,JPEG
test/healthy/0004.jpg,test,healthy,630,630,JPEG
test/healthy/0990.jpg,test,healthy,468,444,JPEG
test/healthy/0820.jpg,test,healthy,442,442,JPEG
test/healthy/1219.jpg,test,healthy,236,273,JPEG
test/healthy/1603.jpg,test,healthy,428,417,JPEG
test/healthy/1525.jpg,test,healthy,236,260,JPEG
test/healthy/1125.jpg,test,healthy,214,236,JPEG
test/healthy/1346.jpg,test,healthy,648,674,JPEG
test/healthy/1102.jpg,test,healthy,207,243,JPEG
test/healthy/0548.jpg,test,healthy,215,234,JPEG
test/healthy/1912.jpg,test,healthy,227,222,JPEG
test/healthy/0314.jpg,test,healthy,225,225,JPEG
test/healthy/0561.jpg,test,healthy,420,280,JPEG
test/healthy/1729.jpg,test,healthy,234,234,JPEG
test/healthy/0103.jpg,test,healthy,356,474,JPEG
test/healthy/1283.jpg,test,healthy,472,537,JPEG
test/healthy/1911.jpg,test,healthy,232,217,JPEG
test/healthy/0939.jpg,test,healthy,225,225,JPEG
test/healthy/1022.jpg,test,healthy,236,218,JPEG
test/healthy/0837.jpg,test,healthy,300,168,JPEG
test/healthy/0274.jpg,test,healthy,201,251,JPEG
test/healthy/1870.jpg,test,healthy,236,236,JPEG
test/healthy/0757.jpg,test,healthy,642,361,JPEG
test/healthy/0067.jpg,test,healthy,420,280,JPEG
test/healthy/1812.jpg,test,healthy,236,252,JPEG
test/healthy/0035.jpg,test,healthy,630,630,JPEG
test/healthy/1440.jpg,test,healthy,200,252,JPEG
test/healthy/0893.jpg,test,healthy,442,454,JPEG
test/healthy/1655.jpg,test,healthy,173,201,JPEG
test/healthy/0250.jpg,test,healthy,750,750,JPEG
test/healthy/0784.jpg,test,healthy,236,273,JPEG
test/healthy/0342.jpg,test,healthy,428,417,JPEG
test/healthy/1671.jpg,test,healthy,276,326,JPEG
test/healthy/1531.jpg,test,healthy,850,745,JPEG
test/healthy/0173.jpg,test,healthy,364,418,JPEG
test/healthy/1982.jpg,test,healthy,680,680,JPEG
test/healthy/1789.jpg,test,healthy,236,236,JPEG
test/healthy/1906.jpg,test,healthy,275,183,JPEG
test/healthy/0335.jpg,test,healthy,225,225,JPEG
test/healthy/0563.jpg,test,healthy,225,225,JPEG
test/healthy/0437.jpg,test,healthy,227,222,JPEG
test/healthy/1363.jpg,test,healthy,208,242,JPEG
test/healthy/1921.jpg,test,healthy,206,244,JPEG
test/healthy/0770.jpg,test,healthy,236,213,JPEG
test/healthy/1799.jpg,test,healthy,442,454,JPEG
test/healthy/0660.jpg,test,healthy,201,251,JPEG
test/healthy/0254.jpg,test,healthy,234,218,JPEG
test/healthy/0422.jpg,test,healthy,225,225,JPEG
test/healthy/0514.jpg,test,healthy,359,449,JPEG
test/healthy/1278.jpg,test,healthy,428,417,JPEG
test/healthy/0753.jpg,test,healthy,236,243,JPEG
test/healthy/0727.jpg,test,healthy,600,605,JPEG
test/healthy/1681.jpg,test,healthy,206,244,JPEG
test/healthy/0617.jpg,test,healthy,236,243,JPEG
test/healthy/1090.jpg,test,healthy,232,217,JPEG
test/healthy/0132.jpg,test,healthy,236,236,JPEG
test/healthy/0216.jpg,test,healthy,232,217,JPEG
test/healthy/1307.jpg,test,healthy,200,252,JPEG
test/healthy/1097.jpg,test,healthy,276,326,JPEG
test/healthy/1807.jpg,test,healthy,275,183,JPEG
test/healthy/0674.jpg,test,healthy,275,183,JPEG
test/healthy/0484.jpg,test,healthy,232,217,JPEG
test/healthy/0450.jpg,test,healthy,225,225,JPEG
test/healthy/1512.jpg,test,healthy,442,442,JPEG
test/healthy/1011.jpg,test,healthy,236,315,JPEG
test/healthy/0445.jpg,test,healthy,550,664,JPEG
test/healthy/0045.jpg,test,healthy,400,442,JPEG
test/healthy/1573.jpg,test,healthy,173,201,JPEG
test/healthy/0864.jpg,test,healthy,225,225,JPEG
test/healthy/0701.jpg,test,healthy,201,250,JPEG
test/healthy/0748.jpg,test,healthy,228,221,JPEG
test/healthy/0435.jpg,test,healthy,235,227,JPEG
test/healthy/1444.jpg,test,healthy,225,225,JPEG
test/healthy/1132.jpg,test,healthy,201,251,JPEG
test/healthy/0446.jpg,test,healthy,225,225,JPEG
test/healthy/1639.jpg,test,healthy,225,225,JPEG
test/healthy/0185.jpg,test,healthy,350,350,JPEG
test/healthy/0764.jpg,test,healthy,232,217,JPEG
test/healthy/1473.jpg,test,healthy,225,225,JPEG
test/healthy/0892.jpg,test,healthy,1280,720,JPEG
test/healthy/0329.jpg,test,healthy,225,225,JPEG
test/healthy/1092.jpg,test,healthy,201,244,JPEG
test/healthy/0908.jpg,test,healthy,236,236,JPEG
test/healthy/0040.jpg,test,healthy,201,251,JPEG
test/healthy/1448.jpg,test,healthy,428,417,JPEG
test/healthy/1995.jpg,test,healthy,236,257,JPEG
test/healthy/1404.jpg,test,healthy,200,252,JPEG
test/healthy/0130.jpg,test,healthy,200,252,JPEG
test/healthy/0288.jpg,test,healthy,225,225,JPEG
test/healthy/0877.jpg,test,healthy,244,274,JPEG
test/healthy/0736.jpg,test,healthy,208,225,JPEG
test/healthy/1209.jpg,test,healthy,233,243,JPEG
test/healthy/0239.jpg,test,healthy,225,225,JPEG
test/healthy/0788.jpg,test,healthy,235,261,JPEG
test/healthy/1961.jpg,test,healthy,207,243,JPEG
test/healthy/0729.jpg,test,healthy,276,326,JPEG
test/healthy/1364.jpg,test,healthy,504,540,JPEG
test/healthy/0431.jpg,test,healthy,236,231,JPEG
test/healthy/0303.jpg,test,healthy,276,326,JPEG
test/healthy/0172.jpg,test,healthy,300,168,JPEG
test/healthy/1951.jpg,test,healthy,236,260,JPEG
test/healthy/1820.jpg,test,healthy,232,217,JPEG
test/healthy/0899.jpg,test,healthy,504,540,JPEG
test/healthy/1362.jpg,test,healthy,236,236,JPEG
test/healthy/1985.jpg,test,healthy,442,442,JPEG
test/healthy/0721.jpg,test,healthy,300,168,JPEG
test/healthy/0143.jpg,test,healthy,225,225,JPEG
test/healthy/0645.jpg,test,healthy,225,225,JPEG
test/healthy/1694.jpg,test,healthy,225,225,JPEG
test/healthy/1158.jpg,test,healthy,359,449,JPEG
test/healthy/0785.jpg,test,healthy,235,229,JPEG
test/healthy/0815.jpg,test,healthy,228,221,JPEG
test/healthy/1519.jpg,test,healthy,225,225,JPEG
test/healthy/0684.jpg,test,healthy,225,225,JPEG
test/healthy/0971.jpg,test,healthy,225,225,JPEG
test/healthy/1543.jpg,test,healthy,630,630,JPEG
test/healthy/0506.jpg,test,healthy,225,225,JPEG
test/healthy/1085.jpg,test,healthy,428,417,JPEG
test/healthy/1892.jpg,test,healthy,218,234,JPEG
test/healthy/1568.jpg,test,healthy,225,225,JPEG
test/healthy/0076.jpg,test,healthy,494,600,JPEG
test/healthy/0112.jpg,test,healthy,196,257,JPEG
test/healthy/1211.jpg,test,healthy,201,250,JPEG
test/healthy/0804.jpg,test,healthy,218,231,JPEG
test/healthy/1484.jpg,test,healthy,194,259,JPEG
test/healthy/1802.jpg,test,healthy,236,213,JPEG
test/healthy/1453.jpg,test,healthy,497,398,JPEG
test/healthy/0712.jpg,test,healthy,200,252,JPEG
test/healthy/0384.jpg,test,healthy,225,225,JPEG
test/healthy/0193.jpg,test,healthy,214,236,JPEG
test/healthy/0092.jpg,test,healthy,173,201,JPEG
test/healthy/1365.jpg,test,healthy,201,251,JPEG
test/healthy/1821.jpg,test,healthy,227,213,JPEG
test/healthy/0321.jpg,test,healthy,300,168,JPEG
test/healthy/0796.jpg,test,healthy,225,218,JPEG
test/healthy/0521.jpg,test,healthy,206,244,JPEG
test/healthy/1321.jpg,test,healthy,225,225,JPEG
test/healthy/1922.jpg,test,healthy,201,251,JPEG
test/healthy/1352.jpg,test,healthy,225,225,JPEG
test/healthy/1966.jpg,test,healthy,233,208,JPEG
test/healthy/1583.jpg,test,healthy,173,201,JPEG
test/healthy/1147.jpg,test,healthy,225,225,JPEG
test/healthy/1133.jpg,test,healthy,605,613,JPEG
test/healthy/0588.jpg,test,healthy,150,198,JPEG
test/healthy/0737.jpg,test,healthy,207,243,JPEG
test/healthy/0595.jpg,test,healthy,228,221,JPEG
test/healthy/0138.jpg,test,healthy,214,236,JPEG
test/healthy/0282.jpg,test,healthy,512,512,JPEG
test/healthy/0671.jpg,test,healthy,630,630,JPEG
test/healthy/0822.jpg,test,healthy,225,225,JPEG
test/healthy/1002.jpg,test,healthy,227,222,JPEG
test/healthy/0177.jpg,test,healthy,680,680,JPEG
test/healthy/1206.jpg,test,healthy,630,630,JPEG
test/healthy/0349.jpg,test,healthy,218,231,JPEG
test/healthy/1918.jpg,test,healthy,300,168,JPEG
test/healthy/0328.jpg,test,healthy,227,262,JPEG
test/healthy/0977.jpg,test,healthy,630,630,JPEG
test/healthy/1764.jpg,test,healthy,300,168,JPEG
test/healthy/1919.jpg,test,healthy,428,417,JPEG
test/healthy/0538.jpg,test,healthy,210,201,JPEG
test/healthy/0930.jpg,test,healthy,228,228,JPEG
test/healthy/1503.jpg,test,healthy,228,221,JPEG
test/healthy/1947.jpg,test,healthy,215,234,JPEG
test/healthy/1261.jpg,test,healthy,236,236,JPEG
test/healthy/1952.jpg,test,healthy,201,249,JPEG
test/healthy/1793.jpg,test,healthy,228,221,JPEG
test/healthy/1916.jpg,test,healthy,206,244,JPEG
test/healthy/1334.jpg,test,healthy,236,236,JPEG
test/healthy/0311.jpg,test,healthy,196,257,JPEG
test/healthy/1357.jpg,test,healthy,218,231,JPEG
test/healthy/0135.jpg,test,healthy,150,198,JPEG
test/healthy/0073.jpg,test,healthy,300,168,JPEG
test/healthy/1288.jpg,test,healthy,232,217,JPEG
test/healthy/0826.jpg,test,healthy,225,225,JPEG
test/healthy/0696.jpg,test,healthy,1024,1024,JPEG
test/healthy/0828.jpg,test,healthy,236,250,JPEG
test/healthy/0194.jpg,test,healthy,227,262,JPEG
test/healthy/0687.jpg,test,healthy,428,417,JPEG
test/healthy/0125.jpg,test,healthy,236,280,JPEG
test/healthy/0956.jpg,test,healthy,468,444,JPEG
test/healthy/0309.jpg,test,healthy,630,630,JPEG
test/healthy/1179.jpg,test,healthy,512,512,JPEG
test/healthy/0218.jpg,test,healthy,414,496,JPEG
test/healthy/1964.jpg,test,healthy,221,257,JPEG
test/healthy/0326.jpg,test,healthy,225,225,JPEG
test/healthy/1213.jpg,test,healthy,196,257,JPEG
test/healthy/1366.jpg,test,healthy,225,225,JPEG
test/healthy/0339.jpg,test,healthy,225,225,JPEG
test/healthy/0348.jpg,test,healthy,225,225,JPEG
test/healthy/1810.jpg,test,healthy,232,217,JPEG
test/healthy/1538.jpg,test,healthy,630,630,JPEG
test/healthy/1589.jpg,test,healthy,512,512,JPEG
test/healthy/0214.jpg,test,healthy,232,217,JPEG
test/healthy/1723.jpg,test,healthy,225,225,JPEG
test/healthy/1060.jpg,test,healthy,214,236,JPEG
test/healthy/1212.jpg,test,healthy,215,234,JPEG
test/healthy/0590.jpg,test,healthy,225,225,JPEG
test/healthy/1223.jpg,test,healthy,225,225,JPEG
test/healthy/0726.jpg,test,healthy,512,512,JPEG
test/healthy/0987.jpg,test,healthy,233,218,JPEG
test/healthy/1720.jpg,test,healthy,227,222,JPEG
test/meningioma/0165.jpg,test,meningioma,512,512,JPEG
test/meningioma/0245.jpg,test,meningioma,512,512,JPEG
test/meningioma/0589.jpg,test,meningioma,512,512,JPEG
test/meningioma/1561.jpg,test,meningioma,290,339,JPEG
test/meningioma/0605.jpg,test,meningioma,420,264,JPEG
test/meningioma/1427.jpg,test,meningioma,225,225,JPEG
test/meningioma/1120.jpg,test,meningioma,512,512,JPEG
test/meningioma/1220.jpg,test,meningioma,512,512,JPEG
test/meningioma/0211.jpg,test,meningioma,512,512,JPEG
test/meningioma/0148.jpg,test,meningioma,512,512,JPEG
test/meningioma/0166.jpg,test,meningioma,512,512,JPEG
test/meningioma/0021.jpg,test,meningioma,512,512,JPEG
test/meningioma/0411.jpg,test,meningioma,512,512,JPEG
test/meningioma/0573.jpg,test,meningioma,512,512,JPEG
test/meningioma/1459.jpg,test,meningioma,512,512,JPEG
test/meningioma/1028.jpg,test,meningioma,512,512,JPEG
test/meningioma/0682.jpg,test,meningioma,512,512,JPEG
test/meningioma/1251.jpg,test,meningioma,512,512,JPEG
test/meningioma/0706.jpg,test,meningioma,512,512,JPEG
test/meningioma/0933.jpg,test,meningioma,512,512,JPEG
test/meningioma/0551.jpg,test,meningioma,512,512,JPEG
test/meningioma/0308.jpg,test,meningioma,512,512,JPEG
test/meningioma/1455.jpg,test,meningioma,512,512,JPEG
test/meningioma/0320.jpg,test,meningioma,512,512,JPEG
test/meningioma/1167.jpg,test,meningioma,512,512,JPEG
test/meningioma/0778.jpg,test,meningioma,512,512,JPEG
test/meningioma/0426.jpg,test,meningioma,512,512,JPEG
test/meningioma/1305.jpg,test,meningioma,512,512,JPEG
test/meningioma/1420.jpg,test,meningioma,512,512,JPEG
test/meningioma/0632.jpg,test,meningioma,512,512,JPEG
test/meningioma/0162.jpg,test,meningioma,512,512,JPEG
test/meningioma/1400.jpg,test,meningioma,512,512,JPEG
test/meningioma/0173.jpg,test,meningioma,512,512,JPEG
test/meningioma/0283.jpg,test,meningioma,512,512,JPEG
test/meningioma/1373.jpg,test,meningioma,341,372,JPEG
test/meningioma/0391.jpg,test,meningioma,512,512,JPEG
test/meningioma/1284.jpg,test,meningioma,512,512,JPEG
test/meningioma/0844.jpg,test,meningioma,512,512,JPEG
test/meningioma/1335.jpg,test,meningioma,300,412,JPEG
test/meningioma/0105.jpg,test,meningioma,512,512,JPEG
test/meningioma/0596.jpg,test,meningioma,472,546,JPEG
test/meningioma/0919.jpg,test,meningioma,512,512,JPEG
test/meningioma/0319.jpg,test,meningioma,512,512,JPEG
test/meningioma/1087.jpg,test,meningioma,442,442,JPEG
test/meningioma/0580.jpg,test,meningioma,512,512,JPEG
test/meningioma/0756.jpg,test,meningioma,512,512,JPEG
test/meningioma/0670.jpg,test,meningioma,512,512,JPEG
test/meningioma/0122.jpg,test,meningioma,512,512,JPEG
test/meningioma/1112.jpg,test,meningioma,512,512,JPEG
test/meningioma/0581.jpg,test,meningioma,512,512,JPEG
test/meningioma/1180.jpg,test,meningioma,512,512,JPEG
test/meningioma/0235.jpg,test,meningioma,512,512,JPEG
test/meningioma/1258.jpg,test,meningioma,512,512,JPEG
test/meningioma/1100.jpg,test,meningioma,512,512,JPEG
test/meningioma/0198.jpg,test,meningioma,512,512,JPEG
test/meningioma/1205.jpg,test,meningioma,213,236,JPEG
test/meningioma/0488.jpg,test,meningioma,512,512,JPEG
test/meningioma/0626.jpg,test,meningioma,512,512,JPEG
test/meningioma/0202.jpg,test,meningioma,512,512,JPEG
test/meningioma/1299.jpg,test,meningioma,512,512,JPEG
test/meningioma/0994.jpg,test,meningioma,512,512,JPEG
test/meningioma/1175.jpg,test,meningioma,512,512,JPEG
test/meningioma/0541.jpg,test,meningioma,512,512,JPEG
test/meningioma/1496.jpg,test,meningioma,512,512,JPEG
test/meningioma/0397.jpg,test,meningioma,512,512,JPEG
test/meningioma/1355.jpg,test,meningioma,512,512,JPEG
test/meningioma/1577.jpg,test,meningioma,512,512,JPEG
test/meningioma/0226.jpg,test,meningioma,512,512,JPEG
test/meningioma/0083.jpg,test,meningioma,512,512,JPEG
test/meningioma/0281.jpg,test,meningioma,512,512,JPEG
test/meningioma/1576.jpg,test,meningioma,512,512,JPEG
test/meningioma/1214.jpg,test,meningioma,512,512,JPEG
test/meningioma/0723.jpg,test,meningioma,512,512,JPEG
test/meningioma/1579.jpg,test,meningioma,512,512,JPEG
test/meningioma/0628.jpg,test,meningioma,512,512,JPEG
test/meningioma/0239.jpg,test,meningioma,512,512,JPEG
test/meningioma/0925.jpg,test,meningioma,512,512,JPEG
test/meningioma/0552.jpg,test,meningioma,512,512,JPEG
test/meningioma/0197.jpg,test,meningioma,512,512,JPEG
test/meningioma/0370.jpg,test,meningioma,512,512,JPEG
test/meningioma/1451.jpg,test,meningioma,512,512,JPEG
test/meningioma/0721.jpg,test,meningioma,512,512,JPEG
test/meningioma/1347.jpg,test,meningioma,480,480,JPEG
test/meningioma/1156.jpg,test,meningioma,507,340,JPEG
test/meningioma/0033.jpg,test,meningioma,512,512,JPEG
test/meningioma/1327.jpg,test,meningioma,512,512,JPEG
test/meningioma/1519.jpg,test,meningioma,225,225,JPEG
test/meningioma/1502.jpg,test,meningioma,224,216,JPEG
test/meningioma/0128.jpg,test,meningioma,512,512,JPEG
test/meningioma/1543.jpg,test,meningioma,512,512,JPEG
test/meningioma/1085.jpg,test,meningioma,512,512,JPEG
test/meningioma/0002.jpg,test,meningioma,512,512,JPEG
test/meningioma/0347.jpg,test,meningioma,300,258,JPEG
test/meningioma/0223.jpg,test,meningioma,512,512,JPEG
test/meningioma/0556.jpg,test,meningioma,512,512,JPEG
test/meningioma/1422.jpg,test,meningioma,630,423,JPEG
test/meningioma/0630.jpg,test,meningioma,238,212,JPEG
test/meningioma/0934.jpg,test,meningioma,512,512,JPEG
test/meningioma/0429.jpg,test,meningioma,512,512,JPEG
test/meningioma/0195.jpg,test,meningioma,512,512,JPEG
test/meningioma/0521.jpg,test,meningioma,512,512,JPEG
test/meningioma/1321.jpg,test,meningioma,512,512,JPEG
test/meningioma/0124.jpg,test,meningioma,226,212,JPEG
test/meningioma/1352.jpg,test,meningioma,512,512,JPEG
test/meningioma/1024.jpg,test,meningioma,512,512,JPEG
test/meningioma/1526.jpg,test,meningioma,256,256,JPEG
test/meningioma/0271.jpg,test,meningioma,512,512,JPEG
test/meningioma/1043.jpg,test,meningioma,225,225,JPEG
test/meningioma/0595.jpg,test,meningioma,512,512,JPEG
test/meningioma/0571.jpg,test,meningioma,512,512,JPEG
test/meningioma/1640.jpg,test,meningioma,512,512,JPEG
test/meningioma/0863.jpg,test,meningioma,512,512,JPEG
test/meningioma/0260.jpg,test,meningioma,512,512,JPEG
test/meningioma/0637.jpg,test,meningioma,512,512,JPEG
test/meningioma/0948.jpg,test,meningioma,512,512,JPEG
test/meningioma/0360.jpg,test,meningioma,512,512,JPEG
test/meningioma/0642.jpg,test,meningioma,512,512,JPEG
test/meningioma/0585.jpg,test,meningioma,512,512,JPEG
test/meningioma/0731.jpg,test,meningioma,512,512,JPEG
test/meningioma/0853.jpg,test,meningioma,512,512,JPEG
test/meningioma/1071.jpg,test,meningioma,512,512,JPEG
test/meningioma/1596.jpg,test,meningioma,323,342,JPEG
test/meningioma/1049.jpg,test,meningioma,512,512,JPEG
test/meningioma/1081.jpg,test,meningioma,512,512,JPEG
test/meningioma/0313.jpg,test,meningioma,512,512,JPEG
test/meningioma/1423.jpg,test,meningioma,512,512,JPEG
test/meningioma/1217.jpg,test,meningioma,512,512,JPEG
test/meningioma/1384.jpg,test,meningioma,318,354,JPEG
test/meningioma/1023.jpg,test,meningioma,512,512,JPEG
test/meningioma/0208.jpg,test,meningioma,512,512,JPEG
test/meningioma/0621.jpg,test,meningioma,512,512,JPEG
test/meningioma/0539.jpg,test,meningioma,512,512,JPEG
test/meningioma/0413.jpg,test,meningioma,512,512,JPEG
test/meningioma/1509.jpg,test,meningioma,512,512,JPEG
test/meningioma/1595.jpg,test,meningioma,512,512,JPEG
test/meningioma/0240.jpg,test,meningioma,512,512,JPEG
test/meningioma/0802.jpg,test,meningioma,512,512,JPEG
test/meningioma/0032.jpg,test,meningioma,512,512,JPEG
test/meningioma/1093.jpg,test,meningioma,512,512,JPEG
test/meningioma/1077.jpg,test,meningioma,512,512,JPEG
test/meningioma/1179.jpg,test,meningioma,512,512,JPEG
test/meningioma/0499.jpg,test,meningioma,722,690,JPEG
test/meningioma/1619.jpg,test,meningioma,512,512,JPEG
test/meningioma/1516.jpg,test,meningioma,512,512,JPEG
test/meningioma/0525.jpg,test,meningioma,512,512,JPEG
test/meningioma/0265.jpg,test,meningioma,512,512,JPEG
test/meningioma/1110.jpg,test,meningioma,512,512,JPEG
test/meningioma/0689.jpg,test,meningioma,512,512,JPEG
test/meningioma/0673.jpg,test,meningioma,512,512,JPEG
test/meningioma/0509.jpg,test,meningioma,512,512,JPEG
test/meningioma/1322.jpg,test,meningioma,512,512,JPEG
test/meningioma/0647.jpg,test,meningioma,206,245,JPEG
test/meningioma/1076.jpg,test,meningioma,512,512,JPEG
test/meningioma/0330.jpg,test,meningioma,512,512,JPEG
test/meningioma/0885.jpg,test,meningioma,512,512,JPEG
test/meningioma/0315.jpg,test,meningioma,512,512,JPEG
test/meningioma/0385.jpg,test,meningioma,512,512,JPEG
test/meningioma/1191.jpg,test,meningioma,512,512,JPEG
test/meningioma/1501.jpg,test,meningioma,540,568,JPEG
test/meningioma/0726.jpg,test,meningioma,512,512,JPEG
test/meningioma/0961.jpg,test,meningioma,512,512,JPEG
test/meningioma/0938.jpg,test,meningioma,512,512,JPEG
test/meningioma/0772.jpg,test,meningioma,512,512,JPEG
test/meningioma/0874.jpg,test,meningioma,512,512,JPEG
test/meningioma/0207.jpg,test,meningioma,512,512,JPEG
test/pituitary/0568.jpg,test,pituitary,512,512,JPEG
test/pituitary/1326.jpg,test,pituitary,512,512,JPEG
test/pituitary/1031.jpg,test,pituitary,512,512,JPEG
test/pituitary/0820.jpg,test,pituitary,512,512,JPEG
test/pituitary/1220.jpg,test,pituitary,512,512,JPEG
test/pituitary/1599.jpg,test,pituitary,512,512,JPEG
test/pituitary/0782.jpg,test,pituitary,512,512,JPEG
test/pituitary/1351.jpg,test,pituitary,512,512,JPEG
test/pituitary/0895.jpg,test,pituitary,512,512,JPEG
test/pituitary/1416.jpg,test,pituitary,512,512,JPEG
test/pituitary/0028.jpg,test,pituitary,512,512,JPEG
test/pituitary/1283.jpg,test,pituitary,512,512,JPEG
test/pituitary/1530.jpg,test,pituitary,512,512,JPEG
test/pituitary/0009.jpg,test,pituitary,512,512,JPEG
test/pituitary/1251.jpg,test,pituitary,512,512,JPEG
test/pituitary/1080.jpg,test,pituitary,512,512,JPEG
test/pituitary/1168.jpg,test,pituitary,256,256,JPEG
test/pituitary/0232.jpg,test,pituitary,512,512,JPEG
test/pituitary/0060.jpg,test,pituitary,512,512,JPEG
test/pituitary/1487.jpg,test,pituitary,512,512,JPEG
test/pituitary/1472.jpg,test,pituitary,512,512,JPEG
test/pituitary/1460.jpg,test,pituitary,512,512,JPEG
test/pituitary/1489.jpg,test,pituitary,512,512,JPEG
test/pituitary/0784.jpg,test,pituitary,512,512,JPEG
test/pituitary/1400.jpg,test,pituitary,512,512,JPEG
test/pituitary/1611.jpg,test,pituitary,512,512,JPEG
test/pituitary/0173.jpg,test,pituitary,512,512,JPEG
test/pituitary/0587.jpg,test,pituitary,512,512,JPEG
test/pituitary/0283.jpg,test,pituitary,512,512,JPEG
test/pituitary/1373.jpg,test,pituitary,512,512,JPEG
test/pituitary/0257.jpg,test,pituitary,512,512,JPEG
test/pituitary/0503.jpg,test,pituitary,512,512,JPEG
test/pituitary/0829.jpg,test,pituitary,512,512,JPEG
test/pituitary/0852.jpg,test,pituitary,512,512,JPEG
test/pituitary/0693.jpg,test,pituitary,512,512,JPEG
test/pituitary/0661.jpg,test,pituitary,512,512,JPEG
test/pituitary/0596.jpg,test,pituitary,512,512,JPEG
test/pituitary/0957.jpg,test,pituitary,512,512,JPEG
test/pituitary/0606.jpg,test,pituitary,512,512,JPEG
test/pituitary/1361.jpg,test,pituitary,512,512,JPEG
test/pituitary/0535.jpg,test,pituitary,512,512,JPEG
test/pituitary/0882.jpg,test,pituitary,512,512,JPEG
test/pituitary/1290.jpg,test,pituitary,512,512,JPEG
test/pituitary/0422.jpg,test,pituitary,512,512,JPEG
test/pituitary/1665.jpg,test,pituitary,512,512,JPEG
test/pituitary/0562.jpg,test,pituitary,685,681,JPEG
test/pituitary/0001.jpg,test,pituitary,512,512,JPEG
test/pituitary/1736.jpg,test,pituitary,512,512,JPEG
test/pituitary/1340.jpg,test,pituitary,512,512,JPEG
test/pituitary/1529.jpg,test,pituitary,512,512,JPEG
test/pituitary/1218.jpg,test,pituitary,512,512,JPEG
test/pituitary/0699.jpg,test,pituitary,512,512,JPEG
test/pituitary/1129.jpg,test,pituitary,512,512,JPEG
test/pituitary/0747.jpg,test,pituitary,512,512,JPEG
test/pituitary/0025.jpg,test,pituitary,512,512,JPEG
test/pituitary/1681.jpg,test,pituitary,512,512,JPEG
test/pituitary/0350.jpg,test,pituitary,512,512,JPEG
test/pituitary/0139.jpg,test,pituitary,512,512,JPEG
test/pituitary/1498.jpg,test,pituitary,512,512,JPEG
test/pituitary/0056.jpg,test,pituitary,512,512,JPEG
test/pituitary/1307.jpg,test,pituitary,512,512,JPEG
test/pituitary/1154.jpg,test,pituitary,512,512,JPEG
test/pituitary/0674.jpg,test,pituitary,512,512,JPEG
test/pituitary/1221.jpg,test,pituitary,512,512,JPEG
test/pituitary/1161.jpg,test,pituitary,512,512,JPEG
test/pituitary/0541.jpg,test,pituitary,512,512,JPEG
test/pituitary/1232.jpg,test,pituitary,256,256,JPEG
test/pituitary/0980.jpg,test,pituitary,512,512,JPEG
test/pituitary/1666.jpg,test,pituitary,512,512,JPEG
test/pituitary/1017.jpg,test,pituitary,512,512,JPEG
test/pituitary/0749.jpg,test,pituitary,512,512,JPEG
test/pituitary/1639.jpg,test,pituitary,512,512,JPEG
test/pituitary/1577.jpg,test,pituitary,512,512,JPEG
test/pituitary/0641.jpg,test,pituitary,512,512,JPEG
test/pituitary/0040.jpg,test,pituitary,512,512,JPEG
test/pituitary/1289.jpg,test,pituitary,512,512,JPEG
test/pituitary/1376.jpg,test,pituitary,512,512,JPEG
test/pituitary/0222.jpg,test,pituitary,512,512,JPEG
test/pituitary/0906.jpg,test,pituitary,512,512,JPEG
test/pituitary/0818.jpg,test,pituitary,512,512,JPEG
test/pituitary/1414.jpg,test,pituitary,512,512,JPEG
test/pituitary/0047.jpg,test,pituitary,512,512,JPEG
test/pituitary/0492.jpg,test,pituitary,512,512,JPEG
test/pituitary/0729.jpg,test,pituitary,512,512,JPEG
test/pituitary/1380.jpg,test,pituitary,256,256,JPEG
test/pituitary/1550.jpg,test,pituitary,512,512,JPEG
test/pituitary/0206.jpg,test,pituitary,512,512,JPEG
test/pituitary/0511.jpg,test,pituitary,512,512,JPEG
test/pituitary/0950.jpg,test,pituitary,512,512,JPEG
test/pituitary/1276.jpg,test,pituitary,512,512,JPEG
test/pituitary/0079.jpg,test,pituitary,512,512,JPEG
test/pituitary/1315.jpg,test,pituitary,512,512,JPEG
test/pituitary/0555.jpg,test,pituitary,512,512,JPEG
test/pituitary/0801.jpg,test,pituitary,512,512,JPEG
test/pituitary/1574.jpg,test,pituitary,512,512,JPEG
test/pituitary/1564.jpg,test,pituitary,512,512,JPEG
test/pituitary/0381.jpg,test,pituitary,512,512,JPEG
test/pituitary/0556.jpg,test,pituitary,512,512,JPEG
test/pituitary/1568.jpg,test,pituitary,512,512,JPEG
test/pituitary/0937.jpg,test,pituitary,512,512,JPEG
test/pituitary/0293.jpg,test,pituitary,512,512,JPEG
test/pituitary/0922.jpg,test,pituitary,512,512,JPEG
test/pituitary/1118.jpg,test,pituitary,512,512,JPEG
test/pituitary/0712.jpg,test,pituitary,512,512,JPEG
test/pituitary/1691.jpg,test,pituitary,512,512,JPEG
test/pituitary/0441.jpg,test,pituitary,512,512,JPEG
test/pituitary/1630.jpg,test,pituitary,512,512,JPEG
test/pituitary/0447.jpg,test,pituitary,512,512,JPEG
test/pituitary/1375.jpg,test,pituitary,512,512,JPEG
test/pituitary/1321.jpg,test,pituitary,512,512,JPEG
test/pituitary/0285.jpg,test,pituitary,512,512,JPEG
test/pituitary/1585.jpg,test,pituitary,512,512,JPEG
test/pituitary/0504.jpg,test,pituitary,512,512,JPEG
test/pituitary/1471.jpg,test,pituitary,512,512,JPEG
test/pituitary/0595.jpg,test,pituitary,512,512,JPEG
test/pituitary/1272.jpg,test,pituitary,512,512,JPEG
test/pituitary/0972.jpg,test,pituitary,512,512,JPEG
test/pituitary/0760.jpg,test,pituitary,512,512,JPEG
test/pituitary/1002.jpg,test,pituitary,512,512,JPEG
test/pituitary/0688.jpg,test,pituitary,512,512,JPEG
test/pituitary/0417.jpg,test,pituitary,512,512,JPEG
test/pituitary/0854.jpg,test,pituitary,512,512,JPEG
test/pituitary/0827.jpg,test,pituitary,512,512,JPEG
test/pituitary/0481.jpg,test,pituitary,512,512,JPEG
test/pituitary/1398.jpg,test,pituitary,512,512,JPEG
test/pituitary/0349.jpg,test,pituitary,512,512,JPEG
test/pituitary/1604.jpg,test,pituitary,512,512,JPEG
test/pituitary/1513.jpg,test,pituitary,512,512,JPEG
test/pituitary/1698.jpg,test,pituitary,512,512,JPEG
test/pituitary/1308.jpg,test,pituitary,512,512,JPEG
test/pituitary/0953.jpg,test,pituitary,512,512,JPEG
test/pituitary/0538.jpg,test,pituitary,512,512,JPEG
test/pituitary/1657.jpg,test,pituitary,512,512,JPEG
test/pituitary/0853.jpg,test,pituitary,512,512,JPEG
test/pituitary/0792.jpg,test,pituitary,512,512,JPEG
test/pituitary/0683.jpg,test,pituitary,512,512,JPEG
test/pituitary/0109.jpg,test,pituitary,512,512,JPEG
test/pituitary/1256.jpg,test,pituitary,512,512,JPEG
test/pituitary/1185.jpg,test,pituitary,512,512,JPEG
test/pituitary/1037.jpg,test,pituitary,512,512,JPEG
test/pituitary/0490.jpg,test,pituitary,512,512,JPEG
test/pituitary/1333.jpg,test,pituitary,512,512,JPEG
test/pituitary/0135.jpg,test,pituitary,512,512,JPEG
test/pituitary/1230.jpg,test,pituitary,512,512,JPEG
test/pituitary/0898.jpg,test,pituitary,512,512,JPEG
test/pituitary/1280.jpg,test,pituitary,512,512,JPEG
test/pituitary/0246.jpg,test,pituitary,512,512,JPEG
test/pituitary/0516.jpg,test,pituitary,512,512,JPEG
test/pituitary/0340.jpg,test,pituitary,512,512,JPEG
test/pituitary/0378.jpg,test,pituitary,512,512,JPEG
test/pituitary/0421.jpg,test,pituitary,512,512,JPEG
test/pituitary/0517.jpg,test,pituitary,512,512,JPEG
test/pituitary/0597.jpg,test,pituitary,512,512,JPEG
test/pituitary/0883.jpg,test,pituitary,512,512,JPEG
test/pituitary/1337.jpg,test,pituitary,512,512,JPEG
test/pituitary/0991.jpg,test,pituitary,512,512,JPEG
test/pituitary/0348.jpg,test,pituitary,512,512,JPEG
test/pituitary/0478.jpg,test,pituitary,512,512,JPEG
test/pituitary/1322.jpg,test,pituitary,512,512,JPEG
test/pituitary/1325.jpg,test,pituitary,512,512,JPEG
test/pituitary/0346.jpg,test,pituitary,512,512,JPEG
test/pituitary/0840.jpg,test,pituitary,512,512,JPEG
test/pituitary/1589.jpg,test,pituitary,512,512,JPEG
test/pituitary/1348.jpg,test,pituitary,512,512,JPEG
test/pituitary/1060.jpg,test,pituitary,512,512,JPEG
test/pituitary/1026.jpg,test,pituitary,512,512,JPEG
test/pituitary/0052.jpg,test,pituitary,512,512,JPEG
test/pituitary/0100.jpg,test,pituitary,512,512,JPEG
test/pituitary/0123.jpg,test,pituitary,512,512,JPEG
test/pituitary/1353.jpg,test,pituitary,512,512,JPEG
test/pituitary/0055.jpg,test,pituitary,512,512,JPEG
test/pituitary/1692.jpg,test,pituitary,512,512,JPEG
test/pituitary/0774.jpg,test,pituitary,512,512,JPEG
test/pituitary/1379.jpg,test,pituitary,512,512,JPEG
test/pituitary/0874.jpg,test,pituitary,512,512,JPEG
test/pituitary/1166.jpg,test,pituitary,512,512,JPEG
